protein,degree,eigenvector,katz,page rank,betweenness,subgraph,closeness
Q0010,7.0,2.747282898330841e-07,0.004663801496383147,0.00014924991595490367,0.0,9.20887628958522e+80,0.1904827633803789
Q0297,7.0,2.747282898330841e-07,0.004663801496383147,0.00014924991595490367,0.0,9.208876281625526e+80,0.1904827633803789
Q0032,7.0,2.747282898330841e-07,0.004663801496383147,0.00014924991595490367,0.0,9.20887628724613e+80,0.1904827633803789
Q0143,7.0,2.747282898330841e-07,0.004663801496383147,0.00014924991595490367,0.0,9.208876284515266e+80,0.1904827633803789
Q0182,7.0,2.747282898330841e-07,0.004663801496383147,0.00014924991595490367,0.0,9.208875953557869e+80,0.1904827633803789
Q0142,7.0,2.747282898330841e-07,0.004663801496383147,0.00014924991595490367,0.0,9.208876667533386e+80,0.1904827633803789
Q0017,7.0,2.747282898330841e-07,0.004663801496383147,0.00014924991595490367,0.0,9.208876278937332e+80,0.1904827633803789
Q0092,14.0,5.788971487667932e-05,0.004848536401397216,0.000206300538334629,0.0025670323873797506,4.085921748796935e+85,0.2352339555100997
Q0045,58.0,0.00029901158145057287,0.006044484723497103,0.0003989871838830118,0.0010628085064310095,1.0889596735066779e+87,0.27170702894270526
YNR018W,24.0,3.698014110604357e-05,0.005116036402354979,0.00016612467195434936,1.883754769240129e-05,1.6650422125639774e+85,0.23890932698550096
YGL226W,25.0,0.00015337699053765086,0.005246560811261872,0.0001593875727189925,3.6367195382756976e-06,2.8633327060988294e+86,0.26035279690595226
YDR119W-A,24.0,3.902706824800286e-05,0.005121516348069306,0.00015868457260637247,5.400995522425e-07,1.8544910001805903e+85,0.23890932698550096
Q0075,27.0,0.0001745552858675553,0.005268284799378668,0.00020691757771684326,0.0005710606990150445,3.709806791029261e+86,0.25606531521083636
Q0105,61.0,0.00028650862104516293,0.006128703952934386,0.00040391925100065074,0.0030302190223814407,9.997895961096111e+86,0.2859510982179859
Q0065,36.0,0.0001442239144185914,0.005472563733177596,0.00023319927941110635,0.00011114606498137698,2.53150709330334e+86,0.2639001768896113
YMR014W,137.0,0.014364228859473334,0.01857796699189442,0.0005016967437911376,0.00980322248333394,2.5113501366731535e+90,0.3030802174271125
YIL157C,6.0,1.7538461396873997e-06,0.004651863648046635,8.153117905439977e-05,3.759526135810974e-06,3.7448825388284546e+82,0.21878715814506539
Q0115,36.0,0.00018474218963356477,0.005504335518830954,0.0002566567948740431,0.0010619179757958422,4.1550735880509545e+86,0.2737416315397967
Q0055,15.0,4.163929393301291e-05,0.00489663820492201,0.0001170144265232711,1.3621101751561021e-05,2.112253961798898e+85,0.24464831804281345
YGR222W,11.0,1.1411232819954066e-05,0.004761835198582659,0.00013970500544966766,7.51137622348113e-05,1.5869179628148651e+84,0.2294168987157641
YHR001W-A,30.0,0.0001535131845614329,0.005338548265747936,0.00019265830373397074,2.5585121872992428e-05,2.8699411431141453e+86,0.2576549663928305
YPR191W,64.0,0.0005720980445255896,0.006429885743322532,0.0003876478569415274,0.0011949210587872802,3.986693498073168e+87,0.28393601152204107
YJL166W,58.0,0.00047090502058715777,0.006211550525835485,0.00035393352696553725,0.00030591577251222186,2.7008137167317594e+87,0.2784363177805801
Q0060,12.0,1.1188664710714873e-05,0.004805324437500775,9.923305744273566e-05,4.466610436028341e-06,1.5236813472633323e+84,0.2391577487977124
YLR067C,17.0,6.323230895625884e-05,0.004918060877350537,0.00020636816976184031,0.0012514650279927175,4.8736911375755914e+85,0.2427013717903623
YML030W,14.0,2.1694666824144875e-05,0.004875394678235776,0.00011156827903960329,1.222959342903054e-05,5.730515636596488e+84,0.23557528166609765
YDR194C,12.0,0.00024502264174682556,0.004974313881066151,9.668970793753049e-05,0.00028156713888348087,7.307351967843158e+86,0.26183474053695094
Q0050,15.0,4.169124693578357e-05,0.004897734005250932,0.00011614593229288136,6.4182873268003555e-06,2.1176593297338115e+85,0.24692462536345336
YDL067C,24.0,4.042218457837659e-05,0.005122765337706651,0.00015762296782069083,2.8475546285377395e-06,1.9895451762648597e+85,0.23895069477511796
Q0255,13.0,8.836606190222883e-05,0.004882561619958717,0.00015633338120780922,0.001088048074081026,9.518712257432933e+85,0.24843602322336739
Q0160,22.0,0.00025646963754771834,0.005239181515933934,0.00015336380865888543,0.001493428953035998,8.015214573412897e+86,0.2800324675324675
YOR065W,87.0,0.0007352096133744273,0.007036770372484661,0.0005735002785967213,0.004040119448003701,6.584637915632551e+87,0.2913543755937929
Q0080,25.0,0.00037789338968422946,0.005366226347036977,0.00019109177177166036,0.0007631175606172123,1.7404516926034075e+87,0.25785957864250014
YML129C,10.0,1.01022944193257e-05,0.00475574174918817,0.00010695809040575538,4.1719930588533246e-05,1.2427278821519525e+84,0.23026864675454697
YEL039C,56.0,0.00024427472151594465,0.00597831862185161,0.0004289263335759707,0.004485752595295416,7.270691880418262e+86,0.2949663353638987
Q0250,69.0,0.0002749582495550986,0.0062782748554451925,0.0004728096253584684,0.0024812593283291373,9.207835643570012e+86,0.2830188679245283
YMR256C,23.0,3.892731339921562e-05,0.005101346049259424,0.00015190815119122116,2.9840620054663246e-09,1.8450298336727406e+85,0.2388989872760322
Q0275,60.0,0.0002692883334270975,0.006084751256613411,0.00039292599283151006,0.0012553215048326568,8.831842462330757e+86,0.27819776232234655
YGL191W,48.0,0.0003669170562565478,0.005919969115843601,0.0002866760229082671,0.0003430953647124507,1.6397951280353583e+87,0.2737416315397967
YEL024W,76.0,0.0004883064478068849,0.006604681875881501,0.0004931352450552846,0.0024263233732862697,2.9044974234197675e+87,0.2868724664795759
YMR244C-A,40.0,0.00016105165300244785,0.005557733194247498,0.00029199234681378714,0.0007987686007491653,3.157203011500953e+86,0.2660369174418044
YBL045C,69.0,0.0006184276224996623,0.006551932055100331,0.0004387094913351689,0.0015082496596244184,4.658958887445165e+87,0.2829028290282903
YLR395C,47.0,0.0003531672369464305,0.005887020714520199,0.0002795768855400919,0.00011946624716017495,1.519151654273496e+87,0.2732402732402732
YBL099W,158.0,0.021330818614246332,0.02396631088991532,0.0006386155161483972,0.008569190305042145,5.543978505979833e+90,0.3156089193825043
Q0120,41.0,0.00026315143385178245,0.00566742461268797,0.0003065665382196364,0.006342965944066578,8.434448994655604e+86,0.2768721472638812
Q0070,34.0,0.00014300707510265303,0.005431320940036336,0.0002195358014939524,4.7247834162355275e-05,2.4889421814841726e+86,0.26159897635183166
YGL187C,66.0,0.0004664754735162793,0.006393370222273195,0.00039966263905218173,0.0007509408955983183,2.650617483107116e+87,0.2803453529710513
Q0110,34.0,0.00022866603008741518,0.005488195355181209,0.00024073408498438833,0.001040124911727778,6.367981257478726e+86,0.2748319641523525
YIL111W,41.0,0.0006648699480924135,0.005985851528752474,0.00024176294834943673,0.00033917459627007095,5.385562173038563e+87,0.275243081525804
Q0140,86.0,0.010897209073373727,0.014549343263118943,0.00023354750080137356,0.0009287383768265657,1.4473337752425985e+90,0.2736330739106727
YHR051W,62.0,0.00046166056906601357,0.006291276528199875,0.00038706773260375506,0.0004160237214279485,2.5961438962527806e+87,0.27812767672696126
YJL062W-A,6.0,4.593428803618093e-06,0.0046598158047275445,7.55181534443725e-05,1.558327192746644e-06,2.569373994718001e+83,0.22604422604422605
YPL132W,22.0,5.4211732375141415e-05,0.005042284390128805,0.0001889560502414932,0.00045425447284945183,3.582368469135521e+85,0.25483588015327086
YER141W,26.0,2.8615530605082705e-05,0.005131350654965004,0.0002114475408463635,0.0005153758942801119,9.966863912039983e+84,0.2603650771190038
Q0085,72.0,0.005614915709184019,0.01030339065670334,0.00038424765304835736,0.003538992072217504,3.8417824280770307e+89,0.2969977402345852
YJR048W,58.0,0.00045601037440911815,0.006191444628325068,0.0003976747765199784,0.00475989436929788,2.533442328759519e+87,0.303981496778457
YDL044C,8.0,1.4454769784690275e-05,0.004708984911543165,0.00010031255702621234,0.000401941939493591,2.544964168489554e+84,0.2507267441860465
YPL172C,25.0,4.1332063184160307e-05,0.005105004224223479,0.00021535523960412314,0.000358280032124962,2.081250997535525e+85,0.25451862781261525
YDR529C,62.0,0.0005683441514424301,0.006371003075472095,0.0003768330838241792,0.0005187313449208813,3.934509152410307e+87,0.28053056868425064
YFR033C,31.0,0.00015410054218858025,0.00536199532445127,0.0001995415627718732,2.944759995790982e-05,2.891946585494219e+86,0.2574746956481179
YGR183C,60.0,0.0003935338645037041,0.0061811308943610635,0.0003872518017498719,0.004873281062736913,1.8860106509036657e+87,0.27762410099079615
YNL052W,45.0,0.00044855925892380797,0.005920702347792493,0.0002709750189222342,0.00014253454267495674,2.4509582616320594e+87,0.2747088683189012
YIR021W,7.0,2.230377948504894e-05,0.004695423386797331,8.221780945696373e-05,0.00010253125267202578,6.058038871768001e+84,0.24419376244193763
YLR203C,14.0,3.487162852227207e-05,0.004856384495804809,0.00014107371554928258,0.0004208195878288546,1.4818814844316752e+85,0.24891774891774893
YLR038C,45.0,0.0002692948713944589,0.005771171425783777,0.00028345345862733167,0.0004222623390806004,8.831325124691061e+86,0.27239082161361955
YGR112W,21.0,3.0794637688059316e-05,0.0050115377115636855,0.00019192646158898077,0.00039424906246055127,1.1553702314731748e+85,0.24994340049807562
Q0130,62.0,0.0008396221049422334,0.006528743655508697,0.0004252208006776075,0.0027549089338958855,8.590208559317724e+87,0.29310253278819093
YNL310C,9.0,8.372584191879557e-06,0.004729679201117054,8.188827281465348e-05,2.485587620046043e-05,8.542123638237612e+83,0.24171300958970093
YPL029W,23.0,0.0011147579104680146,0.005851657849785972,0.00013912770836084734,0.000554086971055058,1.512031436671669e+88,0.2561247216035635
YPR134W,4.0,6.111062816921301e-06,0.004612893492691149,5.969149236670559e-05,1.8313636359626246e-06,4.5384641334124917e+83,0.21598779199436555
YOR350C,2.0,8.587668410985702e-07,0.004569077236761365,4.4544406907796844e-05,0.0,8.972235072835251e+81,0.2046870364876891
YPL005W,13.0,0.0002507401036556695,0.0049751077468426505,0.00015856557476880012,0.0007269206134993203,7.662940998114365e+86,0.24915368991198375
YPL078C,39.0,0.00037362955358126134,0.005698295602146627,0.0002379407417719388,0.00011667079310227422,1.7011451283157466e+87,0.2641780330222541
YDL004W,57.0,0.0012510365743389515,0.006755913761155663,0.0003251961913587813,0.0004434203854523881,1.907134102381703e+88,0.2820787980990342
YLR295C,19.0,0.00032672029208262275,0.005203588807967255,0.0001260803742860103,2.3636099788931155e-05,1.3008948545629377e+87,0.2516755573792915
YLR393W,10.0,0.0001283986966909493,0.00483354273163629,0.00011674257951096697,0.00027212003350788493,2.009280827019454e+86,0.2447785020619928
YML081C-A,18.0,0.0003253939885933112,0.005177290287346419,0.0001202015635159985,1.825214134145014e-05,1.2903694359998233e+87,0.25312972898610536
YPR155C,8.0,7.835324426260916e-06,0.004692053476282142,0.0001452823443432283,0.000607739390919373,7.48566232338938e+83,0.22280524722502523
YDR298C,131.0,0.020510281233551683,0.022753686541374867,0.0004743344215454535,0.0047516214633906454,5.125794917317465e+90,0.3106009453072249
YBR039W,122.0,0.014277424148833633,0.017935696925460244,0.0005156473455129724,0.003978283688004532,2.483739807515347e+90,0.3090532444991882
YDR377W,21.0,0.00033443426751687334,0.005260327822647682,0.00013523074667373068,2.9259652299179254e-06,1.3630380046583912e+87,0.2518592873112196
YJR121W,83.0,0.0028165380065226175,0.008506981133668,0.0004833008658737907,0.004984810536066376,9.666164618555521e+88,0.30976430976430974
YOL077W-A,17.0,0.00032320091819161133,0.005151774297860108,0.00013268380289146366,0.00038493696277441797,1.273035510262777e+87,0.2504764497685815
YKL016C,45.0,0.0006080037474311705,0.006014789555763674,0.00025943777171273484,0.00033525780661028203,4.503574108487427e+87,0.27624862376138526
YDR322C-A,19.0,0.00032515654198030656,0.005198897055928197,0.0001325144969262621,9.86546269181712e-05,1.2884785388993842e+87,0.25191675794085433
YPL271W,32.0,0.00035052439794167024,0.00549940608059568,0.00020530629238905073,5.7484389975170524e-05,1.4973645402871855e+87,0.2565294172320848
YDR350C,10.0,3.0477262194907543e-05,0.004751708568563491,0.00013996759561029964,0.00012022043126611106,1.1322456743875215e+85,0.23241126689402553
YJL180C,15.0,0.00014134860006939648,0.004960398737314155,0.0001330029360508727,0.00036284700139451375,2.43489494473904e+86,0.2608695652173913
YER154W,52.0,0.0038465765978786272,0.008536672052148957,0.00030219688136752553,0.003563284873667948,1.8033032291058352e+89,0.29002259233962063
YPL183W-A,177.0,0.03540805687373679,0.03478639507845578,0.0003583679753946408,0.0004899693599857293,1.5277224515541863e+91,0.3076923076923077
YHR026W,34.0,0.00033886892134907845,0.005521047692520501,0.00022812784038546224,0.0002985507685180905,1.3994586332717331e+87,0.2632206380239378
YNR036C,292.0,0.06440832733744802,0.0588073878576099,0.0005388249787882065,0.001678632139842948,5.054289142502076e+91,0.3214160940957261
YLR378C,202.0,0.043395679345694424,0.041124613180706156,0.0006139516493423585,0.011349583047847434,2.2946055986688018e+91,0.3143149982917663
YDR237W,256.0,0.060763813260243736,0.05519628711152545,0.0004652844589167994,0.0008450430045444195,4.498894513063291e+91,0.317259612621415
YBR011C,22.0,0.0006434443780275047,0.005491796024467821,0.00018043620233140016,0.0010727019781732636,5.045535397209278e+87,0.2793239550652768
YLR447C,25.0,0.00014499008405545818,0.005174032995987099,0.000181487927552873,0.00010120102136261932,2.56209368174962e+86,0.25477707006369427
YNR020C,18.0,0.00010441903527255897,0.004975917704196432,0.00018565111775375862,0.00039095146409283003,1.3293740520917193e+86,0.24536604880650753
YMR267W,16.0,0.00031790130382212164,0.005124301882660215,0.00012545700806711765,0.00016985228213148488,1.2316369281041733e+87,0.26047565118912797
YPR020W,33.0,0.0003607846289388679,0.005554401429109124,0.0002024805011947546,0.00010817025824077181,1.5861977754871716e+87,0.25921577835172577
YDL061C,258.0,0.06374702637497699,0.057407398217218346,0.00046478404969157956,0.00045691727869422237,4.951407268267496e+91,0.31935203934046863
YLL041C,69.0,0.00043130497051878283,0.006438582347614289,0.0004457820934997461,0.0023275346405986553,2.2659889318963813e+87,0.28380462724935734
YPL131W,345.0,0.07337678805420547,0.06639366174046316,0.0006840051414705215,0.0034786403513448146,6.559871466541893e+91,0.334484639156517
YMR158W,264.0,0.06242799106251719,0.05660939457760983,0.0005010742310371984,0.0010288392093462696,4.748671571947606e+91,0.31669535283993117
YPL234C,35.0,0.00034272646526113627,0.005548058160336474,0.00023399210412046665,0.0003082781495500581,1.4315019350485836e+87,0.2636858698767555
YNL178W,412.0,0.07797917449227652,0.07148419090336536,0.0009216341939887135,0.015462263265985163,7.407710186757067e+91,0.3469079939668175
YJL190C,326.0,0.07341613292018485,0.06623272181544998,0.0005852475489422985,0.0011140303618449908,6.566153106220579e+91,0.32612548741581
YMR054W,25.0,0.00014499856040877065,0.0051737921303770485,0.0001832056764392009,8.928428895195846e-05,2.562392819302993e+86,0.2554491184228794
YBR283C,122.0,0.03209132828526832,0.03111872485093206,0.00026581919107936857,0.0005210884416505145,1.2548430932621928e+91,0.2956456536875368
YMR176W,24.0,0.0008238812810771915,0.005704203609622069,0.00016317512008849917,0.0006335492221398436,8.27050592290323e+87,0.28696194635059263
YOR063W,376.0,0.07628228954642247,0.06930164717460072,0.0007462754496014301,0.006739153694773209,7.089525851425078e+91,0.3391913481627135
YGR220C,308.0,0.06499165798785646,0.05941981048802487,0.0006264858431536004,0.00358313683417179,5.1467148679275345e+91,0.32808320950965825
YLR388W,290.0,0.06799894331405268,0.06121434544046991,0.0005288570764456312,0.0009133206656576312,5.633830622556275e+91,0.3250117757889779
YJR119C,29.0,0.0008665197928845008,0.005867249972209303,0.00017221276148746974,0.0006792949561910799,9.148484430250582e+87,0.28667878473123865
YLR367W,286.0,0.06850102588209306,0.061780927125439145,0.0005018409930968452,0.0005692942522096329,5.7163926170350564e+91,0.32104222403163896
YEL050C,269.0,0.06073847046802403,0.05548496704451404,0.000520751450042659,0.002876751581959974,4.495151183592359e+91,0.32505005299729123
YHR038W,129.0,0.03139816777722472,0.030751514925801207,0.00025095792087038814,8.703558320766339e-05,1.2012619739142924e+91,0.2959309494451295
YEL027W,36.0,0.0003442628970730598,0.005569820988497551,0.00023949983061304138,0.0003157566508484717,1.4443670269866485e+87,0.26369846653609136
YOR270C,38.0,0.00015700477669241403,0.0054570175319280795,0.0002879656996417348,0.0026019065346332246,3.0042936590775e+86,0.2753391859537111
YPR166C,254.0,0.059328588442277334,0.054096064954641865,0.00046407170485530453,0.0006121760353656184,4.2888972821477015e+91,0.3150505108155927
YPL013C,183.0,0.035538965542199326,0.035006026896070526,0.0003834862381311109,0.00073469192711412,1.5390393025835565e+91,0.3088803088803089
YOL127W,372.0,0.07547471276917529,0.0686019217922396,0.0007562298376714649,0.005389546228531515,6.94009710025518e+91,0.33769729597455034
YKL011C,4.0,5.2971887200466527e-05,0.004648247612659576,5.896162828271882e-05,1.6336415893042794e-05,3.4215690455902304e+85,0.21908239403079854
YDR263C,19.0,6.362167495939571e-05,0.0050363892993973225,0.00013447927318544975,0.000774834641146771,4.931402446295006e+85,0.25937411897378065
YDR296W,80.0,0.011361882480137106,0.01473948656882188,0.00021565131748537566,0.001793053608769301,1.5733894272901242e+90,0.2689141131193063
YMR072W,10.0,5.6730732790884234e-05,0.004776456686518077,0.0001057352571016885,0.0003915093171588487,3.923693439684736e+85,0.24841366275145133
YFL036W,12.0,0.0002822519433507476,0.004987109545191934,0.00012550512884441478,0.0005207373997651603,9.696145491288562e+86,0.2521238695533023
YAL015C,14.0,0.0003464498435395347,0.005098663249118209,0.00010112274381357262,0.00074837019468452,1.4621541471489168e+87,0.2709867452135493
YMR003W,13.0,8.48658054264236e-05,0.004903588051387887,0.00010614139648710346,0.00015829331777950545,8.759470369735792e+85,0.2473450732625353
YFL038C,92.0,2.25564260529421e-05,0.00647222509716553,0.0010142240391955502,0.032298910786232995,6.197766350479674e+84,0.29032767054120867
YGR174C,16.0,0.0001300052483094657,0.004986474550641899,0.0001485198869824508,0.00032275466505650435,2.0583634535430528e+86,0.25408515535097814
YKL192C,116.0,0.009378944338065466,0.01409193436115317,0.000577950160153972,0.014471103955398704,1.0719447755190294e+90,0.31488876212207645
YLR163C,34.0,0.00033926707834131377,0.0055895546659690725,0.00021533317873144857,0.00018904050813062364,1.4019116168542911e+87,0.2688355330443676
YER048W-A,40.0,6.272404489471656e-05,0.005419296769602279,0.0004088605811378151,0.004864319864622311,4.794611757886907e+85,0.2785206115343862
YHR024C,38.0,0.00016312621211360788,0.00553041213442851,0.00026072445809679405,0.0007618361929730902,3.239206476687709e+86,0.2714531595770838
YML043C,64.0,0.0012575941238683129,0.006972537155360573,0.0003504953674163549,0.002824618067023841,1.9259363208439978e+88,0.2891717743202892
YKL148C,54.0,0.0003423404242351602,0.006079875397162061,0.000327099225270906,0.003157661974965245,1.4268404831819617e+87,0.2871261378413524
YDL069C,7.0,3.3283251264790677e-06,0.004675683028123509,0.00011612468295276173,0.0003251540470874868,1.3481311786454e+83,0.2248747301095857
YDR197W,10.0,5.0310452754665405e-06,0.004736615093424135,0.00014545996820728655,0.00042627259666824953,3.081239015990224e+83,0.22677786450844253
YPL215W,17.0,0.00023868436959031234,0.005089869782208902,0.0001365158975847875,0.00017165104222712356,6.941228780303577e+86,0.25801626624287183
YGR150C,36.0,0.005197764572918529,0.009189905695558267,0.00014834870588531106,0.0010191779745742772,3.292645056457049e+89,0.2619589977220957
YIL177C,7.0,1.226947184801319e-06,0.004668184006724164,0.0001622504983629191,0.0015240288678449723,1.832632465619709e+82,0.2196490390354542
YLR382C,37.0,0.0007330487121123977,0.005857391595012504,0.00020527359535330914,0.0005509168846260303,6.548638189130186e+87,0.26270702455739575
YJL225C,6.0,1.2208054400525574e-06,0.004648586252464851,0.00014693559677752508,0.0027546204327060664,1.8143495474407212e+82,0.21965777954635893
YIL177W-A,2.0,1.2206586747346743e-06,0.004570346342872457,5.329974547205394e-05,0.0,1.8139157992318297e+82,0.21788040260509178
YBR127C,29.0,0.0003039059669628979,0.005387876699495942,0.0002086388718710519,0.00026521703255892414,1.1255630815771808e+87,0.26415274919844955
YMR098C,9.0,0.0010334799189294101,0.005492296771523714,8.101657228607912e-05,0.0005147306942029569,1.3017628634987196e+88,0.2558753998053122
YMR282C,2.0,3.875599069581034e-06,0.004573499640832605,6.256691410334037e-05,0.00018141034070442733,1.8305461446821254e+83,0.2267312905610778
YHR039C-A,25.0,0.00020427378047966415,0.005226940601583597,0.00019264508811854005,0.00032519008808374033,5.085273554416014e+86,0.25992371803927106
YPR036W,24.0,0.00020422908370809173,0.005207309601850292,0.00019031732707065215,0.00041586047030208384,5.083048496953372e+86,0.25924012586295964
YDL227C,40.0,3.412846825320097e-05,0.005474524561568999,0.0002762662763285522,0.002226166560769273,1.417539888920155e+85,0.2786471479050984
YDL185W,28.0,0.00030383118981847703,0.0053668201554692195,0.00020182166887586074,0.000833578136331059,1.125020688001319e+87,0.2624946502448999
YGR020C,27.0,0.0002985796220651721,0.005342199513370997,0.00018934725135890103,0.00021276894878724046,1.0864587782133965e+87,0.2601564709209162
YKL080W,24.0,0.00020426920151856158,0.005208039226514381,0.00017306810265210211,9.064668359163608e-05,5.085045536300041e+86,0.25987477049103147
YOR332W,27.0,0.00031337621438636736,0.00535334205530671,0.0001923829212658545,0.00020418478949748388,1.1967401253424167e+87,0.26199629787839956
YJL131C,2.0,3.875758646283801e-06,0.004573505763812723,5.894898571482784e-05,6.44113235980201e-05,1.830696447591824e+83,0.22737570540017302
YLR178C,63.0,0.007373978685343451,0.011392665292550301,0.0003111672394048388,0.004950912162287228,6.627258303849539e+89,0.2901750512537455
YEL051W,25.0,0.00019509441755966026,0.005217023953435782,0.000179429428201786,0.00014182380135910807,4.63847503261811e+86,0.26095589278116577
YOL009C,28.0,9.979387550504933e-05,0.005191149821223564,0.0002686523159782053,0.000976349701758674,1.2137258750040913e+86,0.25754677366677553
YJR101W,80.0,0.011235153421875003,0.014653281813820833,0.00018472330810320186,0.0002580531531707703,1.5384972131034547e+90,0.27094684140774555
YNL177C,261.0,0.06045923165002412,0.055086768925665046,0.0004820824221816984,0.0008295147284179224,4.453927985452736e+91,0.32029708715330163
YBR146W,176.0,0.03517749362695772,0.034567777354681875,0.0003599471921198131,0.0005208015846428905,1.5078896469970265e+91,0.3059188649966748
YBL038W,226.0,0.052361466078837335,0.04833761595073147,0.0004210050709833801,0.0005663338455859339,3.3407566312408354e+91,0.3093303446343514
YDR041W,289.0,0.06381587341212405,0.05813423317620239,0.0005486098789862734,0.0018298075442011762,4.962203880980399e+91,0.32104222403163896
YPL118W,135.0,0.029256154072101203,0.02925433126238581,0.0002682264836582682,0.0002893834599004433,1.0429714506743786e+91,0.29438429950402645
YBR251W,288.0,0.06408192559574846,0.058320443788272176,0.0005526247644726288,0.0021951924340220695,5.003661662749392e+91,0.3219222021344842
YBR122C,76.0,0.011297577085505234,0.014616812444255504,0.00016292722873146063,1.5291881996187088e-06,1.5556390541333644e+90,0.2652698351674756
YDR462W,117.0,0.021314702628252285,0.022969354427706912,0.0002401550273214357,8.952897010815775e-05,5.536611556532098e+90,0.29138513513513514
YKL155C,44.0,0.0054523744988170045,0.009543190680915109,0.0001516311941504898,0.0005208902018521751,3.623187564946562e+89,0.26416539050535986
YHR059W,79.0,0.010865730475190342,0.014355371666678128,0.00020316720216400312,0.0007796413335168886,1.4389856941046647e+90,0.2722699023379698
YJL063C,199.0,0.036589030584698694,0.03616108274601739,0.0004448918481861047,0.001854627227386085,1.6313067807104298e+91,0.3152304265890012
YGR076C,73.0,0.010851557123325866,0.014227028262336345,0.0001631748122208606,2.8292170416743383e-05,1.4352313623943546e+90,0.27017767118594294
YIL093C,79.0,0.011068118847698536,0.014510859847624319,0.0001786462284249834,4.768450292599597e-05,1.4930960387224154e+90,0.27214909037124685
YKR085C,75.0,0.010971459606820057,0.014352967741996073,0.00016149284915571615,9.920631523731944e-07,1.4671275641668902e+90,0.26471011365271185
YNL122C,72.0,0.010903059496267652,0.014239638136767494,0.0001551166507663331,1.3631333947147746e-07,1.4488842260957865e+90,0.26497695852534564
YNL081C,298.0,0.06780869033693623,0.061466732129717476,0.0005286066845048685,0.0008704489007705192,5.601966465389254e+91,0.31685896332013086
YGL129C,139.0,0.024432175274886517,0.025753367624421087,0.00031687958939610007,0.0005460544009184072,7.274366244112283e+90,0.2960420465515392
YPR100W,141.0,0.02443508021297384,0.025807790121652463,0.0003446645528488646,0.0010414336316415063,7.276003769821557e+90,0.29605792437650846
YPL173W,75.0,0.011836459597342181,0.01501332059015544,0.0001632282979991975,1.209767642394747e-05,1.7075230277233147e+90,0.2753666566896139
YHR075C,43.0,0.005327308606206772,0.00944452132056056,0.00014807352234911614,0.000923226670812756,3.458856091483806e+89,0.2737959426615743
YDR405W,126.0,0.02365341749997165,0.024908825613957238,0.000267789375433389,0.00027077650355802104,6.818078547361201e+90,0.29156982886118743
YNR022C,71.0,0.010758809159780216,0.014112414283100663,0.0001534769097814925,0.0,1.4108001226324015e+90,0.26465934698182864
YMR286W,114.0,0.02054770826357819,0.022337502272807258,0.00023500629199769063,8.33391597533427e-05,5.145330156209199e+90,0.28988551622728703
YJL096W,75.0,0.010846063841347502,0.014272568867647942,0.00017202652289908306,0.00019406330600487185,1.4337780467118392e+90,0.27239082161361955
YGR215W,84.0,0.013061101106354526,0.01611139073025577,0.00018004032157086194,1.3611456859398483e-05,2.079117234297925e+90,0.2756691969636436
YDR494W,77.0,0.010836469780437561,0.014291330757007285,0.00019187290079270586,0.0003902638355011195,1.4312443837752272e+90,0.26809130645944634
YER050C,136.0,0.026200889066171955,0.027021698426563254,0.00027664149421604184,0.00035003683363549697,8.36553533876735e+90,0.292651892694306
YCR003W,168.0,0.03472602552788591,0.03407862981998251,0.0003348769668966106,0.0006540879712476784,1.4694376192824097e+91,0.3043502233004356
YCR071C,125.0,0.021126566686436133,0.02299518903806154,0.00030199112775154333,0.0014137587202149682,5.439281612334058e+90,0.2918473088717352
YHL004W,267.0,0.06043097084697491,0.05518058736163453,0.0005092951638123351,0.002326555033338131,4.449781648312817e+91,0.3232985826402718
YDR322W,83.0,0.012885592836824888,0.015965113735298436,0.0001811245458935887,4.161259116265845e-05,2.0236170850616879e+90,0.2761795166858458
YNR037C,110.0,0.02187135076815344,0.02325337275600925,0.00021948758175732898,3.239433400211576e-05,5.829282499400858e+90,0.27812767672696126
YLR312W-A,72.0,0.010759037199436753,0.014131387785979421,0.00017805432062792143,0.00036231884057971015,1.4108599679634938e+90,0.2646720368239356
YNL252C,135.0,0.024863356173390656,0.02599157490656343,0.0002964693409532199,0.00036150521575740514,7.533413936287155e+90,0.294478527607362
YJR113C,325.0,0.07053706434212227,0.06408959835294283,0.0005900247742783648,0.0014169727080370078,6.061785261145842e+91,0.32331751888947463
YKR006C,71.0,0.010758809159780216,0.014112414283100663,0.0001534769097814925,0.0,1.410800122632402e+90,0.26465934698182864
YNL306W,259.0,0.0591170052671371,0.054038671115062116,0.00047968960662891826,0.0007327234331744488,4.258373641399418e+91,0.31485284052019163
YLR204W,37.0,0.005431738049920785,0.00939216713842296,9.549392687532957e-05,1.5362790426088276e-07,3.595825804810583e+89,0.2606724593879864
YNL005C,174.0,0.03513450655950642,0.034506078420600945,0.0003540242158611022,0.0005451775263781178,1.5042145764360952e+91,0.3074695037041163
YHR147C,256.0,0.060557424264119676,0.055066099493276316,0.0004657714998844933,0.0010805991340359171,4.468371875929694e+91,0.3187250996015936
YCR046C,181.0,0.03558507129462589,0.03501123428639205,0.0003917844361459057,0.0027785186323929004,1.5430322250324348e+91,0.3115651634023819
YNL137C,265.0,0.062131056983766565,0.05643895987324955,0.00047574923385356057,0.000698913553814209,4.7034894860888696e+91,0.31290743155149936
YML025C,224.0,0.05232771836805858,0.04825699937024212,0.0004088629264022066,0.000376238482055006,3.3364345257670204e+91,0.30632630410654826
YGR165W,77.0,0.01094319591002104,0.014373283999047944,0.00017259221097799894,1.5354056676124706e-05,1.4595789291169927e+90,0.26744186046511625
YBL090W,79.0,0.0110521154059262,0.014495117138866205,0.00017654295035864315,1.672926430307059e-05,1.4887817390221084e+90,0.267467777885454
YDR337W,313.0,0.06835911870416891,0.06217799936572383,0.0005644399188441687,0.0012780518617668856,5.6932425967019704e+91,0.3184492904119072
YDR115W,113.0,0.020442006708029325,0.02223537996213797,0.00024428618339685746,0.0001840736179004651,5.092520534272151e+90,0.28825065274151435
YOR150W,264.0,0.059413375484472,0.054324521609068956,0.0005069890072103456,0.0013477459568977525,4.3011803472521525e+91,0.31788079470198677
YDL045W-A,83.0,0.011070535450884645,0.014599688527436443,0.00020713484530933272,0.0008073990873778347,1.493748664688582e+90,0.2798762865689804
YDR036C,84.0,0.011279780465631682,0.014777864222295567,0.00022576135797805504,0.0011986028980020549,1.5507383760889908e+90,0.27972027972027974
YKL170W,271.0,0.0635963916410272,0.057607313854603645,0.0004951993530025299,0.0010051956524955773,4.9281162243102966e+91,0.3203156734172808
YMR188C,300.0,0.06546909382678595,0.05977019707826697,0.0005607524968345455,0.00214736180747779,5.222061929260301e+91,0.3207810320781032
YGR084C,76.0,0.010864417171190141,0.014293420572910939,0.00017069847238339783,1.5077707677036923e-05,1.4386379439794855e+90,0.2674289036383896
YMR193W,163.0,0.034376354300395096,0.03371555022334161,0.00033042472296238257,0.0005990469897753735,1.4399897517930807e+91,0.30326337765080763
YNL284C,294.0,0.06406550737251804,0.05843065369235328,0.0005756400102718143,0.0030337462435994105,5.001099296214838e+91,0.3249352484106428
YOR158W,76.0,0.010857396174945879,0.014287254539510241,0.00017636346115264937,0.00020949883586704837,1.436778719638485e+90,0.2666022699830959
YDR175C,119.0,0.021072421399279086,0.022827660638430405,0.0002480012358223546,0.00010125528729523217,5.411463925518307e+90,0.2892475372039405
YBR282W,119.0,0.02187287449258459,0.023433534349908577,0.00024418904460501176,8.962310209454027e-05,5.830297719516257e+90,0.29002259233962063
YMR024W,104.0,0.017044832051689975,0.019521626892051912,0.00022628730208597026,0.0001585981785660172,3.5406582138642337e+90,0.2914928446955695
YLR439W,142.0,0.02413889376290297,0.02560716314406193,0.00033936233417734764,0.0007724723641634593,7.100709382042324e+90,0.29744584545748465
YML009C,173.0,0.034999875822051094,0.03438431499061888,0.0003447077527934858,0.00041454046689544985,1.4927088803141465e+91,0.3067177862977163
YKL138C,72.0,0.010837587898611112,0.014192277709237668,0.0001553699121374574,8.071317538838283e-08,1.4315382482858783e+90,0.2646720368239356
YKL003C,179.0,0.03556486124327676,0.03496440272609724,0.00036888734996409225,0.0018847060270583786,1.5412728900838127e+91,0.31033901163771294
YDR347W,81.0,0.011162771404337425,0.014622167082159285,0.00019942667064607464,0.00035691532643551894,1.5187355113236643e+90,0.2767749699157641
YOR033C,85.0,3.5918632679216374e-05,0.006592893195295526,0.00045941138467169967,0.0009195782028186348,1.563258283075303e+85,0.28823560127408493
YHR164C,61.0,2.251747919361759e-05,0.00603892456789495,0.00033415972952074497,0.0004570135232074861,6.133112753534866e+84,0.27983372199128054
YER095W,132.0,0.00021949446158785703,0.0078121011859325325,0.0007794589799807969,0.009668204181142013,5.863160054780548e+86,0.3105659952739957
YMR190C,113.0,6.099051143266971e-05,0.007229186575806334,0.0006206224855037533,0.0026845130297841855,4.514227650510526e+85,0.29666254635352285
YOR005C,30.0,1.0346663435971411e-05,0.005260324423199704,0.0001861609152214525,9.024029543032767e-05,1.296504369746596e+84,0.26397589785280473
YMR284W,69.0,7.87373439206811e-05,0.006290826366125662,0.0003942133807175729,0.0020556091338669795,7.535273088150434e+85,0.299138351487563
YML032C,120.0,9.673863395848522e-05,0.007428253706778553,0.0006664168889255162,0.003143559596945498,1.1372233352888579e+86,0.2998533326090499
YER087C-B,49.0,0.00897735134091366,0.012250360043690026,0.00022107041230494078,0.0012668801749151821,9.819773954200215e+89,0.2862328234379051
YEL021W,77.0,0.0005763995157245378,0.006742965415088896,0.000563927904913577,0.013532836584017717,4.047831321845317e+87,0.32647267565649396
YOR128C,36.0,0.0003812979612239708,0.0056035758720994,0.00028084693822987206,0.0012888526542017252,1.771542685981422e+87,0.29429013168417123
YIL125W,62.0,0.00016639936661338393,0.0060641245397417155,0.0004235821217041879,0.001976911892176915,3.374011588432931e+86,0.2800608828006088
YNL055C,36.0,0.0001535903564188817,0.00545284812722921,0.0002909090064435093,0.0019029168934730138,2.8747114371367154e+86,0.2832221652129297
YMR257C,9.0,3.2262491950850827e-06,0.0047118663492695815,0.00012867954373607595,0.00013452692026638295,1.2683520317814416e+83,0.22791081750619324
YOL140W,13.0,2.744450679586994e-06,0.004808938465645803,0.00012962142342768886,0.0001698931193064893,9.17277074653657e+82,0.24704618689581095
YLL009C,35.0,2.2319185496958574e-05,0.005269745738313792,0.0003482281587762166,0.0016343250225715176,6.071160859977612e+84,0.25866916588566075
YGR062C,14.0,0.0004075547112943481,0.005129003260225992,0.0001309954510319839,0.0007050616105903557,2.024384521443024e+87,0.2646847278830017
YBR024W,15.0,9.508562863059041e-06,0.004860438793925947,0.00014252240092749985,7.180939437499452e-05,1.1010803822030793e+84,0.24578120130014694
YDR231C,2.0,1.278280552383506e-06,0.004572547133537988,5.4451236543206515e-05,1.727891193328318e-05,1.9889462779222246e+82,0.22073819330587435
YBR037C,11.0,2.979470861842448e-05,0.00478982435731701,0.0001045793565576856,4.334405745362366e-05,1.0821222809391004e+85,0.24116387784525317
YIL155C,39.0,3.39564204944274e-05,0.005395448235454794,0.00036705457423380695,0.004822037523563917,1.4047540587746302e+85,0.2759034337981706
YLR142W,16.0,8.040089801128787e-06,0.004873289297919055,0.00015486699550823398,0.0004265801564101379,7.874229109088897e+83,0.2553427699139606
YMR118C,28.0,9.50983876811822e-05,0.005252904229264645,0.00018878753076718044,0.0001530565715559443,1.0999909244991717e+86,0.2588996763754045
YKL141W,48.0,0.00027958682034174995,0.0058413051644393916,0.0003092226503766697,0.0008071097833865753,9.519550826608209e+86,0.2693339838985118
YDL159W-A,3.0,4.1159878273902077e-07,0.004585794466516009,8.726191729553404e-05,0.0,2.066118361278019e+81,0.1990193250648976
YKL096C-B,3.0,4.1159878273902077e-07,0.004585794466516009,8.726191729553404e-05,0.0,2.066118361278019e+81,0.1990193250648976
YKL183C-A,3.0,4.1159878273902077e-07,0.004585794466516009,8.726191729553404e-05,0.0,2.066118361278019e+81,0.1990193250648976
YER153C,6.0,5.171697081007545e-05,0.004691153945487472,8.108026327975064e-05,1.4385661799758975e-05,3.261261529856098e+85,0.2271604938271605
YNR045W,6.0,1.8646555105229883e-06,0.004651641453423897,9.023720328796926e-05,5.310637351062872e-06,4.234737880731672e+82,0.22003428070315303
YAL001C,14.0,0.0001258785059722978,0.00493402909027863,9.261977578729161e-05,3.8384725657099645e-06,1.9295784197910352e+86,0.25118310884601386
YHR143W-A,114.0,0.0016586017774157307,0.008675276963507434,0.00045106073218766687,0.00108342866088825,3.349131768617775e+88,0.2959626829660608
YNL039W,27.0,0.0005126676236764476,0.005546542172571749,0.00013856457437509524,4.117219186702609e-05,3.200832621815341e+87,0.25806451612903225
YER148W,139.0,0.002192837994286984,0.009605909637998903,0.0006138013920327183,0.006685899111074067,5.855308883302726e+88,0.3166590178981184
YBR123C,17.0,0.00012551438692370078,0.0049909304769959984,0.00011438807524851135,5.761979269977568e-05,1.9184923525418682e+86,0.253199394523187
YNL151C,28.0,0.0009370572252834716,0.005911440238767874,0.00012675666108514965,1.3918832698038716e-05,1.0692856436516528e+88,0.26183474053695094
YJL011C,31.0,0.001047170909679509,0.006093648486005621,0.00013246134139385148,1.1888463165033596e-05,1.3353627600579716e+88,0.2644691452663856
YPR190C,33.0,0.0010304559480314823,0.006101190985117475,0.00015148051952972104,7.949006409748585e-05,1.2931251591655425e+88,0.2675974403723095
YDR362C,13.0,0.00018429550010448713,0.004952256582993945,8.679217322279172e-05,5.284748835836533e-06,4.1366907681819825e+86,0.25045372050816694
YPR186C,13.0,0.00022340673089179698,0.004997602776048091,7.92266703686068e-05,2.2641364909769056e-06,6.079073480173982e+86,0.25468303035895545
YGR246C,34.0,0.0007711008712095773,0.0058979493174031285,0.00016615934314958533,0.00017717638073487505,7.242324084084067e+87,0.26909764539560277
YOR110W,8.0,1.913412554990197e-05,0.0047178342532156175,6.880245036380282e-05,0.0,4.454342270207951e+84,0.24182949268378165
YPL007C,8.0,1.913412554990197e-05,0.0047178342532156175,6.880245036380282e-05,0.0,4.454342270207951e+84,0.24182949268378165
YOR116C,98.0,0.01833302320973785,0.020477662156476586,0.00026152536736941465,0.0008730963443954852,4.094747315944912e+90,0.2969657843770174
YGR047C,23.0,0.00021186635145632095,0.005192208588179255,0.0001374367438563738,9.553301952202783e-05,5.466193375038123e+86,0.2555200666574087
YAL002W,19.0,2.5686848696357445e-06,0.0049334828891685395,0.00016863240320805865,6.442403527109894e-05,8.040029250338456e+82,0.24059626029725842
YLR417W,25.0,0.0002913798657070152,0.005268791290294799,0.00023178858514597602,0.0006321444759275487,1.0344228382572848e+87,0.2652315971554872
YOR106W,49.0,4.788843925844649e-06,0.0056007433562667176,0.0003794694661801605,0.0015847035335953522,2.795153402066779e+83,0.2602300584574769
YML001W,43.0,1.2963828837436363e-05,0.005457173431681355,0.0003642199632189794,0.002310145852795547,2.048221271392366e+84,0.270920245398773
YPL045W,23.0,4.7653205632758484e-07,0.005026368711655278,0.00019317295364611984,3.609554208427417e-05,2.7641451063506124e+81,0.23985400191187972
YLR396C,28.0,7.574707667586888e-07,0.0051334817453675945,0.0002396006853524063,0.00036156041809459126,6.986123216649278e+81,0.24730074817436495
YGL212W,38.0,3.220901748870543e-06,0.005368282417032336,0.00028833889902362607,0.00010238767630098983,1.2643755792729119e+83,0.2439994695663705
YDR323C,18.0,5.923755990964634e-06,0.004913448923606374,0.00016423192600317665,7.88804981452747e-05,4.276918277882383e+83,0.24224338438583404
YGL095C,40.0,2.5185270673114614e-06,0.005398832256278744,0.00031172215854602213,0.0004303461260227552,7.730128576476228e+82,0.24212650232476532
YOR036W,43.0,1.1348376759228137e-05,0.005479708138995674,0.0003296670300897961,0.0006807847295061194,1.5697983107930803e+84,0.25900900900900903
YGL124C,20.0,2.5350320249653804e-06,0.004953658014473192,0.00018849178303098683,0.0002607043529932954,7.830012741660993e+82,0.24478935698447893
YDR495C,17.0,1.2151411444991864e-06,0.004889475590600849,0.00015413061480449547,8.272847527740383e-06,1.799293610085506e+82,0.2365849477112978
YKR014C,18.0,4.63599435936418e-06,0.00490619982253047,0.00018457955469485318,0.0004740038766215828,2.618595135079317e+83,0.24745595552965438
YDL077C,33.0,6.188687030260171e-06,0.005235381348049412,0.000288496299135754,0.0017213264578373362,4.6619035585142815e+83,0.25729467698331315
YBR131W,21.0,2.5951289294799993e-06,0.004980126395776179,0.0001897313061256673,0.00024599388090101594,8.205601403029674e+82,0.24678111587982832
YOR089C,26.0,6.896045038367236e-06,0.0050776720457568255,0.00024211845720116976,0.0004032983992324819,5.796219002164528e+83,0.25142336597585974
YML097C,15.0,0.00019385076661842724,0.004992536296552538,0.0001477921789840398,0.0008230936267302808,4.579146811358124e+86,0.26555058449992786
YLR148W,20.0,3.9726835099849954e-07,0.004959445907371012,0.00017176790687581847,2.32506717269729e-05,1.9213849734298757e+81,0.23629125465519454
YMR231W,21.0,2.816509405762979e-06,0.004979787769526969,0.00018038520249521913,0.0005485695180155797,9.64501100191178e+82,0.24721214564019883
YDR080W,28.0,1.9903575514144785e-06,0.005125664766117533,0.00025091698335259185,0.0011550255813754255,4.8277649131120964e+82,0.24637357732648962
YAL003W,141.0,0.04037455005244651,0.037532177741264626,0.0002729526925144593,0.0002516494304612205,1.9861308325298735e+91,0.2975420439844761
YDR450W,328.0,0.07425200909332577,0.06688704083923777,0.0005815956475035089,0.0007597400930264883,6.716553321339e+91,0.32411484939228463
YDR064W,400.0,0.08059867658901206,0.07318635932373733,0.0007333734918351353,0.002578424762853045,7.913593039995081e+91,0.33218992597941865
YGR118W,349.0,0.07600088769449456,0.0686073012171809,0.0006386950492308293,0.002547683170178287,7.036768600748301e+91,0.3273050696709161
YML026C,321.0,0.07378770990296178,0.06638309600506252,0.000560942085283126,0.000597341612735392,6.632804937086033e+91,0.3229203229203229
YLR029C,293.0,0.06938390148311273,0.06230487336218167,0.0005120797617391788,0.0006276162237018506,5.865197517560686e+91,0.3209115749084356
YPR132W,348.0,0.07599926614371867,0.06858706370091894,0.0006214428685943749,0.0011013158702894816,7.036468333273043e+91,0.3263568641362185
YEL034W,212.0,0.05715146597772414,0.05147375330733689,0.00039593143188956266,0.0009761970236061757,3.9797918226360356e+91,0.3072983354673495
YOR369C,303.0,0.06940888554217763,0.06264977552428465,0.0005431846822364046,0.0008264035268899516,5.8688997250429825e+91,0.3182289865098582
YBR189W,310.0,0.0710156724571937,0.0642326236840491,0.0005466812152218484,0.0007247844972090437,6.143517014577546e+91,0.3212664416249563
YOL121C,307.0,0.0712891170988242,0.06414735865914575,0.0005363208948833731,0.0006292688556442682,6.1911657371392606e+91,0.32001855180010436
YGL076C,292.0,0.06994401024019048,0.0627822776061054,0.0005075515810066171,0.00047768012024395365,5.960292819341985e+91,0.3203342618384401
YJL177W,304.0,0.07004464571390587,0.06320505564413112,0.000545286946676256,0.0010461600374962407,5.977517922333688e+91,0.320390040048755
YGL135W,256.0,0.0652188269141054,0.05853324001858734,0.00044622010965186137,0.0004402510510305724,5.1822651630273784e+91,0.3128896950459132
YMR142C,212.0,0.05852450820254918,0.052477081591948346,0.00036632766590129044,0.00012227456969348733,4.1732266876769925e+91,0.3058510638297872
YPR060C,20.0,0.0005567143316519034,0.005371978562268678,0.0001626506242646172,0.0005705943833476006,3.7759678450389923e+87,0.2753941329076033
YLR333C,209.0,0.05776145319938961,0.05184474983504776,0.0003643546063473899,8.888840416911904e-05,4.065120778155839e+91,0.3050397877984085
YMR143W,332.0,0.0743247617228385,0.06704703100850835,0.0005760038092084914,0.0007080163748792742,6.729453872331718e+91,0.3216970685937409
YDL136W,325.0,0.07302997685660309,0.06578246533470858,0.0005846528158623814,0.0012172868459263129,6.497759120595511e+91,0.3247058823529412
YNL069C,262.0,0.06508497713325292,0.05848320901701759,0.00046425379896915215,0.0003872170171555655,5.1613849397236844e+91,0.3189460911769804
YLR344W,339.0,0.07412486335209062,0.06689711333996583,0.0006272489513441281,0.0015561383430476492,6.694243707953702e+91,0.32910033983187265
YKL009W,359.0,0.07372620475716674,0.06739341988812249,0.0006573996883646991,0.0022263405087221766,6.62125157536117e+91,0.3244386975431997
YGR034W,266.0,0.0650762881605806,0.05856370690388862,0.0004913102574394845,0.0007598961689270752,5.159993391460226e+91,0.3214909726266744
YER074W,304.0,0.07111082677933166,0.06396202257752813,0.0005274539341456597,0.00047732100113891476,6.1601713411842944e+91,0.3176247194890385
YJR047C,185.0,0.050989488928063285,0.04635063781078771,0.00037131272090809423,0.006068220003718797,3.1678664345425494e+91,0.30154047853162896
YPL220W,252.0,0.0646020294839181,0.0579735591414007,0.00043941405425857144,0.00042428755300516046,5.084733827042571e+91,0.31265930331350894
YIL069C,302.0,0.07084444617132957,0.06372265528040093,0.0005224621735595019,0.00041334581505793756,6.114098804624504e+91,0.314691294681033
YLR075W,290.0,0.06752723786265871,0.060806415945163665,0.0005250929935013416,0.0006590815740650157,5.555934417173458e+91,0.31824733352551166
YJR123W,390.0,0.079371738054337,0.07207404250604053,0.000732982124475277,0.0033578325605211345,7.674610038970338e+91,0.3338575057457361
YDL083C,341.0,0.07536500784768811,0.06803934012942142,0.000592804341175723,0.0007967337694684065,6.919089023853619e+91,0.3235070034577741
YOR234C,198.0,0.05661938086914221,0.050788856671484424,0.0003400627855509873,5.688099703405218e-05,3.90595960293257e+91,0.3027975863960505
YGR148C,222.0,0.060222973059579674,0.05391588299441185,0.00038190690319582954,0.00013838760617906513,4.418997632436159e+91,0.30805290473798763
YKL081W,127.0,0.03424415780515285,0.03267724746160814,0.0002629190962408899,0.0007021189858400822,1.4287802771268699e+91,0.29671038486347023
YPL048W,107.0,0.029799188342511492,0.028970606060760403,0.00021405395254454876,0.0002495609869647704,1.081933187543897e+91,0.29338293914429975
YOR293W,240.0,0.06194795966022901,0.055549533754316115,0.00043197357799824344,0.000339822100919787,4.675718937675927e+91,0.30983385720700496
YHR193C,117.0,0.033024508143585915,0.03155200700377795,0.0002448575936587207,0.0012826922318995547,1.3288172081412589e+91,0.29567732604852964
YML048W,210.0,0.057711206276498124,0.051820739646805954,0.00037431666778039394,0.0005017225198303935,4.0580789227907566e+91,0.30668370465025835
YNL096C,260.0,0.06476237828498144,0.0583427932512449,0.0004477323497009958,0.00026039082423562294,5.109469244772315e+91,0.30879391362720965
YLR060W,25.0,0.003220091064069202,0.007481300687281067,0.00014731305862269214,0.0005701936260074624,1.2633191882859122e+89,0.2727811820517889
YNL067W,258.0,0.06398982528375982,0.05761672245776366,0.0004759689191412529,0.0008910950600065023,4.989127358048053e+91,0.31848603738749137
YBL027W,291.0,0.06907165765540989,0.06202164570035565,0.0005111431820303362,0.0005882405707724703,5.8125542606435714e+91,0.3202413413006904
YHR203C,322.0,0.07302488702762609,0.0658260267558346,0.0005656879542185295,0.0007740993809155617,6.496079913158003e+91,0.32
YLR441C,340.0,0.07458196091599996,0.06740332018911503,0.0006027977156051992,0.0010859545167201169,6.775912335381017e+91,0.3209862185264872
YGL147C,326.0,0.07293750628765412,0.06575905304502469,0.0005968273965102594,0.0016513465116975968,6.481470822266271e+91,0.3262411347517731
YNL185C,242.0,0.05724449791086214,0.052275492505220775,0.0004760444602559614,0.0012783975353772392,3.992827812328078e+91,0.31713202344019303
YDR012W,251.0,0.06321155109751544,0.056848937293537065,0.00044251552994074817,0.00023718201933175902,4.868365603361122e+91,0.31084581597026695
YGR201C,7.0,0.0016664416220739167,0.005913042327941957,4.421836464702459e-05,1.078091849692012e-05,3.38368568792616e+88,0.2653846153846154
YLL045C,233.0,0.06036373164381113,0.05439161635333268,0.0004139310037477133,0.0006901768926550743,4.439342048366233e+91,0.3102517985611511
YDL191W,324.0,0.0729980765292636,0.06573767024914316,0.0005826781263456873,0.0011805854612029802,6.492088353099707e+91,0.3246867831304041
YPL198W,254.0,0.06538281490829732,0.05854419861038466,0.00044478381923043184,0.00028171903999755165,5.208527279896864e+91,0.31693173336395475
YGL189C,265.0,0.06514686509690146,0.05865386588589968,0.00047044348212658043,0.0004860223894833625,5.170535856841787e+91,0.3140110358951021
YHL001W,194.0,0.05368804406715945,0.04850735775679264,0.00034479923354057166,0.0003944103666835349,3.511923493538597e+91,0.3060715275852509
YGR214W,350.0,0.07553339989790679,0.06833753451435282,0.0006437611064304406,0.0024945183795669246,6.950521640660765e+91,0.3333534633733921
YMR230W,223.0,0.05871690326382061,0.05284472494828889,0.0004062077754865866,0.0003677164959971096,4.200669723549149e+91,0.30850053093388474
YDL130W,183.0,0.05395730966507015,0.048493943697487656,0.00031321762951674154,1.86089522259246e-05,3.54731811225498e+91,0.2988144860066042
YPL090C,325.0,0.07328966963050992,0.0661470156596632,0.0005647736754814319,0.0006960214883677613,6.54312151513239e+91,0.3216970685937409
YKL067W,107.0,0.018481545931777348,0.020669175378992304,0.00033463603846736436,0.0039464377874785924,4.162222734040124e+90,0.3138146674246731
YKR094C,281.0,0.05736523103928069,0.0532296531714627,0.0007230406567692356,0.008255585718214487,4.009543565711167e+91,0.3262025765275972
YDR471W,228.0,0.05766059376758867,0.052331286572905256,0.0003934971140517193,0.00019947807633235589,4.050469537141057e+91,0.30537729586191636
YGL103W,344.0,0.07381896948965044,0.06673507941749847,0.0006582104683520335,0.004507484959253517,6.639250189901132e+91,0.33472803347280333
YGL123W,374.0,0.07681122641280518,0.06971059973764587,0.0007158248551879537,0.0035856159639586216,7.18784164679063e+91,0.332871012482663
YBL087C,323.0,0.07314315280712644,0.06582615051305273,0.0005860217855574274,0.0016801067690130767,6.518052824179362e+91,0.326956109696144
YPR187W,181.0,0.020450046543767694,0.024181121731411286,0.0005710268626585356,0.004362963768634725,5.095010779761177e+90,0.3129783976866814
YLR249W,176.0,0.04641766830618721,0.042860818561065654,0.0003671395685953597,0.0018782263085734472,2.6251075777008157e+91,0.3090186418854616
YPR102C,296.0,0.07010450217974873,0.06292114331962205,0.000525081418779326,0.0006086172588596249,5.987892545755388e+91,0.3229203229203229
YIL018W,310.0,0.07138861729686895,0.0641767679927711,0.0005565256510152564,0.0010677608731544887,6.209388490493897e+91,0.323943661971831
YDL075W,287.0,0.06856735400237657,0.06157889384547011,0.000505691211389384,0.0006684139724912203,5.727957540940314e+91,0.3210795718939041
YPL081W,346.0,0.07584180639475108,0.06859161558733304,0.000605981778054355,0.0009009990319694506,7.006735367166382e+91,0.32411484939228463
YNL301C,289.0,0.06876283873998336,0.061757119310882756,0.0005188595932651831,0.0009263715077639196,5.7606584682668104e+91,0.3194629318826321
YBR048W,351.0,0.0768749435904562,0.06937576577062254,0.0006221360645919658,0.0011518577094143823,7.199263491291299e+91,0.32861054887486607
YGR085C,260.0,0.06552441317340318,0.05872760725586794,0.00046064295673580694,0.00038189483237526325,5.2312493681854824e+91,0.3183207427483997
YOR096W,336.0,0.07361194247478842,0.06662051769737712,0.0005949303568360474,0.0012162742619766611,6.60069949600244e+91,0.3227692667524266
YDR382W,178.0,0.05340413233630633,0.04798390744936204,0.00030167570270659495,8.938113110827828e-06,3.4749536086711115e+91,0.29661472326706073
YPL143W,274.0,0.06722217300082885,0.06032376934605875,0.00047064614864097113,0.0002963852399647517,5.5053810669617696e+91,0.313298144049038
YMR242C,282.0,0.06835599495818584,0.0613449109960637,0.00048608336388019545,0.00034863249998179574,5.69262246272787e+91,0.31550068587105623
YER117W,320.0,0.07300482904519556,0.06565602212125878,0.0005694289791316762,0.0009597210618814944,6.493432075781786e+91,0.32674322244583875
YGL030W,296.0,0.06931116233455265,0.06230882822837277,0.0005222174112435601,0.0006283329425580804,5.8528935142662616e+91,0.3190382614726621
YOR133W,185.0,0.051678017173916534,0.0468539806809675,0.0003286434363719564,0.00031280741045878893,3.2539496207189406e+91,0.30259839929832255
YKL056C,124.0,0.03810670321675449,0.03548517232052372,0.00021701532309743412,1.3228881490136095e-06,1.7692550562391934e+91,0.2877097883873658
YMR146C,105.0,0.025073434601146,0.025447849696297594,0.00023266845848113145,0.00021546389169341704,7.659178183498218e+90,0.2952819086337862
YLR340W,334.0,0.0738823730278739,0.06684537944348284,0.0006193629512104501,0.00443254957351174,6.649731383417695e+91,0.3315912777076951
YER131W,257.0,0.06529723128717611,0.0586289506399773,0.000442314767004879,0.0002033097089934321,5.194393679606253e+91,0.3093476798924008
YML024W,236.0,0.06201229519755625,0.05560612962990799,0.0004115171819630708,0.00014972523751549042,4.6852824569551376e+91,0.3111086062109001
YOL040C,325.0,0.06985964781294624,0.06329646199711575,0.0006693793647339413,0.003994994561859485,5.946301862155975e+91,0.33353474320241694
YBR084C-A,290.0,0.06892862818987446,0.061894509193327334,0.0005089640597860044,0.0005793089096028571,5.788505811993237e+91,0.3198887343532684
YLR167W,350.0,0.059684473865392836,0.05646715894582922,0.0010591742282514852,0.022917598339533326,4.3398435142549204e+91,0.3377386196769457
YKL006W,260.0,0.062434026784854456,0.05645594768078706,0.0004599795135026263,0.0008468507174705408,4.748952807812679e+91,0.3155367554590145
YBR191W,286.0,0.06864261350306432,0.06159661340358257,0.0004952770007421454,0.0004710946347074386,5.7405597067101264e+91,0.3174420610730922
YML073C,246.0,0.06054530050896971,0.054781251387211224,0.0004239128100058826,0.00021839676020955195,4.465958871230181e+91,0.3088630259623993
YER056C-A,289.0,0.06865152576525047,0.06173523309445667,0.000498290383970456,0.0004902019668826034,5.7419107967591814e+91,0.3185411737549772
YLR406C,211.0,0.058069192076527804,0.05211765480509145,0.0003723268015648619,0.0005650935580979886,4.108558107273606e+91,0.3071273577032215
YJL138C,53.0,0.008924463363306316,0.012303918731995734,0.0001562075171952877,0.0001757439621643535,9.703790886305187e+89,0.28658948133534085
YGL031C,242.0,0.06299837798985335,0.05636440536580815,0.00041936891920869786,0.00021423935738550576,4.8356788070119955e+91,0.3118467883170442
YIL052C,217.0,0.059759245808429416,0.05353411580508561,0.00037197449342565733,0.00012032859748760077,4.351118611005994e+91,0.3088975937325126
YJL189W,259.0,0.06271932060519977,0.05657530792055855,0.000540606819447298,0.008622375335987914,4.79271251700187e+91,0.3138503525130771
YJL136C,259.0,0.0634246149100459,0.05703900832992842,0.00051930242755613,0.0017116050492558634,4.9012576933157726e+91,0.31815561959654176
YJR145C,316.0,0.07241576982478876,0.06523132998313341,0.0005510507744911113,0.0006932558929466208,6.388224176998183e+91,0.3197590221861785
YHR010W,255.0,0.062108541810981764,0.056100690412775815,0.00044302954418320913,0.00026322003781968515,4.699586475231838e+91,0.311284046692607
YOL039W,182.0,0.05419578220351709,0.048643371247118976,0.0003078583031055953,1.0004088832979846e-05,3.5787463893101986e+91,0.29674228577572304
YBL072C,327.0,0.07303394160070235,0.0659765442315622,0.0005752713445849642,0.0009932825485163242,6.4975541862746604e+91,0.3209675543667868
YOL120C,289.0,0.06876283873998336,0.061757119310882756,0.0005188595932651831,0.0009263715077639196,5.7606584682668125e+91,0.3194629318826321
YDL081C,190.0,0.05512063151255703,0.04948847002262061,0.0003419621926738996,0.0011300808673033191,3.701936624784929e+91,0.30045721750489873
YFR031C-A,311.0,0.07137125508581772,0.06418078287743824,0.0005600114418261059,0.0008422983642104092,6.206365114729028e+91,0.32455315145813735
YMR074C,7.0,0.0006866511397212198,0.0051799503910543035,9.445875085676024e-05,0.0006847348522056137,5.744439592292032e+87,0.25924012586295964
YCR031C,369.0,0.07833493174415883,0.07094466029770434,0.0006537853545428848,0.0013099789153694654,7.475151603388023e+91,0.3287867055810352
YMR116C,290.0,0.06486662726564726,0.05878405924251291,0.0006181003215017587,0.008323667147497991,5.1266814682496035e+91,0.33261026753434564
YLR448W,200.0,0.054865218356962286,0.04946241374837044,0.00034574402532270085,7.034601040471337e-05,3.667631338455145e+91,0.3030802174271125
YER102W,310.0,0.07164435206413564,0.06453626293486024,0.0005378224133125891,0.0005627080398862661,6.252801428985641e+91,0.3163323782234957
YML063W,302.0,0.0693538633874078,0.06274172835155777,0.0005458409071585576,0.0017704402447264503,5.8593764029311e+91,0.321865889212828
YDL082W,284.0,0.06836024307698564,0.06135398629499607,0.000490739831094342,0.00042721320773289183,5.693393476612768e+91,0.31591598466205
YIL133C,329.0,0.07383796997750888,0.0664669337488984,0.0005849868293542348,0.0009785310078862602,6.642514018675898e+91,0.3265112977641074
YGR027C,256.0,0.06461774925166236,0.05796806657709794,0.0004461875714395557,0.00022856639304531773,5.087099225489214e+91,0.3114421123899797
YKL180W,342.0,0.07461633572125825,0.06735640644519449,0.0006183113783468318,0.0015380769160300146,6.783193153352872e+91,0.32535659554402924
YNL302C,250.0,0.06373526224768296,0.057298248501857406,0.0004302731298292775,0.00020701833572855124,4.948904826504833e+91,0.30948643193541153
YBR031W,322.0,0.07286417194932354,0.06561638692003069,0.0005626103842549764,0.000617271952541815,6.468154988285794e+91,0.3191120360735345
YIL148W,287.0,0.05777677783574527,0.05366784280840473,0.0007502664955042909,0.008683457390754577,4.067264159441536e+91,0.32691738229197514
YHL015W,329.0,0.07065955336256394,0.06396860353193526,0.0006507726299816565,0.0025422644751991515,6.083349502021439e+91,0.32837596668649616
YEL054C,269.0,0.06542831965893886,0.05893244527173974,0.0004839277827348338,0.0012536661843498794,5.215880502385002e+91,0.3188723932759517
YDR447C,226.0,0.06055831567626429,0.05429797874533012,0.00039210251672833224,8.441166401748031e-05,4.4682047286376076e+91,0.30632630410654826
YDR385W,217.0,0.05324712012479786,0.048736771195851965,0.000504890574691504,0.005927693613411391,3.454536261922748e+91,0.3205574912891986
YOR312C,279.0,0.06787667252972943,0.06090637678061209,0.0004810056516326105,0.00032835649545619297,5.613120078335595e+91,0.31488876212207645
YBR118W,88.0,0.014883475945799063,0.0175915044047402,0.0003240838265043901,0.004452603728684722,2.698811556294561e+90,0.3236967102562599
YMR121C,222.0,0.05985307816653955,0.05365399629769503,0.00038896500354919925,0.0002349341791564086,4.364892986313578e+91,0.31195252896298387
YDR418W,268.0,0.0654672464747492,0.058932673716771716,0.00047887148000370406,0.0011680650593962486,5.222081738186855e+91,0.31852279284477786
YPL079W,216.0,0.058965514332045055,0.052873037732481795,0.0003741317558136186,0.00016054970906484036,4.236390584872917e+91,0.30810448760884124
YLR048W,259.0,0.06443702989996644,0.05794020416049238,0.0004682021783756261,0.0007875623902814531,5.0591155552646836e+91,0.3187066974595843
YHL033C,282.0,0.06700382094843374,0.060358489150725905,0.0004906933172808586,0.0004742804815683112,5.4695228523172756e+91,0.31365418489686914
YBL092W,311.0,0.06997107078247082,0.0631348850654404,0.0006248804395661519,0.0031822075615899306,5.964896084998618e+91,0.3274409775774113
YDR025W,349.0,0.07694910044911826,0.06938937111329964,0.0006162659255013292,0.0010121796840359928,7.213167212853338e+91,0.3264919855681079
YBR181C,340.0,0.07435791241760294,0.06728027095602157,0.0006053488855303408,0.0016717996213647078,6.735167293050122e+91,0.3251266344681352
YPR080W,67.0,0.012787718391987736,0.015545482945019574,0.00021942053395382555,0.0014639148209212775,1.9924150008675607e+90,0.3182106416095002
YAL004W,2.0,5.348833024341063e-11,0.004565907503425642,9.35280142880366e-05,0.0,3.460287655685702e+73,0.15341003835250958
YBR113W,9.0,1.1504819832513432e-08,0.004701220776525855,0.0002800833225753422,0.0007308052178868658,1.6090610569822995e+78,0.18119747899159663
YOR053W,2.0,5.3488330243410626e-11,0.004565907503425642,9.35280142880366e-05,0.0,3.460287655685702e+73,0.15341003835250958
YAL005C,46.0,0.0008095854839812074,0.006139782308715963,0.00029696209194684674,0.0006545524664329043,7.986258419440845e+87,0.29436860068259385
YLR259C,38.0,0.0003083731906996793,0.0056129698206223815,0.00025095737658712726,0.0008976785361410687,1.1587821520865943e+87,0.2886425434009621
YGR192C,57.0,0.0008520222211059607,0.006541927750052246,0.0003590070270672875,0.003963458359314655,8.845960620713529e+87,0.31573528570611453
YLR090W,25.0,0.00037933545983623784,0.005365154812635475,0.00017028769498331502,0.00010535890411947634,1.7532889320627436e+87,0.27795961528777885
YBL075C,25.0,0.0003778815699399509,0.005362693394139011,0.00016726356213355207,3.018370969768253e-05,1.7400941348232386e+87,0.2734433050973399
YNL077W,33.0,0.00044180961777140606,0.0055811676033387814,0.00021082750070237802,0.0001126320371907083,2.378626522135543e+87,0.2755453501722158
YJL034W,71.0,0.0009215032960404745,0.006744618187081849,0.0005248836257187247,0.0064766095544591335,1.0348569421023441e+88,0.3038643619949356
YLL024C,37.0,0.0005861736734375422,0.005826200698838683,0.00023074890717236093,0.0008010988083120949,4.186671367970951e+87,0.2923883680279676
YOR027W,30.0,0.0004293741465663536,0.005491302678253611,0.00020247462542918133,0.0001659795325807404,2.2465341489720533e+87,0.272310196832914
YMR161W,19.0,4.967327613903853e-05,0.004983947680946119,0.00013603460406475716,2.9506204617436146e-05,3.0065946971104127e+85,0.2644818168750898
YNL227C,19.0,0.0009554730605469502,0.005650108742009008,0.00011962496630093104,0.00034466175476452867,1.1118868140138835e+88,0.26300743281875355
YBR155W,11.0,0.00025917711242173303,0.004961850155280195,9.355357207562674e-05,4.4561498300532946e-05,8.185822399749886e+86,0.2627945727207808
YMR214W,32.0,0.0002865772482535814,0.005418808898625809,0.00025027839627112387,0.0008391433133223411,1.0008546522116073e+87,0.2697156259161536
YJR009C,66.0,0.0008592100747164199,0.00675663289875726,0.00042920517333629795,0.005576699607398464,8.995666821422746e+87,0.3163505071923893
YDR320C,41.0,0.0003889162001987269,0.005715876005545453,0.0002685014165055391,0.0013837410502993686,1.8430233023231957e+87,0.28873313108065696
YLR216C,24.0,0.0005023783862198314,0.005439632940603203,0.00016204187686967578,0.0005202292406048007,3.0751794116200414e+87,0.2799614545823401
YNL064C,61.0,0.0007475336060881054,0.0064085542268004165,0.0004114296964981193,0.004456455590105853,6.809542875998981e+87,0.3010142872723307
YML028W,25.0,2.6799734873495114e-05,0.005084591391744163,0.00023246378151310572,0.0010519812679891784,8.75238127829453e+84,0.2743402415386909
YBR072W,23.0,0.00016248171477198633,0.0051542854935502855,0.00018579598495700896,0.0010323047259448138,3.216838938858749e+86,0.2722430459656737
YJL052W,53.0,0.0008393455781774252,0.00644472248298077,0.0003241462642959833,0.002478914963470239,8.584626966939278e+87,0.31239388794567063
YBR169C,30.0,0.00042133912488951655,0.005496795204315498,0.00019930028973673793,7.816726219260053e-05,2.1633342247381847e+87,0.2748730206154765
YJR032W,13.0,0.0002611208182448175,0.00501042359479397,0.00010505050513762024,7.833293349400158e-06,8.309521951993114e+86,0.2630324978557133
YDR172W,58.0,0.004764772134088304,0.009328173750808062,0.00032109584292229303,0.003923084109846227,2.76613572610378e+89,0.3086385239027118
YIL016W,7.0,0.00025769265205798797,0.0048664619547239595,6.30544959807405e-05,5.6952585294110986e-08,8.092763308579384e+86,0.2410585615092362
YGR285C,41.0,0.002132306288421082,0.00698102865348814,0.00022867220596915367,0.0009467806509946807,5.539548628759833e+88,0.2844481088323199
YJL073W,25.0,5.063818450478043e-05,0.005101577953683653,0.00023166385075806985,0.0012380010596225429,3.124297337411751e+85,0.2658191274198209
YLL026W,53.0,0.0006574070476797778,0.006172708549349518,0.00037215099574278225,0.0027162973741286763,5.26655785980999e+87,0.3010635396782111
YDR258C,34.0,0.0001877028429215379,0.005405734365220545,0.0002494080924012987,0.00048101167246468424,4.2931744927560307e+86,0.27488670882924154
YPL240C,96.0,0.0013955238117807313,0.007697764344851239,0.0006539282034687309,0.009205184560525107,2.3728671679672678e+88,0.32761588224820465
YMR186W,94.0,0.001039690624348292,0.007402929960064731,0.000612450148581314,0.00741798164211679,1.3171208837915826e+88,0.3231850117096019
YDR171W,25.0,0.000362917250868808,0.0053409003937155315,0.00019012901181328379,0.0005078181065477326,1.6050043681834083e+87,0.2725253023944705
YNL007C,103.0,0.019170654967209728,0.02104682537558637,0.00036718841629239043,0.0020863628293036848,4.477326536452491e+90,0.3003918154114062
YHR117W,10.0,2.5903568925430352e-05,0.0047759642033189855,0.00010027251537754223,0.000194466572670499,8.176866698481301e+84,0.25871766029246346
YER103W,28.0,0.0005724841589992271,0.005578483745779578,0.0001829735765349041,0.00013149671842255334,3.993789222448762e+87,0.28087314913753625
YDR214W,23.0,0.00036264927042944516,0.005297239244125448,0.00016626381780918083,3.439086154990306e-05,1.6026225829380684e+87,0.2701247859065329
YCL028W,15.0,0.0004096129676815139,0.005158039718608903,0.00011629162389834374,0.00020345892894482588,2.043896856285156e+87,0.27518819482526546
YOR007C,16.0,8.841622446406405e-05,0.004942470088000633,0.0001473373423457846,0.00022071305838478855,9.527300513806932e+85,0.26406429391504016
YCR012W,71.0,0.001577142728400194,0.007337016750663723,0.00045523352692850293,0.008034987649756247,3.0307857623274527e+88,0.32246757798808273
YGL073W,23.0,0.00017014145177126778,0.005163618447083301,0.00017572361536075367,0.0004022172686108865,3.5272203047747557e+86,0.2739454094292804
YFL016C,34.0,0.000420029142038198,0.005590853579567575,0.00021997785842116667,0.0002668085695490248,2.1498560234063934e+87,0.2774148155593527
YBR101C,207.0,0.05002523727952373,0.04617108831007436,0.00045848850635158897,0.001985031335444168,3.0492124579331164e+91,0.3044005735083269
YDL229W,26.0,0.003123571383115069,0.007450360004549204,0.00013575856084707317,0.0001025202472765744,1.1887986957495875e+89,0.2875599083142321
YPL106C,37.0,0.0007636218399240262,0.005902950693317603,0.00023583743328091944,0.00021436282718660177,7.105875605905399e+87,0.28459476180655807
YOR232W,55.0,0.0003551450717870478,0.00598661387169798,0.000386027830401674,0.0027390355786547603,1.5370252795888755e+87,0.28726061615320564
YNL229C,26.0,0.00035994155097402635,0.005337381886790441,0.00025420463065441444,0.002335497874787523,1.5782559711546777e+87,0.2773172569706104
YOR020C,27.0,0.00025632974247113787,0.005318166473447311,0.0001857845437364958,0.0002502169803300133,8.007411644285241e+86,0.28000405802982653
YAL007C,10.0,7.796537284652276e-06,0.00473786064899975,0.0001424219584294065,0.0002404942180562278,7.410653096101409e+83,0.2409954158480681
YGL002W,7.0,2.5059902132214273e-06,0.004668626617213386,0.00011718317186718851,2.746510902419495e-05,7.655566005776148e+82,0.2206499580285406
YGR284C,19.0,0.0002181839410365389,0.005085981030697751,0.00019790521133781797,0.0006181137039479283,5.801752520972271e+86,0.2602300584574769
YGL200C,23.0,1.2808486944757836e-05,0.005013748185930021,0.0002640642330718884,0.0007805575839623797,1.999602827230452e+84,0.24684733029246042
YFL048C,13.0,7.95210423708931e-06,0.004801328746187476,0.00016793545058193385,0.0003739118975373544,7.70899415306424e+83,0.23186457764523039
YHR110W,4.0,2.476471540230168e-06,0.004610523627896063,7.095237328209913e-05,4.854544616987937e-07,7.476276931161879e+82,0.22016592214422465
YOR016C,6.0,2.4854730595591662e-06,0.0046489504405364725,0.000122732533890484,0.00036231884057971015,7.53134014989992e+82,0.21890862944162437
YAR002C-A,9.0,3.655187148406408e-06,0.004710346584197342,0.00013203794875042842,1.56125360824846e-05,1.628830748155955e+83,0.22495720922650583
YML012W,32.0,0.0005117799416255613,0.005579220920793536,0.00032791748760784624,0.003623196434621617,3.1918867692310617e+87,0.27516075968296694
YGL054C,13.0,6.009795374236777e-06,0.004794898094962307,0.00016833053193832172,0.0005353050406888425,4.4020392297126344e+83,0.24053335657327116
YAL008W,4.0,3.2963368381951204e-07,0.0046130186660501915,0.00010950454023743054,0.0008938639581426319,1.3235052839291358e+81,0.2365849477112978
YBL078C,55.0,4.62509051975021e-05,0.005749524457291761,0.00046280138244366543,0.0045641003142574575,2.6065146173665436e+85,0.29038876321742335
YGL180W,50.0,2.348491892496117e-05,0.00562896537342272,0.00043504056035346045,0.00560113306834451,6.718434753794377e+84,0.2867085648989768
YBR053C,8.0,1.6650149931841738e-06,0.004682267888271589,0.00023073185141072426,0.0016474060339349533,3.378796988454408e+82,0.21893467655574506
YIL087C,1.0,1.5230632769860707e-09,0.004546572705530886,5.0590801977573965e-05,0.0,2.8199844849104904e+76,0.19132785692003743
YAL009W,9.0,6.326556443667345e-07,0.004720841173783408,0.00010267071100298873,0.0001381992069184765,4.859458450150409e+81,0.22839174148702884
YJR042W,35.0,3.361986414337449e-05,0.005331187862442703,0.00021841610574233858,0.00011130769638666251,1.3751831885916063e+85,0.257126886528787
YHR004C,4.0,1.3497317606048984e-08,0.004609135829951039,8.199711897816502e-05,0.00015247458688453667,2.190426474073194e+78,0.21904761904761905
YDR284C,26.0,3.1854309586003273e-07,0.005075031593563257,0.00026835768418300777,0.00022546018197771255,1.2332157175809588e+81,0.24610994694368898
YMR165C,38.0,1.874146787322832e-06,0.005338241438376824,0.0003885233045178683,0.003557721213044325,4.261099942058301e+82,0.27491408934707906
YDR503C,30.0,9.519923467975755e-07,0.005153675797897778,0.00032733529547784694,0.0009690159116816798,1.1040116885579637e+82,0.24926620004515693
YKL057C,32.0,3.101284347387355e-05,0.005264260174674688,0.0001988440772293538,7.145851698794538e-05,1.1702077743003002e+85,0.25527192008879024
YGL100W,38.0,3.287781223871541e-05,0.005385198511501291,0.00025605893095412535,0.0003189674643072993,1.3152252179106653e+85,0.25685170536503654
YOR311C,25.0,3.8708442675506593e-07,0.005047648744308007,0.00028086858140651287,0.0006436531282233572,1.8208848176478071e+81,0.24446412754650132
YDL116W,36.0,3.5861723434338396e-05,0.0053570759874221885,0.00022222148083820087,0.00010900144254937057,1.5645336409438887e+85,0.26000942063118226
YAL010C,29.0,9.60346119928448e-05,0.005205136686173041,0.00027574914278692914,0.0006827978603599294,1.124006329453599e+86,0.2542841348811498
YGR181W,26.0,1.348195251740504e-05,0.00509562017693962,0.00021216867247242157,0.0001493261217559992,2.215673428334863e+84,0.24727859158715226
YJR135W-A,29.0,1.751596099870126e-05,0.005165738332534057,0.0002307568293341435,0.0001979903646726249,3.739721456778392e+84,0.24919868177508916
YAL048C,23.0,2.2929279361472052e-05,0.005040743221200229,0.0002036460431374355,0.00046759932226881447,6.4065715956561925e+84,0.26136363636363635
YKL053C-A,15.0,1.561033078073454e-05,0.004849050428498506,0.00018434476585130484,0.0006405334515454184,2.9706307027418097e+84,0.24601123094749977
YLL040C,13.0,3.0084600795348596e-06,0.004792730942339833,0.00017984914234199533,0.0004828789717589277,1.1033680014492536e+83,0.23418607611047473
YOR228C,8.0,1.4668313089899176e-06,0.004691489976508194,0.00012330654695888324,0.0001337860040440698,2.623148185081954e+82,0.22392600705853719
YOL026C,12.0,9.668304282057389e-06,0.00479193542002804,0.00011551567736857826,8.856467138643537e-05,1.1393494358384103e+84,0.23498361074454047
YNL070W,35.0,0.00043839548822131744,0.005612927751851195,0.00025163533537249177,0.0008817317662029661,2.341871870270838e+87,0.27586206896551724
YDR049W,79.0,0.01777051223943054,0.0194162411094043,0.0002571241595050311,0.0018677368253903204,3.8478074831714376e+90,0.2853893082411333
YPR133W-A,19.0,0.00010804149682717771,0.005022253778069649,0.00015634338883699123,2.8598825626127022e-05,1.4226349079488874e+86,0.2542607093505297
YLR253W,4.0,9.191338451477939e-07,0.004609993391310394,6.792395558017673e-05,2.3162470049096457e-05,1.0300146594272993e+82,0.21258568897789418
YHR083W,23.0,0.00010889222584473672,0.005106562319103129,0.00019920754812838482,0.001179854245853892,1.4451278987787218e+86,0.25759484810303795
YDL142C,22.0,1.4299162279461322e-05,0.005007497838277692,0.000253294749562785,0.0020588288460861902,2.4887753563986065e+84,0.2684172137126185
YLL001W,21.0,4.652676157352987e-06,0.004963788564868542,0.00021576674585743947,0.0005218101807032641,2.63632224533813e+83,0.2495817696794321
YNL131W,46.0,0.00048036457506942047,0.005879390879287078,0.00034677845463709864,0.0019840803801179103,2.811302869821703e+87,0.28243962341383544
YLL006W,18.0,0.00010788303768034876,0.005002018415943942,0.00014901222180879484,3.1724814408009154e-05,1.418464212985773e+86,0.25561472563093307
YNL121C,47.0,0.00017056961129627022,0.005678312877523818,0.00036210529415340686,0.0018807742969665577,3.546025186394592e+86,0.2817908009597223
YOR147W,7.0,1.4173080669048008e-06,0.0046699659446664005,0.00011659503115689246,0.00017346021373307107,2.4491776338210928e+82,0.21444388329901712
YNL026W,37.0,0.00013115824986399213,0.0054174014029733115,0.0003016666535004857,0.0008218144274294892,2.096688373725423e+86,0.264026402640264
YGL219C,28.0,0.00010828569414022055,0.005206160780137827,0.00025704539400864474,0.001326873196821468,1.4290699652172667e+86,0.2644184709714505
YHR194W,8.0,1.4221590697496432e-06,0.004689789265977827,0.00012830181686480024,0.00020718777004169743,2.4659537931574875e+82,0.21655551196547665
YMR060C,26.0,0.00012390959483901415,0.0051877383810483586,0.00020412811075929364,0.00017211804886595582,1.8712715493592185e+86,0.26496423942783087
YMR203W,55.0,0.0003698276781020439,0.00598573643484129,0.0004103656194178198,0.002329724563021009,1.6669514482672265e+87,0.2829028290282903
YGR082W,43.0,0.0004863253978140202,0.005836425161652125,0.0003081325774076617,0.0013031367546557104,2.8815032594503864e+87,0.28876333961079725
YLR072W,13.0,2.4954088263333688e-06,0.0047945477972678755,0.0002113476066371404,0.001475057397777406,7.591916047117369e+82,0.23677776347960366
YOR045W,16.0,1.3364719764497482e-05,0.004881685521100056,0.00014067469892369735,2.2313324450302264e-06,2.1771516920341606e+84,0.23863046861490575
YBR179C,26.0,2.7420425157778038e-05,0.005097271008285585,0.00026489780664483735,0.0011011398732125178,9.163982434791553e+84,0.2676104135356571
YAL011W,26.0,3.888718681676121e-05,0.005158886295927393,0.00016613943452191526,0.00026778804895528083,1.8387304312577593e+85,0.26888791465731404
YML094W,15.0,2.006009482900843e-05,0.004851984976952934,0.0001278310809459059,1.4393199899790566e-05,4.897203863705594e+84,0.2429042904290429
YJL081C,57.0,8.11584762991645e-05,0.005952900780412683,0.0003202178517626768,0.00021683248434499583,8.005580638430776e+85,0.2808017092277953
YOR189W,25.0,2.6254161247500744e-05,0.005132839305582058,0.00015173161673232138,2.9814207852458684e-05,8.37182284608034e+84,0.26905829596412556
YGL150C,29.0,5.448723083853605e-05,0.0052869479542631895,0.00017043481601306337,2.722795955613913e-05,3.609178195581834e+85,0.2755453501722158
YOR141C,29.0,0.0002666658991369702,0.005419191996411777,0.0001709349259352,7.587063634778156e-05,8.658878120721241e+86,0.28021726991217827
YML041C,40.0,8.158683892905483e-05,0.005586480782622702,0.00022830273958844073,0.00015281063775942315,8.09363302617612e+85,0.2786049563417958
YOL111C,21.0,0.002555534256585399,0.006891339501196575,0.00018854238933980796,0.0031894855739392452,7.95739300023513e+88,0.2828013730211589
YLR399C,37.0,0.00012058394919000475,0.005547186328744973,0.00020742321658751014,0.00013234419600637804,1.767692832012136e+86,0.2811020013240312
YER092W,21.0,2.4856874922990062e-05,0.0050355176608686035,0.000132269366824902,9.295756395887038e-08,7.506462843112215e+84,0.2651551541934864
YPL129W,108.0,0.0005924803974239093,0.007640024843874467,0.0005010302222502668,0.0018936085459504766,4.272405967998877e+87,0.2969977402345852
YOL012C,84.0,0.0003197025397474117,0.006824854946410309,0.00045323130657790164,0.0013844094505132839,1.2440098772584372e+87,0.2986689752191321
YDL002C,30.0,2.920024242100241e-05,0.00523809173381558,0.00018519017111083566,0.00020884607643566747,1.0356734711332023e+85,0.2691238847447711
YDR190C,68.0,0.0016681087175092735,0.007477904259125935,0.00035475929066916453,0.0018478712775584574,3.387355689091481e+88,0.30853501760661783
YNL059C,37.0,0.00015763909366001074,0.005551437947666022,0.00021550413149651012,0.000308498071859679,3.0257628751975793e+86,0.27942293090356873
YLR385C,24.0,2.7179487795094704e-05,0.005111598416184159,0.00014624976270539758,4.957346685470259e-07,8.973221253067478e+84,0.26640926640926643
YPL241C,13.0,1.2354335351827726e-06,0.004801198731155412,0.00015784589688390695,0.0012203271856964138,1.8491719369678758e+82,0.23988527226109252
YLR052W,24.0,2.5833132757104715e-05,0.005104147828053404,0.00014699507690168315,1.0731184952643498e-07,8.106285753531767e+84,0.2652061112712597
YNL107W,41.0,5.5818847647855735e-05,0.005551018264687469,0.0002322569730159733,5.752244295374482e-05,3.7860463488127016e+85,0.28016038166776636
YFL013C,24.0,2.5833132757104715e-05,0.005104147828053404,0.00014699507690168315,1.0731184952643498e-07,8.106285753531767e+84,0.2652061112712597
YLR085C,32.0,7.308311538595472e-05,0.005400519772414401,0.00018922638090248237,0.0003168237800629616,6.494458851659638e+85,0.2757242757242757
YDR485C,36.0,3.9765398214700116e-05,0.005391820450244318,0.00021026600297440148,0.00010388309884218046,1.9210190460971445e+85,0.27406782185591577
YBR231C,24.0,2.607809914102714e-05,0.005109963283515924,0.00014658835791291568,6.23079827690127e-07,8.259922807076972e+84,0.26639640943969883
YGR002C,42.0,8.30219801555901e-05,0.005637167876609261,0.00023462525172352134,4.061314181146726e-05,8.380109204510485e+85,0.2795361320706943
YFL039C,195.0,0.0009057146650582104,0.00959738525338572,0.0013763668267053617,0.05092305131398358,9.993254103095228e+87,0.3419438766028619
YDR334W,52.0,0.00012478329711218186,0.00589817610364249,0.0002819063941376714,0.00024014249056570307,1.8939412568214172e+86,0.28161828478138873
YPL235W,63.0,0.00103235613025585,0.006860149333891268,0.00034830740765853053,0.0021015547074148423,1.2969456149713861e+88,0.30193633081719723
YAL012W,33.0,1.2973529149402732e-05,0.0052442864914044405,0.0002763043965576574,0.0003722207708757603,2.0514661589837735e+84,0.2512288367012561
YJR137C,26.0,1.0295924447914949e-05,0.005085714165764555,0.000244273056203125,0.0006333575670198458,1.2918603518888089e+84,0.2577993648421446
YPL023C,13.0,3.924156343284242e-06,0.004812012249295321,0.00011825036712614597,1.491627419171267e-05,1.8749110293224282e+83,0.24269070125302264
YGR171C,32.0,0.0007257001026868997,0.005751746099406662,0.00017632174932562486,0.00014906620367433564,6.417999356322685e+87,0.2559584531206529
YCL064C,40.0,9.70483683612057e-05,0.0054541419368510004,0.00037169892963957057,0.001474933074817111,1.1475976664993684e+86,0.26794815785641474
YJL101C,39.0,2.1396967575478394e-05,0.005382273107304838,0.00035191683710504633,0.0016410155596423522,5.580677997671108e+84,0.2619589977220957
YML082W,22.0,1.8316081565319317e-06,0.0049997062227768565,0.0001970201697147661,2.2331414196430802e-05,4.087379414998171e+82,0.23531417853184414
YKL106W,60.0,4.460526798666899e-05,0.005894083961278771,0.00042646975942852035,0.00147197852859927,2.4241906704112352e+85,0.2699002542538627
YLR027C,59.0,4.243374835994692e-05,0.00586929724716007,0.0004199611594096146,0.001429183662615156,2.1938618161484207e+85,0.26934712598809407
YER091C,42.0,3.070215475687408e-05,0.005454335849761796,0.00035617829084135454,0.001670974432591609,1.1486864790321032e+85,0.26915012921156567
YJR148W,34.0,2.1075777920713998e-05,0.005285435348073179,0.00029536069987238416,0.0014764814829430618,5.413233793976489e+84,0.25715084319388803
YJR139C,31.0,6.734584973359949e-06,0.00520822832619462,0.00025337201911498154,0.0001875687463036616,5.525414893041839e+83,0.2512631435204151
YPL273W,23.0,1.6596668708137874e-06,0.005012768599140898,0.00023587498059430003,0.00026719950513592547,3.3558592481036564e+82,0.23330515638207946
YLR180W,17.0,2.7574121725591843e-05,0.0049067342003148665,0.0001677317310509426,0.0004672643183927663,9.26315091992069e+84,0.2513432292140971
YFR055W,26.0,2.492974590466066e-06,0.005086264888112013,0.00026477124002451086,0.0017413884424486545,7.572045955051564e+82,0.24566088117489987
YJR130C,23.0,2.594577055447796e-06,0.005022268296660587,0.00020386238000339433,2.79218663828366e-05,8.202497047814755e+82,0.23717452951791698
YLL058W,25.0,2.2045976629384894e-06,0.005057034980207398,0.00027523691049283184,0.0013068933266721405,5.9219434781996484e+82,0.23544465770953296
YGR012W,23.0,8.046925936266958e-06,0.005032065065809094,0.00020465435572267427,0.0001402475305767207,7.889429954555323e+83,0.2487607030193781
YHR208W,27.0,1.7090994617868668e-05,0.005133510923777347,0.00023086929311138637,0.0003261992574138661,3.559690064500673e+84,0.2569353937814187
YLL062C,23.0,1.6883734990423278e-06,0.0050142086183550235,0.00022847991888659734,0.00025213168173495864,3.4729958986374526e+82,0.23590751741527416
YER043C,20.0,1.8140249311475263e-06,0.004957624025697186,0.00018424542518247395,9.22555639304028e-05,4.008256929822842e+82,0.23836255289748684
YGL184C,31.0,6.053371472190763e-06,0.00519447449409047,0.00027035307300352334,0.00019175219112544192,4.465418471985494e+83,0.2460550949451725
YIL083C,14.0,9.884626462294586e-07,0.004821775098904193,0.00016822418447627474,0.0005067265970527933,1.1875452221375653e+82,0.23542457457243998
YMR300C,37.0,7.988157035547803e-05,0.005385960768275614,0.000288007596896983,0.0007245121006095391,7.772059667169284e+85,0.27173377965934825
YHR025W,31.0,8.072497968798373e-06,0.00520641459974839,0.00025428347107293533,0.00020997183523281372,7.939287445316634e+83,0.2531877809375287
YGR155W,35.0,1.477779443432821e-05,0.005295390640406629,0.00032109869541696064,0.0014130982303649574,2.660704081470104e+84,0.2628446264463597
YLR303W,37.0,1.293382218870372e-05,0.005328975115643195,0.0003212384868753217,0.001386527461684643,2.038400233009235e+84,0.26701494703236106
YKL001C,36.0,0.0006604669541844794,0.005766239163138449,0.0003173555488890484,0.0026912194240711227,5.315603171665432e+87,0.2815033912999133
YHR106W,12.0,1.7785461605706928e-06,0.004782227196596361,0.0001219618097152391,8.919240308385339e-05,3.8522881515105516e+82,0.24471339273839607
YFR044C,16.0,1.4669926855169234e-06,0.004877757509759056,0.00015808737186051304,0.0002012988650061326,2.619988966088892e+82,0.23886797351681163
YOR251C,20.0,1.3578936718701862e-05,0.004962781123308389,0.00017447040223032799,0.00045633449208967784,2.246286106061593e+84,0.2506698151764225
YGR264C,37.0,0.0008316267984607676,0.005933450848129245,0.0002019605893980213,0.00031038195944024235,8.42805134273551e+87,0.26405166228175075
YER086W,45.0,9.964298227158074e-05,0.005563665858302209,0.00036494680358848476,0.0022121161388537203,1.2097664719981337e+86,0.27828191167574107
YDR353W,23.0,8.718807600407368e-06,0.005022238357097628,0.00020376202772703583,0.00033467218364261397,9.260322932661819e+83,0.25909410936399907
YAL013W,23.0,5.208008899610979e-06,0.005023887373665515,0.00017549447580083655,1.6356225093036364e-05,3.2926306590872085e+83,0.24955920249559202
YCR033W,30.0,3.644307784497774e-05,0.005216766841728777,0.00020529313918827652,0.000301213106423164,1.616504495284918e+85,0.265448425102188
YBL054W,16.0,0.0001289618036393091,0.004963805640017726,0.00013338721854441588,0.00017217001459852454,2.0250591550511e+86,0.2570909598993992
YER088C,19.0,4.983473031816564e-06,0.004933440216786993,0.00015871727967281627,0.00010077097329454976,3.0141134154760004e+83,0.2493562813389348
YPL016W,30.0,0.0003157466754103645,0.005512243184946251,0.0001901292925759873,0.0007652734184170889,1.2140365989053208e+87,0.28342575477510784
YNL330C,55.0,6.739379847215704e-05,0.005847050278505096,0.0003805747489382045,0.0016267387278203747,5.523906655290185e+85,0.2838192194971464
YDL076C,19.0,3.0298104884648903e-06,0.004938604555599234,0.0001492906443412317,2.2129819446025517e-06,1.1128028557292138e+83,0.2462416915733595
YPR023C,54.0,0.00013442126943740006,0.005918105572423981,0.0003249928342879713,0.0015053967717082244,2.199074928031623e+86,0.2930714096097691
YMR053C,15.0,2.6643628200989628e-06,0.004854116780931868,0.00012350310584874935,0.0,8.604817709192246e+82,0.24438836498871033
YGL194C,35.0,2.6245820041220282e-05,0.005292527815346986,0.0002619159972117713,0.00030231051581439393,8.384643282868642e+84,0.26566560785446147
YDR207C,39.0,2.0691888601764987e-05,0.005389200778842239,0.0002977631309892587,0.002488094029138998,5.206604141901801e+84,0.2786471479050984
YMR075W,28.0,4.965988958612761e-05,0.00521456757329499,0.00021099570612861699,0.0008369954623322743,3.0005948698372203e+85,0.2686523580084684
YNL097C,27.0,2.3486911205053097e-05,0.00516716572695874,0.0001949169196933493,8.080789266633942e-05,6.70656312271938e+84,0.2630575676706062
YMR263W,23.0,5.906520429730001e-06,0.005024325798734452,0.00018118790444777655,0.0002892511531029324,4.237130785944677e+83,0.2535133645632406
YPL181W,25.0,1.6018047656440786e-05,0.0051001467103697976,0.00018575055232921824,7.066033606531672e-05,3.1190849502279724e+84,0.2657423454650491
YLR183C,14.0,2.8531296341181217e-06,0.004845268021903163,0.0001173354908250861,4.9545806308641824e-05,9.865904780001968e+82,0.2558753998053122
YNL309W,27.0,3.865045997547976e-06,0.005124179403283242,0.00021386783620322566,0.00024347478226523242,1.808963013803882e+83,0.26064784210029274
YBR103W,28.0,1.9234652188752323e-05,0.005144856228075629,0.0002024977291111208,0.00017914081108148,4.502686600152208e+84,0.2653208363374189
YKL185W,29.0,0.00018235691963923992,0.005297654730775129,0.00021944210410812965,0.000786906076622857,4.045908272491418e+86,0.27292954264524105
YIL084C,25.0,4.224055774446969e-06,0.005062987077653607,0.00020704346048094896,0.00023491198459666616,2.1636510304006508e+83,0.24849194201854685
YPL139C,25.0,2.5599085456183972e-05,0.005120986299014159,0.0001840394207696607,9.117452097834055e-05,7.96972746146706e+84,0.2648625305887433
YOL004W,38.0,3.000743451219701e-05,0.005388091575878153,0.00031048938046143845,0.0018849448152360188,1.0949630565011383e+85,0.2793098213833932
YKR029C,27.0,1.8744175201192017e-05,0.005126609718741747,0.00020150982294042346,0.00014352986305927624,4.276206735368557e+84,0.26117814052519517
YBR095C,23.0,4.331008674592764e-06,0.005025484041710142,0.0001747367927531532,9.099904799523306e-06,2.274841651883745e+83,0.24768913219061295
YAL014C,24.0,2.109718896871521e-06,0.005070206681570803,0.0001856512005786967,3.324237352400567e-08,5.424525329770823e+82,0.23289173909374736
YDR468C,34.0,2.3925051966003517e-06,0.005278076148346982,0.0002743053749346632,0.0002805456446670327,6.975857699128465e+82,0.23879563938397647
YLR093C,40.0,3.4141412962035593e-06,0.00540781966658686,0.0003220193913602435,0.0008385813834759309,1.4205137985367865e+83,0.24926620004515693
YGL098W,30.0,2.964136569176584e-06,0.005195118888649541,0.00023334270514022455,9.677047539282196e-05,1.0705903469550035e+83,0.24282949146577512
YLR078C,44.0,9.39586342153905e-06,0.005511280623896412,0.0003340561118931873,0.00033031607230255813,1.0758458134466554e+84,0.2582456140350877
YMR197C,40.0,2.5640317303330843e-06,0.005412975442689676,0.00030175264911258066,0.00020456084720742862,8.01102508150976e+82,0.24432346301951932
YOL018C,42.0,2.4244797151571844e-06,0.005447050612483636,0.00034287563378696055,0.0004889354609590206,7.162938514030344e+82,0.2387336735576507
YMR183C,33.0,4.4551767108262854e-06,0.005267559678622956,0.0002501493620192882,0.00018385811532737136,2.4186911995972327e+83,0.25041963435104114
YKL196C,50.0,4.297956438010902e-06,0.0056253760272954164,0.00039730806372527416,0.0010473960268074024,2.2512717167330623e+83,0.25985030362943085
YAL030W,43.0,4.05602867098201e-06,0.005478433401249123,0.0003315203282493924,0.000502184207271346,2.0049820569036777e+83,0.2535017221584386
YIL004C,49.0,1.4506841129775712e-05,0.005619460590052333,0.00037878534570386904,0.0004263024305144098,2.564919271147053e+84,0.2615246126877339
YOR327C,36.0,7.332300591711471e-06,0.005330659335599131,0.00027187464221961827,0.0002483669047012546,6.552043001510053e+83,0.24723429032113584
YHL031C,36.0,3.411227288106518e-06,0.005321205512867673,0.0003012200175066275,0.00037233378426146954,1.4182980215159965e+83,0.2398019027759677
YKL006C-A,30.0,2.373215398753796e-06,0.005198618003079056,0.00023011743435649525,1.763154680708077e-05,6.863978149460283e+82,0.23543461571270152
YPL232W,43.0,0.00032074711544558796,0.005704827655964878,0.00030939282701677827,0.0014104696722147293,1.2537293397964086e+87,0.2616609783845279
YMR017W,28.0,2.321906484979687e-06,0.005157040588477513,0.00021421150434173858,0.00013947810610716576,6.570291241842183e+82,0.24033437826541273
YOR075W,37.0,4.868251183490981e-06,0.005353783560253602,0.00028608018356777673,0.0002758026088999282,2.8883361778658223e+83,0.2548241159634383
YGR009C,48.0,8.956344286050046e-06,0.0055876863352037525,0.0003711507255110798,0.0010712697032013252,9.771668150148234e+83,0.2570909598993992
YLR268W,60.0,1.7683581759885037e-05,0.005845719007291892,0.000477509342866436,0.0013870096236312792,3.811300711862809e+84,0.26748073847943016
YLR026C,53.0,1.3696318254158521e-05,0.005690285837364674,0.00043608812838721926,0.001227732108177632,2.2862182360831217e+84,0.258523791682278
YBL050W,38.0,3.3272394999923236e-06,0.005377234156685611,0.00028967535940898454,0.00021531178386890028,1.3492010431862172e+83,0.2509204963861994
YBL019W,21.0,1.2658639574250336e-05,0.0050187873232458045,0.00016112946478392856,0.0006259832770679337,1.947005221070298e+84,0.2610916658783464
YKL113C,85.0,4.4375122639506705e-05,0.006589356999657774,0.00045135429444364286,0.0006322409593235288,2.3871510077791764e+85,0.27564166583441524
YOR001W,182.0,0.03517318919931868,0.03490008756145631,0.0004296650916518076,0.0027736711460239465,1.5066980209090235e+91,0.2989925251868703
YML021C,18.0,1.2096903288219717e-05,0.0049542422844454,0.00012689901379362052,8.674734477211905e-05,1.7786201286158265e+84,0.25648173961527737
YML060W,23.0,7.86495700333055e-06,0.005051183786964353,0.00016814709711688078,0.0002729896847831193,7.504378596022325e+83,0.25766699341828875
YML105C,93.0,0.026573517312442094,0.026218085352327235,0.00018589473042636314,0.00019666093480329635,8.604299113808674e+90,0.2888993562568692
YKL114C,22.0,1.199915331079758e-05,0.005033910569589289,0.00015431238034684214,0.00014183753625018764,1.7498144510820296e+84,0.25561472563093307
YPL167C,58.0,4.429009632488423e-05,0.00592967021796799,0.00033503624335228487,0.0007562703300234984,2.3839111169711797e+85,0.2688617212994983
YMR201C,48.0,8.431209788351512e-05,0.005729511212594759,0.00026791378320593977,0.000575805803125038,8.644915158225544e+85,0.275133330010467
YOL043C,14.0,6.512354746980085e-06,0.004852908410418128,0.0001058588379325784,6.893497372079329e-05,5.151328246726693e+83,0.25573314801945796
YPL022W,73.0,8.578031666811284e-05,0.00630490756490073,0.0004033587537866202,0.0010042072264786258,8.948983116857254e+85,0.28044505410760556
YAL016C-B,12.0,6.4223329729989965e-09,0.004764765752259741,0.00023680019872679634,0.00023225843270341728,5.030613647150159e+77,0.16898304047021367
YBL071C,13.0,6.43072008520481e-09,0.004784229053738544,0.0002645130513221123,0.0006193092646761537,5.043768309155817e+77,0.16901408450704225
YMR304C-A,17.0,2.1949033787413745e-09,0.004862539372689805,0.0003454273871743676,0.00029114543794122395,5.876952407655459e+76,0.16676737160120847
YHR056W-A,13.0,6.43072008520481e-09,0.004784229053738544,0.0002645130513221123,0.0006193092646761537,5.043768309155817e+77,0.16901408450704225
YMR052C-A,10.0,2.667357410394168e-10,0.0047246118440252,0.0002179917308040724,0.00036231884057971037,8.689874794682927e+74,0.1446275578379228
YKL165C-A,12.0,6.4223329729989965e-09,0.004764765752259741,0.00023680019872679634,0.00023225843270341728,5.030613647150159e+77,0.16898304047021367
YMR173W-A,11.0,1.3377702173912814e-06,0.0047448915184791956,0.0002199023186566856,0.006109493291616224,2.1812640928766243e+82,0.20164383561643837
YCR013C,13.0,6.430720085204811e-09,0.004784229053738544,0.0002645130513221123,0.0006193092646761537,5.043768309155817e+77,0.16901408450704225
YNL319W,12.0,6.4223329729989965e-09,0.004764765752259741,0.00023680019872679634,0.00023225843270341728,5.030613647150159e+77,0.16898304047021367
YPR136C,12.0,6.4223329729989965e-09,0.004764765752259741,0.00023680019872679634,0.00023225843270341728,5.030613647150159e+77,0.16898304047021367
YMR151W,11.0,6.421652945981142e-09,0.004745547517583719,0.00021540687938486348,8.746219519976451e-05,5.029546736223936e+77,0.16897269499204115
YBR191W-A,6.0,1.4812378071374325e-10,0.0046452697332239595,0.00015216096772198393,0.0003623188405797102,2.6797885051916284e+74,0.14458210010738887
YLR163W-A,12.0,6.4223329729989965e-09,0.004764765752259741,0.0002368001987267964,0.00023225843270341728,5.030613647150159e+77,0.16898304047021367
YAL016W,33.0,0.0005900178748175254,0.005656055527554314,0.000278641311753976,0.0013411435029141794,4.241463853534198e+87,0.27345685128306746
YDL047W,38.0,0.0002467245394254742,0.00551027342955855,0.0003329484762049026,0.002701094451150037,7.415822795643061e+86,0.2816470228072861
YIL153W,16.0,3.0389042547580944e-05,0.004888022272147744,0.0001453230030381369,2.3599968820639757e-05,1.1257045410157147e+85,0.24602219548067925
YJL076W,35.0,0.0001356502725524776,0.0054245585207537625,0.00025175526230618035,0.000595749902224555,2.2401710879085012e+86,0.276331597917501
YAL024C,31.0,8.913309680873707e-06,0.005241194999825271,0.0002450267879016603,0.0004103340547607949,9.659859154616125e+83,0.27113315978191466
YGL190C,59.0,5.366786855153923e-05,0.005884007442807065,0.00046216022431166357,0.0027277212717378473,3.5079931918051684e+85,0.2830478925238437
YMR273C,23.0,1.1344873898606517e-05,0.005076522344638702,0.00016933189084346298,0.0004799918314579366,1.5639955528336162e+84,0.2718408352211169
YOR195W,34.0,8.259533627506866e-06,0.005311150660456314,0.0002491003480287381,0.00028623958571806366,8.287797300143447e+83,0.26548672566371684
YDL134C,49.0,6.585809745868898e-05,0.0056345682194513065,0.00038662662271895945,0.002038203076079687,5.283974567111858e+85,0.27904155292690325
YGR161C,4.0,3.563227775476117e-06,0.004621560562212039,5.421087941017608e-05,0.0,1.5466920964108187e+83,0.23046092184368738
YDR075W,28.0,2.8124669974918277e-05,0.005186520721881835,0.00022568790228511137,0.0006945200049716412,9.61947003088605e+84,0.27058823529411763
YOR073W,23.0,2.702573319430634e-05,0.005101805524108404,0.00016590984356135271,0.00028099957001984,8.884849976787778e+84,0.2662807525325615
YDL188C,42.0,6.235010084082413e-05,0.005488833328243626,0.00031690739994724476,0.0011131414878672243,4.736066107046725e+85,0.2771780065277429
YBR158W,19.0,2.385116838207984e-05,0.004952899569689323,0.00021438212655426205,0.0019273656697849433,6.9301768381199356e+84,0.2562793073030317
YHR158C,11.0,3.36194768701187e-06,0.004766417336941855,0.00012308793938920802,9.333477554344905e-05,1.3766975147252316e+83,0.24185068349106204
YPL152W,15.0,7.840691267256354e-06,0.004852995267775098,0.00013979912102491502,4.826944219295361e-06,7.488369795177483e+83,0.24483278630355718
YNL217W,3.0,2.723750327203875e-06,0.004589172207175126,8.041282522700213e-05,0.00014095063554554762,9.039850194838713e+82,0.2164790776108867
YMR029C,17.0,1.9472328487700138e-05,0.004891974937590207,0.00019229484895187218,0.0006616581406674986,4.6159594792674915e+84,0.24785595617619324
YNL127W,9.0,3.43297501404515e-06,0.004714851019901616,0.00012018947442687711,7.956338609609761e-05,1.435784871276156e+83,0.2292739657750457
YML109W,23.0,3.456638279674096e-05,0.005091618733640272,0.00017117517325545192,0.0006438074397476713,1.4552040096539907e+85,0.2701512259580091
YNL014W,77.0,0.022840614153480203,0.023251889211815178,0.00016464104817598903,0.000285719080931336,6.3565338369691855e+90,0.2919399196107468
YNL201C,18.0,1.9823044481070116e-05,0.004950576510352573,0.00015516833270268814,0.0002416718519670917,4.781413344942324e+84,0.26333365136914416
YKL190W,25.0,0.00015440112280809822,0.005167549709703784,0.00026054774210586344,0.0009862193802809725,2.9047889131949846e+86,0.2673511890347266
YNR032W,14.0,3.9453610438923354e-06,0.004816222005539058,0.00016104007261734244,0.00035479585823569175,1.8958659805698708e+83,0.2425733872385305
YMR028W,26.0,3.026443222305165e-05,0.005107162258201257,0.00022425493600777745,0.0004670052504254165,1.1154749390513666e+85,0.26788314083276715
YLR433C,21.0,0.0001618850586059111,0.0050919372352625746,0.0002221011897698876,0.0007056515550845975,3.193244870166413e+86,0.2699530516431925
YOR014W,25.0,4.591264875514707e-05,0.0051259808648922295,0.0001961553268394805,0.00042054727885545556,2.5682219727585045e+85,0.27438115120787354
YML057W,18.0,0.00015525885529543162,0.0050200651871413005,0.00017932996266614126,0.000194289954194105,2.937182585678032e+86,0.2629072204229377
YPL226W,207.0,0.04995872539405128,0.04640791825028809,0.0004111920438270869,0.0025382603846599546,3.0404057966406703e+91,0.31269472610887666
YBL046W,15.0,2.496643012872555e-05,0.004875999710377788,0.00013455430406810723,0.00011362621982475169,7.584879640974234e+84,0.25896040532933007
YER133W,76.0,0.0018785669865115612,0.007544012669778715,0.000675864185773192,0.012426067573944257,4.299633486506763e+88,0.31135427830108864
YDR435C,11.0,2.8818546862080357e-05,0.004784925216989163,0.00010332805920274763,7.852187089993629e-06,1.0124391631765534e+85,0.24289360204171434
YAL017W,2.0,7.77663630310906e-08,0.004569622929233048,4.543366867990413e-05,6.8563764308647465e-06,7.366559406348971e+79,0.2198064747342014
YKL035W,28.0,5.328899089350693e-06,0.005122943829961829,0.00028875271231500714,0.0007080815897861971,3.461495806202444e+83,0.24664879356568364
YDR099W,24.0,1.151543294383228e-05,0.0050385304603405125,0.00026648306475449986,0.001740523119269229,1.6155705028942156e+84,0.2716669127417688
YAL018C,4.0,4.722197993949827e-10,0.004603851141240569,0.00014295007401759658,0.0001893268007657167,2.6925309958746144e+75,0.18316963100610564
YBR168W,5.0,4.1643268272638755e-09,0.004624067781618653,0.00014357399191314827,0.0001325391638743212,2.1138566928819198e+77,0.1888276947285602
YBL010C,4.0,4.722197993949827e-10,0.004603851141240569,0.0001429500740175966,0.0001893268007657167,2.6925309958746156e+75,0.18316963100610564
YAL067C,2.0,4.425954160082008e-12,0.004565660627063509,8.85729300986411e-05,0.0,2.2947836256255977e+71,0.1548213384192517
YBL043W,4.0,9.730522442670708e-08,0.004607021472723308,0.00010516342111302596,0.0009786008203809193,1.1511680016543871e+80,0.22133119486768243
YAL019W,7.0,1.2761813852125729e-05,0.004735933453537257,5.920849551567836e-05,2.5282428758023185e-06,1.97913468122607e+84,0.25676807144850683
YBR010W,249.0,0.0019939469133174047,0.011953217881729707,0.0012905921086383805,0.019231400291370257,4.841868131552271e+88,0.3343428225317989
YOL090W,52.0,6.515997574020449e-05,0.005834840909117319,0.000295699767855908,0.00122300335046406,5.1614890258782564e+85,0.276622400400902
YJL090C,57.0,3.7294676525376083e-05,0.005952100330691766,0.0002910232448009557,0.00011843768659839927,1.6847324631608657e+85,0.26719589525146425
YDR217C,65.0,0.0005463205555067567,0.0065931819969493625,0.000349859051215252,0.0017904909507991053,3.6352452420978064e+87,0.29709364908503766
YAL020C,10.0,6.133118826352048e-06,0.004740165622551298,0.00010949151385452054,0.00033192370770957505,4.580873495412693e+83,0.2430540266831051
YBR246W,9.0,0.0002565430941105147,0.004896624408618676,0.00010037476763051801,4.093829580400393e-05,8.020107641692778e+86,0.25119453924914675
YHR111W,20.0,1.9587761100835128e-05,0.0049611210814968255,0.00016929707005032185,0.0002841339550534554,4.663581152082744e+84,0.261116367076632
YBL071W-A,19.0,0.00030371700121631015,0.0051363349963922085,0.00017782336008323793,0.0002786999782120678,1.1238577315147957e+87,0.2622826190249929
YKL110C,14.0,4.524834107402216e-05,0.004850881646217326,0.00012738620871131839,7.304626958811306e-05,2.4920433940366633e+85,0.2516296667730319
YML014W,12.0,2.769439390264582e-05,0.004794684892179189,0.0001077862356643832,3.187622043500387e-05,9.324782941798039e+84,0.24015662388514247
YMR312W,20.0,5.264266142626053e-05,0.005051103407032894,0.00016188343279895182,0.0004295543657352081,3.370801208932005e+85,0.2667310944672626
YPL086C,26.0,8.800744140307933e-05,0.0052155807712842275,0.00019609628368459967,0.0005525995867665856,9.424205302339074e+85,0.2716669127417688
YIL103W,11.0,0.00025881837803022785,0.004940669415430146,0.00011879183859204423,0.00010667989156058385,8.162952375506748e+86,0.25656518707878223
YKL191W,9.0,0.00025367712021342917,0.00489385009976833,0.00010748706501185847,6.194641897781836e-05,7.842118456076578e+86,0.25101177754535947
YAL021C,41.0,0.0006776392140656998,0.005940002662592907,0.00025032757156663636,0.0012028857001146382,5.594172265052195e+87,0.28024572269888814
YKR036C,19.0,0.0002511834790736649,0.005105703686912076,0.00015827906253513147,0.0004716757477833691,7.687734310205449e+86,0.256231722601309
YER165W,72.0,0.0035562805800830725,0.008755016765585662,0.00035963563761149715,0.002232620392169146,1.5403227121691894e+89,0.2964554242749731
YGR134W,16.0,0.0005794148065361846,0.005288940308909812,0.00011679057530491845,4.9585522249082854e-05,4.088903390001363e+87,0.25177887246852765
YDR448W,34.0,0.00024207678974636727,0.005506212123666517,0.00019354266919528943,0.0006382015909510919,7.136254306808973e+86,0.2835713551833967
YGR178C,25.0,0.0002769017284772688,0.005282232193356829,0.00020693214978683897,0.0006505183719389214,9.338636447642716e+86,0.25818521983161835
YML069W,76.0,0.000851366330085937,0.007153151400068017,0.00034719947938948386,0.001258679126115694,8.822987880653198e+87,0.29444711153784603
YGL178W,12.0,0.00010625930931004886,0.004865883090278638,0.00011629446225022808,0.0002080382338851582,1.373089372013799e+86,0.2582214529634654
YGL094C,6.0,0.00018221775514764847,0.0048005833389957045,5.8107787134265196e-05,1.703776654562992e-05,4.0450702982930736e+86,0.252008765522279
YDR138W,102.0,0.01797946409647536,0.020222874287092792,0.00028225484704554293,0.0027752828504540414,3.9391121606457656e+90,0.2993817116823951
YOL149W,30.0,0.0007354291850581464,0.005740615996198477,0.00021329443258042688,0.002527649964878383,6.586834945780147e+87,0.2650024003840615
YHR152W,23.0,7.452035439669188e-06,0.005064447174012199,0.00017790318104138602,0.00014128360007957988,6.746905197550996e+83,0.26338391067849987
YLL013C,76.0,0.003040742140648591,0.008399614447739604,0.0006965140339761747,0.015669423333446765,1.1267872883004063e+89,0.3015899032945419
YEL015W,33.0,0.0011412735296213801,0.006117245529562333,0.0001862426255708637,0.0007554904292324547,1.586646266554819e+88,0.28187713833426953
YNL118C,40.0,0.0007418893744093169,0.005956321466942757,0.0002468806349554048,0.0011857742874664067,6.702141025802303e+87,0.26415274919844955
YGL244W,50.0,0.0010501863936040543,0.00664906072463059,0.00021991772591651004,0.00017943120859323337,1.3429806241963626e+88,0.2869022869022869
YKL025C,10.0,0.0001921632260670789,0.004880224153719304,9.47436643561355e-05,9.860713082547185e-05,4.4980653100506356e+86,0.25325747843641033
YBL032W,23.0,0.00024601760374620035,0.005212571814756949,0.00019262443079667415,0.0008336192374158109,7.36620584921853e+86,0.2694523088938787
YDL140C,148.0,0.0014899264856717287,0.009309963872995972,0.0006830213146900403,0.009230308566160488,2.702645587630134e+88,0.31983313054058754
YHR167W,22.0,0.00013291096058272198,0.005112229620244066,0.00018306834950979487,0.0012125597799462079,2.1514833724803763e+86,0.2570311044887316
YGR116W,56.0,0.0010356104194373238,0.006783653959791573,0.0002579728369325465,0.0007104359131012998,1.3058247771857959e+88,0.2892475372039405
YPR072W,123.0,0.032988988353374694,0.03171602077435606,0.0002997814020713501,0.0018377815593927798,1.3259022359718955e+91,0.2953767123287671
YML062C,27.0,0.0004799069407274888,0.005512952812184847,0.0001504363846401858,0.0005868671235358536,2.8050866990588842e+87,0.2789851410087941
YCR077C,86.0,0.01919223830525994,0.02070840229764536,0.00025166138072453813,0.0011382000965013323,4.487364147249259e+90,0.290740545665227
YNR052C,34.0,0.0005607105162561857,0.00567932151752178,0.0002500883025935237,0.0014816161444546868,3.8302291229355946e+87,0.27795961528777885
YGL173C,164.0,0.033933358282546,0.033346386826589795,0.0004709583514957138,0.006198190867222206,1.4028504829605297e+91,0.31007751937984496
YJL124C,32.0,0.0005422493545801414,0.005699884093386021,0.00015866420545240784,8.120289691033952e-05,3.580547930757221e+87,0.2589361103292992
YIL038C,18.0,0.0004996060427140476,0.005268673787007832,0.00014820464740326945,0.00039420795888366,3.041234946196595e+87,0.25151501344147265
YFL028C,14.0,0.00025154141923894416,0.0050033229020201376,0.00011763482753607675,5.3708122958154646e-05,7.709660578870093e+86,0.24814565070802427
YNL288W,21.0,0.00044648149963790905,0.00529238529846413,0.00018085610008844417,0.0005922796912397468,2.4277578519271615e+87,0.25739065560011193
YDR252W,66.0,0.014953693416208294,0.017004503132908372,0.0002148507844725748,0.0012162083161558885,2.7246607472838447e+90,0.27867528271405495
YCR093W,21.0,0.0005307752845262013,0.005366400122419642,0.00014595926151685925,0.00016316869002417215,3.4323225028493847e+87,0.2581248538695347
YFL010C,12.0,0.00026229271333124316,0.004969503601578666,0.00013479578633096952,0.0008905203735248318,8.382109874154777e+86,0.24681421864520456
YLR418C,59.0,0.0010566319398413976,0.006839282112995803,0.0002606982701589844,0.0005154983754216329,1.3596109639707637e+88,0.28918692372170995
YBR279W,42.0,0.0010669756017456689,0.006473127746067319,0.00019079819892012844,0.0005592812350330951,1.3864999453733746e+88,0.28909605111553366
YML010W,80.0,0.001337656100827121,0.007554296561962174,0.00037158689172137125,0.0017063732275459167,2.178768878075692e+88,0.2971576227390181
YGR092W,28.0,1.1353316030532452e-05,0.005145475827993877,0.0002333489538234518,0.0006747801161955671,1.5688022052061331e+84,0.2621705058180955
YGL207W,85.0,0.0009041726532832918,0.007400560489810337,0.0003934604630860169,0.0011065654027554712,9.949520498333603e+87,0.2945413798623339
YOR123C,54.0,0.0010817146549787363,0.0067567298388133985,0.0002603359199003559,0.0007004778675780505,1.4250093061226719e+88,0.28512396694214875
YER068W,30.0,0.0013835031020645767,0.006194435845340514,0.00019911067148635335,0.0010484924448173306,2.3311924842682853e+88,0.2764838467317806
YDL160C,60.0,0.0007673432837811437,0.006378999871516334,0.00043766153155318173,0.004080833459464111,7.1727133386688275e+87,0.28389220325036
YDL165W,21.0,0.0007124824175092691,0.00551069845470661,0.0001460936159118786,0.0002631108739438768,6.180888194998543e+87,0.26432983766700185
YAL022C,2.0,7.84195019736071e-08,0.004569270338416079,4.3978434856990374e-05,0.0,7.472501228554272e+79,0.20618556701030927
YOR155C,23.0,1.4469872363037068e-05,0.005017267959697159,0.000220341565524735,0.00039549905123888645,2.549861101708861e+84,0.24418296027603292
YDR400W,26.0,2.504254196582075e-06,0.0050593336405817275,0.0002627736852931066,0.0005801822054394452,7.611526464620869e+82,0.24660471765546818
YAL023C,21.0,0.00012584037495386226,0.0050449652794369,0.00024092928245006632,0.0007369741728806642,1.9301399160595096e+86,0.24530062658312224
YML019W,20.0,0.00038610670585196156,0.0052249743994470695,0.00017096386096479547,0.0002297957302543263,1.8169066325308628e+87,0.25141191473856805
YMR307W,17.0,8.144733627923837e-06,0.004884751153929953,0.00023673226381961662,0.001242590438036371,8.086839792900777e+83,0.2524467209366139
YJR143C,13.0,1.2550415107149248e-05,0.0047967740274562866,0.00018100408405551585,0.0002511960160494388,1.9205616457076768e+84,0.23286226534486396
YDL093W,10.0,1.2242274075902951e-05,0.0047371802591551024,0.00013840684871579208,3.633734864790957e-07,1.8274288980225322e+84,0.22119815668202766
YJR075W,29.0,0.002425658241036376,0.006952722881592428,0.0002188987852108131,0.004126135027872076,7.170923008150567e+88,0.27307806470762835
YOR002W,27.0,0.0001351085064255558,0.005184780691005658,0.0002446634873722019,0.00036221970943251,2.2249417556442362e+86,0.25294414150208494
YOR321W,10.0,1.2242274075902951e-05,0.0047371802591551024,0.00013840684871579208,3.633734864790957e-07,1.8274288980225326e+84,0.22119815668202766
YJL062W,11.0,3.581989547160014e-06,0.004751986185236468,0.0001717256466130849,0.00039107991419360733,1.56437055705546e+83,0.2292739657750457
YKL120W,7.0,4.5152548235725186e-05,0.004710179133725833,0.0001103274847279311,0.0005233625103007052,2.4851641466114188e+85,0.2527125394863343
YOR008C,18.0,3.1036771830948914e-06,0.004910225031383143,0.00018907630482602436,0.0002822505025015337,1.1735501142043697e+83,0.2495704855773578
YDL095W,10.0,1.280639581524629e-05,0.004738864943231959,0.00013479172562847695,1.4043137380453638e-05,1.9997350412294746e+84,0.22485640962972014
YJL183W,12.0,1.2300000749506166e-05,0.004777572907560854,0.00016349434826829078,1.7219106676386406e-05,1.8447045924154507e+84,0.22610904026543235
YPL050C,18.0,1.2910867706653559e-05,0.004896262449544529,0.0002404128506248846,0.00037585530943840906,2.032498782668362e+84,0.23143683702989393
YBR229C,23.0,1.6855670176802427e-05,0.00501123111830566,0.0002758796684166343,0.000970788855629033,3.463514402218633e+84,0.2514920953118593
YML115C,18.0,1.2969541608518067e-05,0.004896804548633818,0.0002467404323137443,0.00034576008211299,2.0510220406018927e+84,0.23048016701461377
YOR085W,25.0,0.00038366648799048473,0.0053337317442029184,0.00021063958785495069,0.0003471423782961073,1.7940452797911824e+87,0.2610052484751052
YGL022W,105.0,0.023443873248027696,0.024120342427177373,0.0003551385096465845,0.005204862554803659,6.697055759458705e+90,0.2834112029573343
YDR245W,16.0,1.3198067669493113e-05,0.004857271083885339,0.0002117368450401639,0.00023204188777446893,2.123684647470898e+84,0.2293215902953762
YKR007W,22.0,0.00016246684008732943,0.005101032995657041,0.00021738924072976773,0.0010502097104019606,3.2124124270170144e+86,0.25782344698738907
YEL036C,13.0,1.2279784589668939e-05,0.0047960474902030235,0.00020573160526790176,0.0007659692781196611,1.838645356122636e+84,0.22559156483714088
YGL027C,26.0,0.00013843769887650386,0.005161995754164588,0.0002803849147484137,0.0008044825906690199,2.3359741792601102e+86,0.2499886780490014
YOR373W,14.0,2.1097608661409097e-06,0.004838410203069839,0.00012266369068193202,1.3534368845280405e-05,5.404636565898063e+82,0.24863744876356922
YGR238C,6.0,1.4252071927568143e-05,0.004666672575198759,7.592780597373992e-05,9.94217578471075e-05,2.4759705430178584e+84,0.246891492977905
YAR019C,34.0,4.072363577463916e-06,0.005279473615319509,0.00026617045552755224,0.00045723599710779776,2.0108675232494696e+83,0.2627695530061408
YNL298W,50.0,1.5875201528472217e-05,0.0056380358073019445,0.0004251502406647891,0.0011715423190858637,3.06797850942112e+84,0.27823983063662483
YOR233W,17.0,2.8062679645236654e-06,0.0048975898054896185,0.0001445942327458344,3.371844505921891e-05,9.568932304345593e+82,0.24801186143685133
YLR079W,41.0,2.305904317618506e-05,0.005483428588072525,0.0002900555421045937,0.0004165378792664888,6.469255548909128e+84,0.27522935779816515
YIL106W,23.0,9.875721586910497e-05,0.005122831993746152,0.00018495386846523345,0.0006829801309628463,1.1884124105337468e+86,0.2732673267326733
YMR055C,38.0,1.0649988746329847e-05,0.005393261675481159,0.0002871163685075209,0.000885466758761266,1.3789304502504906e+84,0.27200157682073517
YGR098C,61.0,3.0347093511204906e-05,0.005978383366677202,0.00038427280743489624,0.0006590106695252704,1.1186523756705435e+85,0.2768304914744233
YPR119W,71.0,2.8415780800407573e-05,0.0061776783932591724,0.0004780279972476461,0.0018932765558680041,9.808775301355889e+84,0.29143128662689405
YKR054C,43.0,2.220617215314619e-05,0.00547745550075611,0.0003497704911375557,0.0017560143917921497,6.005696691195664e+84,0.28087314913753625
YML064C,29.0,5.068504034571075e-06,0.00518037357180412,0.00023638993807599003,0.00023511518487044552,3.119510122443688e+83,0.26557613663699786
YBR160W,174.0,0.00018448516488053467,0.008692496978546968,0.0011987316738244934,0.025236722453759512,4.1396356380338865e+86,0.3234122334192641
YPR017C,35.0,0.00028490253032585427,0.00551689768367757,0.0002685224295441924,0.0030145025358482595,9.88924626754647e+86,0.29000735525901017
YPL269W,32.0,1.6448608892663275e-05,0.005258357388607655,0.0002624044373145971,0.0007353094207591447,3.2933746831363384e+84,0.2764561526518756
YPR111W,10.0,8.126676485585822e-07,0.004743235795037428,0.00010267884861422762,1.913320072991799e-05,8.02055817459701e+81,0.23664580296664667
YMR001C,83.0,5.738600130270005e-05,0.006452580817242406,0.000541787889886993,0.0030224132548278813,4.0046542877647675e+85,0.28463878719125457
YHL007C,47.0,8.068442003225173e-06,0.005553302345371825,0.0004174082826603602,0.0010545462626974243,7.92459600822563e+83,0.2736330739106727
YJR053W,33.0,0.00019272824141701399,0.005424648634799893,0.00024169241990328,0.0008232947045014536,4.520323998907531e+86,0.2753391859537111
YNL098C,34.0,1.4935890767946133e-05,0.005272973639520425,0.00030127045867531487,0.0010947937853449273,2.7170655769880944e+84,0.2777638001308308
YLR229C,99.0,4.048415100716869e-05,0.006677303226250689,0.0008855482339386943,0.007468717788370333,1.9963561083557503e+85,0.2923883680279676
YGR152C,26.0,6.506941238694414e-06,0.005102645103261444,0.0002580695629691667,0.0009270375921322289,5.155050002967685e+83,0.26510421669388146
YFR028C,70.0,2.5672944539684637e-05,0.006106176713588525,0.0005060961781664778,0.00226008074076353,8.00904132914405e+84,0.28173327208696985
YAL041W,49.0,2.9814331128561643e-05,0.005630320123793793,0.00042703397985581487,0.0014291595835113915,1.0827587008487534e+85,0.2806732089286622
YAL025C,141.0,0.0247042200378899,0.02624619739933976,0.0002754101717451786,0.0007529288237121998,7.431439752335382e+90,0.27946537059538273
YDR324C,178.0,0.03146095855225456,0.032319156957595595,0.0003259089196457669,0.00013238355201008076,1.2049961443942918e+91,0.2953767123287671
YKL099C,141.0,0.026619889232110075,0.027758583435628304,0.0002571060241242641,3.8992003050904346e-05,8.62751757993642e+90,0.28272894898586354
YPL217C,196.0,0.034978029044862635,0.03532739540145269,0.00035755227316050503,0.00024276677705520653,1.4895592490623413e+91,0.3051915740587162
YGL099W,164.0,0.03172640704273943,0.03196980096987149,0.00031753276627106215,0.0008320291169104009,1.2258752680256412e+91,0.3018702832768238
YHR066W,154.0,0.02345328258882272,0.025678448756511915,0.0003033031673314051,0.0003032030397342209,6.696688556401514e+90,0.2881603675088745
YKR063C,46.0,0.006939933324155975,0.010827498797756697,0.00010800254712397902,9.532337737019559e-06,5.863119548750657e+89,0.26458323347553087
YFR001W,101.0,0.019665329009817305,0.02146652709985492,0.00022915116006601768,0.0010602109334949094,4.710222952554099e+90,0.2845360824742268
YOL144W,40.0,0.004455297733460406,0.008844689914746434,0.00010167293839404788,7.239087391055167e-05,2.415261062529091e+89,0.26802621995630005
YGL029W,111.0,0.023875007240022086,0.024819793805166305,0.0002068375202735573,5.768491171871387e-05,6.942996620818979e+90,0.2789992418498863
YGL078C,106.0,0.01464402322036925,0.01803423890959467,0.0002158751304065336,0.00012403239573789462,2.6103198385498957e+90,0.2835859234523504
YGR245C,155.0,0.028760321487847216,0.02962454041691591,0.00028327792174520606,0.0001833894398877941,1.0072278442521574e+91,0.2888388885981895
YLR325C,288.0,0.06781131631535989,0.06102600082354913,0.0005266374503220229,0.001108365759224012,5.602350767422393e+91,0.31959240389069016
YGL111W,136.0,0.02438643916818104,0.025877348165122698,0.0002664606908408245,0.00026371997358423053,7.241894847998472e+90,0.2826855123674912
YLR002C,171.0,0.02725770716434378,0.028894959942598726,0.0003496103265513142,0.001645260432744749,9.046872459524476e+90,0.2920944015239708
YLR276C,109.0,0.0134437076736756,0.017272846588462332,0.00021961444906794944,8.271526355706054e-05,2.1991925477516607e+90,0.27804362061149446
YDR101C,279.0,0.05795470135418036,0.053933027562450456,0.0005414641162502405,0.0030407241250539536,4.091126982583835e+91,0.3125884817939861
YLR051C,127.0,0.025099842887842918,0.026284014084947852,0.00024281293566368509,0.0005697305155003664,7.670635046314041e+90,0.2843601895734597
YER126C,238.0,0.055780310353450435,0.051349846629370394,0.00041827563147203353,0.0004947160981880474,3.790268174626155e+91,0.30552941827641555
YMR269W,6.0,0.00023557776145677337,0.004832143164144486,6.290312633689634e-05,0.001224554347721617,6.752325744482319e+86,0.2321571266349834
YER127W,161.0,0.02699289778746845,0.028519088527527638,0.00032869323374142885,0.0005599027145956721,8.870490436182214e+90,0.28437483900880944
YDR299W,168.0,0.030469148739574584,0.03135847185221398,0.00030358224917000537,8.886250124815044e-05,1.1302149822649389e+91,0.2929158928097639
YLR409C,204.0,0.033966812524112475,0.03474807554010168,0.00039267685591759776,0.0007145668586696642,1.404618647872991e+91,0.30488815244407624
YPL249C-A,218.0,0.05996942222142441,0.05377644975284541,0.0003702793784350889,9.713876279033653e-05,4.38163726559566e+91,0.3046693895573463
YMR049C,226.0,0.04005814347635138,0.03968235276462337,0.0004275125058446645,0.0009227193281790835,1.9539400312143063e+91,0.298539751216874
YBL028C,122.0,0.025377833767012904,0.02615237018721338,0.00023565284157818373,0.0005661068649006044,7.844651877150803e+90,0.2786893522492048
YML093W,188.0,0.03148309263330938,0.03254134871599528,0.0003426483466352983,0.00012925168773932893,1.2066555171958704e+91,0.29005307130471336
YKL021C,58.0,0.008326643100130045,0.012189015200595274,0.00012108126310158153,1.0640154315711508e-06,8.438307691840084e+89,0.2652698351674756
YLR129W,197.0,0.03371407540804284,0.034415985762518066,0.0003747473131327722,0.0012828554335954782,1.383799793864467e+91,0.30253206182176917
YLR221C,65.0,0.009995938528272326,0.013527374802567308,0.000138368439339709,0.00011404045820210828,1.2165397726863378e+90,0.27025703794369643
YER006W,209.0,0.03551580191049271,0.035863085959978606,0.00040382971603721175,0.0008609301863551194,1.536006918962975e+91,0.3022173555981385
YHR196W,153.0,0.027306718640948312,0.028634767282871055,0.0002806742882932785,5.965815089648869e-05,9.077325429574516e+90,0.2912621359223301
YNL075W,199.0,0.03508586677061288,0.035469428598036715,0.00037166656708178863,0.000631680977235774,1.4987469667258846e+91,0.30301366855135314
YDR087C,149.0,0.027242629130355217,0.02832614563726813,0.00027084487015379007,4.5734490673287076e-05,9.037360609435201e+90,0.2841552558426851
YOR287C,92.0,0.012205141508644313,0.015933226967850343,0.00019578254976679592,0.00012415130050668063,1.812580162717203e+90,0.277038895859473
YDL153C,168.0,0.03018307741909353,0.031095259964685245,0.00030116919329374175,5.693279051149171e-05,1.1091113590577285e+91,0.2864853643346481
YNR053C,191.0,0.03467564392275235,0.034812293590152546,0.0003458187085316138,0.0002771891763401502,1.4642284727712473e+91,0.296169116858032
YDR496C,152.0,0.01825905443996381,0.02179052063856154,0.0004115452640757919,0.0031891501429923206,4.057821504900553e+90,0.2960420465515392
YDL148C,187.0,0.03149778096035385,0.03252602845556706,0.00034435598796042014,0.00021837456115028644,1.2077828503309428e+91,0.2989277591248782
YLL008W,105.0,0.015546438146571763,0.018716419671878072,0.00019959047004107597,1.527038429953774e-05,2.9418378794746096e+90,0.27867528271405495
YDR083W,123.0,0.01932129291654353,0.02201284422119851,0.00025144525386044253,0.0006886703540236488,4.543718757704775e+90,0.2906333912494077
YCL054W,175.0,0.030348799719923485,0.031214453416494457,0.0003484907053913309,0.001108215328095694,1.1215659444489035e+91,0.2911853141319829
YHR088W,135.0,0.02565806851537597,0.02677612317967839,0.00024383921299831894,2.770973795596174e-05,8.0170468864778715e+90,0.28038807334789456
YPL211W,159.0,0.02830291499496019,0.02934112688801287,0.0002992162276890768,0.00017872875239776642,9.754687493739368e+90,0.2893688404277626
YOR272W,214.0,0.038214724733069826,0.03804294723225352,0.000418752355924743,0.0009740204811894701,1.7782264541132764e+91,0.29755808312220366
YDR398W,166.0,0.028505065570727333,0.02981465480592583,0.0003121595190982709,0.00016321026862125635,9.891569321191994e+90,0.28691719943864025
YMR131C,123.0,0.015943593611708867,0.019452674506144522,0.00026487693760743835,0.0003120523898995383,3.093678184539393e+90,0.2888388885981895
YLR009W,232.0,0.047562677843338425,0.045181948811662556,0.0004124749810235553,0.00039629594191136316,2.755380617699148e+91,0.3031467955406667
YCR087C-A,42.0,0.006800839371409535,0.010608668324401592,0.0001421974542375484,0.0008531420846376704,5.631301232341147e+89,0.2744220730797912
YPL093W,230.0,0.04086911969735425,0.04020922360782071,0.0004299977395904643,0.0006932800304227421,2.034104244941704e+91,0.29941418962898675
YDL060W,195.0,0.0345239759699073,0.03492880315946745,0.0003777451448091638,0.0008387572015618458,1.451217983599319e+91,0.30844881537773805
YJL033W,138.0,0.01832846647887484,0.021616811921906103,0.00029686515948689596,0.0008717812819813347,4.08823814538457e+90,0.284932638207815
YGL171W,136.0,0.020689262808155192,0.02335220281733624,0.0002556094431981179,6.886564238135785e-05,5.20972764799675e+90,0.2899007405073263
YGR280C,28.0,0.0026914795668279245,0.007219870163157961,9.975385135327122e-05,0.00029607780226464844,8.813993502154547e+88,0.26143790849673204
YJR002W,174.0,0.031167176188561355,0.03197390566094025,0.0003171887255986428,0.00013824955564116186,1.182623633712411e+91,0.29986962190352023
YGR103W,223.0,0.041064487778204886,0.04037192979089287,0.00040208002564565354,0.00036741052194345426,2.0533751469098275e+91,0.2969178634823302
YNL061W,190.0,0.030195945688026894,0.03148942337514092,0.0003901361527588153,0.0013232239034040177,1.1101918944270038e+91,0.29214077798359356
YKL172W,176.0,0.029810910422114863,0.030862118600211704,0.0003289105878621901,0.0001820481169834603,1.0821008884189023e+91,0.2863664660717991
YAL059W,69.0,0.01055673543205495,0.014030571407754107,0.00015483469271953084,0.000137557825597697,1.3569227462489645e+90,0.2738910389997023
YLR061W,263.0,0.06545324297656657,0.058787467959384325,0.00045114080478597814,0.00024446155634057833,5.219442497294586e+91,0.31216422552734263
YOL041C,74.0,0.009576947940033189,0.013502709643150793,0.00015530062288274553,2.24617829304382e-05,1.1162114606863757e+90,0.2733620561580746
YOR056C,151.0,0.02930588776408679,0.02996749195665897,0.00029516598826341735,0.0004818012211328226,1.04575790392272e+91,0.2938984133745075
YDR060W,182.0,0.027168158372712095,0.029188599796552372,0.00034108114427128705,0.0001903550984868997,8.984978209995556e+90,0.2944
YOR206W,227.0,0.03819294582506321,0.03835312476211829,0.0004203169672568853,0.0003869894991679874,1.776105663642486e+91,0.297959624311778
YLR222C,199.0,0.033980802598618444,0.03466361922981836,0.0003722987429452854,0.0003596551109937958,1.4057742756808789e+91,0.3031634446397188
YLR397C,124.0,0.023470040542245482,0.02478847423157425,0.0003146324606620331,0.002671107484872274,6.709732140511836e+90,0.29078649317810673
YKL082C,88.0,0.01554854482155559,0.018202662830493058,0.00017785911951954218,0.0002212709088287119,2.943744427032355e+90,0.2724177071509648
YKR081C,227.0,0.03596071245231103,0.036610964436082055,0.0004578758279130577,0.0009475856832847119,1.574619676565264e+91,0.2973016642430118
YFL002C,193.0,0.036719846241746665,0.036472874596544,0.00034479826982242254,0.00014337135082515887,1.6418397241718397e+91,0.2912928759894459
YMR290C,222.0,0.040320363659336014,0.03980614754717,0.0004116116491120336,0.0006120038280719028,1.9795992638358463e+91,0.29946291976346767
YDL031W,118.0,0.016459461847186278,0.01968614831548588,0.0002254605766194751,2.8973929067711346e-05,3.297512533321939e+90,0.280587607380674
YNL110C,197.0,0.03420559304877533,0.03458209086505149,0.0003840598730460156,0.0004897426463592246,1.424773392644605e+91,0.2918473088717352
YGR145W,177.0,0.03136902444563883,0.03223322641169568,0.0003207621607182834,0.00011330051921963005,1.1979557522228634e+91,0.2947615741976825
YKL143W,170.0,0.029768738936515354,0.030718188480896268,0.00038867238515993965,0.002580177350879739,1.0790484665191028e+91,0.30243261012491784
YNL002C,333.0,0.07271005924777912,0.06603732750048015,0.0005869263682116826,0.0016084703659846446,6.440175825671958e+91,0.32252410166520595
YLL011W,164.0,0.030088598902042584,0.030964564684587866,0.00029640435734387227,0.00010933483904393414,1.102174143422406e+91,0.29223357509661707
YGR187C,20.0,0.0011389424509175396,0.0058126014926266865,0.00016168288389529535,0.0008145401087489197,1.578777041848803e+88,0.2557568456655701
YOR340C,84.0,0.009139481477936941,0.01349809142011268,0.0002125689684983755,0.0002252973449593337,1.0165981103183224e+90,0.28711120357848746
YDL208W,263.0,0.056186480097695744,0.052285132045058726,0.000526947236924162,0.0021940918213417546,3.845423341282323e+91,0.30183727034120733
YOR004W,101.0,0.015143079202339892,0.01833328985604528,0.0001974266659512263,2.380127672143435e-05,2.7908188168178993e+90,0.2747225401881252
YBR247C,235.0,0.04048311114296609,0.04025569108721705,0.000448540701841971,0.0009369444282244414,1.99546940176471e+91,0.31063590320765333
YBR142W,92.0,0.011828253833035129,0.015655408597725903,0.0001862803868209697,2.8229051992986163e-05,1.702540323274258e+90,0.2779736126498137
YPR137W,174.0,0.030990747619243437,0.03182400117686823,0.0003391736402880149,0.00038830468967893984,1.1693072604926962e+91,0.2997230819351686
YLR196W,103.0,0.013616944788540957,0.017266957069568743,0.00021664614930363426,0.00036615099193314346,2.25640911533688e+90,0.27911209991404157
YNR038W,85.0,0.012682242943382783,0.016039529309440102,0.00017390103957891704,4.0736501955368225e-05,1.9580831256055713e+90,0.27921092564491656
YLR435W,32.0,0.004163327075183969,0.008402160267519556,9.370209425510484e-05,9.236922825817865e-06,2.10968689056549e+89,0.26236988450021387
YLL034C,88.0,0.013548013069863698,0.016762285831734464,0.00017140551710368161,1.0822448820703883e-05,2.2344984874783433e+90,0.27641462193289934
YDR500C,236.0,0.0612636801483699,0.05518882264090803,0.00040063124245249914,0.000186628294936008,4.572589446659592e+91,0.30646235842771485
YOR310C,243.0,0.03782910671495964,0.03846007999042135,0.0005451781496877178,0.005134185421030466,1.7423277599891923e+91,0.3139038953653682
YPR016C,196.0,0.042242310438443925,0.04019042011765093,0.0003813574855426043,0.0012598936770741895,2.1738356483364575e+91,0.3058849606561011
YCR016W,13.0,0.0006570581125965191,0.005298035779261713,9.046135693396726e-05,0.0027588018568451785,5.253351908203614e+87,0.2415966386554622
YOR294W,150.0,0.028167567132787136,0.028996089476088376,0.00027460987932723184,6.044023386030018e-05,9.662241365133534e+90,0.2849767681982447
YDR312W,56.0,0.007681084979095104,0.011663877556790606,0.0001181978546777735,7.873838826671877e-07,7.179953368485038e+89,0.2627695530061408
YPL146C,170.0,0.03405465015296377,0.033715132116214165,0.0003070488898588531,0.00015848119331892104,1.4124714916292527e+91,0.2909090909090909
YCL059C,220.0,0.03594833646189448,0.03657247075901648,0.0004349238425588773,0.001505107721634753,1.5733742899946932e+91,0.31195252896298387
YLR185W,276.0,0.06652803647394076,0.05989728685654462,0.0004733667156601036,0.00036389050601094193,5.392137268432471e+91,0.3137254901960784
YMR194W,271.0,0.06695480251955409,0.060070253255061254,0.00046433618821080125,0.00028792822175796427,5.4616688520723694e+91,0.31356509884117245
YLR074C,126.0,0.02592833689009743,0.02667146372893779,0.00023909428430771295,0.00011029947582288871,8.188566110974135e+90,0.2823240589198036
YJL148W,48.0,0.004643902132573441,0.009212123779462346,0.0001498865044110652,0.000641835124002773,2.625273805702053e+89,0.27915444523111155
YNL224C,124.0,0.019743474587704948,0.02226251227227949,0.000250824614384633,0.000583891217356064,4.74545884848256e+90,0.29106248352227787
YHR052W,200.0,0.03622508640487059,0.03619942137424777,0.0003694566883108608,0.0003620700557182028,1.5979329758429498e+91,0.2895661753134344
YPL043W,122.0,0.01526139625451539,0.018938152457534625,0.00023768115174920378,4.238566154535632e-05,2.834155216055508e+90,0.2788442109517074
YPR143W,107.0,0.01924603886161367,0.02138354217024419,0.0002015140961927227,1.7639688813312613e-05,4.510540884900815e+90,0.2781697238459988
YBR267W,133.0,0.02703520456841078,0.02765652649934634,0.00025561657184105456,0.0004244697227631717,8.902553240988849e+90,0.2887935544626975
YDR365C,96.0,0.011903007234276659,0.01581461243007368,0.0002028063206809647,0.0002802073036557121,1.7238567158448748e+90,0.277261540007032
YOL077C,186.0,0.03135176801487073,0.03228326605478798,0.000350652809912008,0.00025478577681651605,1.1968292536164422e+91,0.29172391924743685
YDL213C,115.0,0.01966521453323304,0.022047482965588172,0.00022021914154452178,5.2400061122501964e-05,4.707294618530242e+90,0.28455075003866176
YER002W,110.0,0.021705778180021194,0.023206277118292696,0.00021050596412843593,7.959672821595592e-05,5.738165238385386e+90,0.2777638001308308
YAL026C,10.0,1.2950628059234836e-06,0.0047308168083359916,0.00016764966150715764,0.0010496464460651171,2.0443775511661528e+82,0.23680823680823682
YDR170C,24.0,1.1628117340509093e-05,0.005048083524323356,0.0002661043319328019,0.0027821286254848766,1.6479397531504882e+84,0.2659856406302703
YER166W,7.0,9.830995225935577e-09,0.004662655121168296,0.0001719398870646114,0.0001839826346539116,1.1780819207386279e+78,0.19594618579390152
YIL048W,7.0,1.1230923837885063e-08,0.004663872455150987,0.00015449199218327248,8.902031486823412e-05,1.5371095580007546e+78,0.1973543081873436
YCR094W,7.0,3.9344067277957994e-08,0.004663925379075525,0.00015528561260981765,0.0002618803022437813,1.8833761584470114e+79,0.20590100339438247
YDL192W,49.0,2.2501552216697794e-05,0.005599090547707351,0.00047840406837980175,0.0069094259301449865,6.169334042962643e+84,0.2885520125457397
YNL323W,7.0,9.867534927329612e-09,0.004662980279115477,0.00016507635368242203,4.69992189020647e-05,1.186827295834173e+78,0.1962457337883959
YPL145C,14.0,2.624556903286455e-07,0.004812035347045134,0.00024314781268900188,0.0013328480530345177,8.384311271516624e+80,0.23739893342508173
YEL022W,17.0,5.776952806508003e-07,0.004885450883485246,0.00020282975089543773,0.00039075278796299706,4.065869183047348e+81,0.24369784998454813
YJL204C,16.0,6.486990246900405e-06,0.004873660878651372,0.00016019281078914505,0.0007839917501129366,5.124702443105399e+83,0.25207781532560053
YNL238W,19.0,0.00023906958019701688,0.005090952379797853,0.00022171264521511676,0.001607108818169082,6.965240318174427e+86,0.26510421669388146
YAL027W,7.0,1.8502426991057593e-06,0.004698761845698568,6.150524401281384e-05,3.922640539807476e-07,4.1358661452655226e+82,0.2365849477112978
YML095C,53.0,7.641786580821311e-05,0.005838542884586308,0.0002944291288720284,0.00039773505331151186,7.102503059684897e+85,0.2713997738335218
YLR135W,28.0,1.3865330252502518e-05,0.005211995804932131,0.00016868147341596472,2.3743570016269086e-05,2.3324161702545817e+84,0.2535599448782728
YBR228W,26.0,1.1097371882260448e-05,0.005160870046443828,0.0001610209007269125,0.00013798003114807476,1.4934871097656683e+84,0.25697127694241423
YCR092C,37.0,5.0536935169191e-05,0.005467295541673739,0.00021784652916819223,0.00045278241396331116,3.1053019387440713e+85,0.2667955534074432
YAL029C,22.0,0.0001929011951000008,0.005157037524054588,0.0001902105973306226,0.000816690438386285,4.5279000679093665e+86,0.27947952002430254
YGL210W,29.0,3.5282289248236555e-06,0.005139684476345549,0.00027446302766303963,0.0009516378575554499,1.5140884276154166e+83,0.2593010146561443
YHR023W,29.0,1.2089038196769507e-05,0.005179721131531368,0.00025834167367819866,0.000339475610052006,1.7789282958175918e+84,0.27197477335435555
YBR109C,42.0,0.0007105261030352554,0.005993949619994429,0.000357531559975888,0.006595016306239858,6.151803356625149e+87,0.30324671757402627
YKL130C,15.0,0.00018852178269460559,0.004999764258424316,0.00014851309168415947,0.0005640815492258689,4.324608873191769e+86,0.2718542230977592
YOR035C,8.0,1.594553892597091e-05,0.004726897149853387,8.184347350795417e-05,0.00011939536717013957,3.096864892736055e+84,0.2627695530061408
YER031C,34.0,4.886893390703493e-06,0.005244304451099253,0.00032783465764307936,0.0010062638196636068,2.906411240975151e+83,0.25910627112279383
YKR048C,32.0,0.0009504301080661059,0.006015469533168088,0.00022544846760519456,0.002160605304240522,1.1001297051337045e+88,0.28979420411591766
YGL106W,21.0,0.00016388337052059915,0.005118696502459728,0.00019280356701561316,0.000648197303477853,3.272424612974782e+86,0.2764007811326423
YBR130C,11.0,0.0001853296385948507,0.004920155246147865,0.00010136317521137044,9.12135706085512e-05,4.179279619650442e+86,0.2697288052773027
YKL079W,17.0,1.5423108247449322e-05,0.0049166091627663965,0.00017939591810695244,0.0013840302460534353,2.8971858233851566e+84,0.26794815785641474
YBR086C,13.0,5.253694449410648e-06,0.00479389094289093,0.0001639622746396678,0.00032751200748596315,3.356816185193439e+83,0.24556252502335513
YLR190W,10.0,2.0360661712842063e-06,0.0047346480891959095,0.00011784417825187195,7.21230133088917e-05,5.037554795976447e+82,0.23821853961677888
YCL063W,11.0,2.1224034508023225e-06,0.004763890981867324,0.0001153119413710798,4.088156937356661e-05,5.4724094874039055e+82,0.24333259863345824
YOR326W,54.0,0.0002085426341893165,0.00585323255464947,0.000438548930815616,0.003104098368275154,5.29192616358746e+86,0.2863961813842482
YNL271C,64.0,2.3548458771582117e-05,0.005946954139342731,0.00055227040231092,0.002230227375727415,6.751789647862995e+84,0.2834403080872914
YNL304W,13.0,3.5106174692958483e-06,0.004805743998285565,0.00013327184831039653,0.00015258424275757336,1.4994139697617254e+83,0.25106886200309286
YNR049C,27.0,2.286371604210652e-06,0.005132832379224063,0.00020829088625338838,2.295108030336864e-05,6.369460817518446e+82,0.23728667841636933
YPR032W,18.0,3.1961004647930377e-06,0.004926082537726804,0.00015773145293376974,2.4884423351685828e-05,1.2434006460626188e+83,0.24243488954279943
YDL113C,26.0,6.5169398223123596e-06,0.005092974681929538,0.00023222570668354677,0.0004293487098722716,5.173704505172038e+83,0.2601932594862126
YPR049C,54.0,2.1010958064856596e-05,0.005703205653901022,0.0004438422549553799,0.003243299295884744,5.377638047091512e+84,0.28028841271453236
YDL226C,20.0,2.3756440997788343e-06,0.004954878307290467,0.00020420222649105828,0.0003816692802141862,6.880418694584176e+82,0.24720107478728168
YBL017C,18.0,1.0322899222402769e-05,0.004907822766692459,0.00019293414068116091,0.00034138624602051657,1.2989279829192636e+84,0.25
YMR297W,33.0,0.0002710740467641402,0.005428880214993528,0.0002905335712124812,0.0022610483432247306,8.95606354986809e+86,0.2822085889570552
YBR080C,46.0,3.604570105207509e-05,0.005581504586880672,0.000345429227657313,0.0019384979764918717,1.5835309123292772e+85,0.2703894195444526
YJL036W,35.0,3.6837928857592017e-06,0.005275421757955485,0.00030759076533408577,0.0007007184171437666,1.653446529095111e+83,0.2525968974511509
YDR164C,36.0,4.57877982191459e-06,0.0053231147191703755,0.0002811508063224614,0.0005418147071669554,2.554359966750471e+83,0.2596058881625359
YLR423C,31.0,2.5587177309403077e-06,0.005197495403936024,0.00026988441044145884,0.0002895008195300643,7.975128635334037e+82,0.2505674080798911
YFL005W,47.0,1.164404699518964e-05,0.005566385295555166,0.00040478561755161153,0.0029479756648464893,1.6509881502905672e+84,0.2783661119515885
YHR161C,16.0,1.0846354794404821e-05,0.0048794231423526045,0.00016439730288652022,5.491577666473254e-05,1.433751691772472e+84,0.23934440445735594
YDR498C,31.0,3.2045721605546393e-06,0.005218295031405764,0.000241635437467235,0.00010085961174365198,1.2513625907293165e+83,0.2438593391058491
YIL068C,29.0,7.735444284636046e-06,0.005179073232940605,0.00024104231364903552,0.0005148075959655451,7.284904332120684e+83,0.2675844684667216
YAL031C,1.0,8.67094630939245e-06,0.004558749069699554,3.475273670522458e-05,0.0,9.161202354253589e+83,0.23743977976600136
YAL032C,67.0,0.0003773067266596111,0.0065383763050628945,0.00025675424063968807,0.00047267007806032287,1.7294230913630308e+87,0.2688486265341905
YGR074W,102.0,0.0008230368348284554,0.007727514041599132,0.0003675939922160046,0.0004434885037831237,8.237991963369502e+87,0.27173377965934825
YMR125W,85.0,0.00098417878474277,0.007319472322419863,0.0003704585583909785,0.0018286870602571385,1.1786076790022326e+88,0.2891414802786653
YJL203W,86.0,0.0006875037771881527,0.007245383097196039,0.0003047093710243393,6.907569743634241e-05,5.7471669710674535e+87,0.26384972037665505
YDL043C,87.0,0.0006861420507159272,0.007251679289518783,0.0003202198053485507,0.0008024265286712738,5.7247022251977845e+87,0.2711731184908626
YFL017W-A,104.0,0.0008572252012566887,0.007813580181343678,0.0003736361355807429,0.0005072748968279662,8.936804666741334e+87,0.27218934911242604
YMR213W,85.0,0.0005251076173998589,0.007037632754429618,0.0003356651450215212,0.001267229541365006,3.3513038953767327e+87,0.27742875810423684
YGR271W,24.0,0.0012786215242878668,0.00601973067897128,0.00010979759994021184,0.0001370378333494476,1.9919343696278578e+88,0.2583181243857925
YJL045W,37.0,0.00030431406073583815,0.00565554522199968,0.0002182983720531766,0.0012748145857729154,1.1273489399649183e+87,0.27301053464563035
YNR011C,53.0,0.00021616479947353734,0.006077447489611486,0.0001997159570316496,8.11570406923104e-05,5.674195959191799e+86,0.25199726089933805
YHR165C,94.0,0.0013216728886336637,0.007877891043349423,0.0003365630299582617,0.0007435439634565075,2.1261387511777942e+88,0.2798053527980535
YMR288W,87.0,0.0006851601577959774,0.007257885930118553,0.00031522181932826807,0.00015832410004002585,5.708125160046459e+87,0.26518063028439665
YDL018C,7.0,4.2080929341376805e-06,0.004675916662888169,0.00010716586349511953,0.00013430884651449617,2.1511517606572572e+83,0.230019168264022
YGL128C,48.0,0.00039495260095876513,0.006007610116584391,0.00022739728199364483,0.0010730089646591781,1.8974822031853903e+87,0.27040266483785635
YLR323C,49.0,0.00020994565573810152,0.005983890188904669,0.00018131476171967184,1.070098347346002e-06,5.352248069255908e+86,0.24753363228699551
YDR364C,65.0,0.0004184671708081965,0.0065219744518918545,0.0002407498466553905,0.0002368856682452299,2.1274224214211967e+87,0.2680001942030393
YDR021W,65.0,0.004311287173956368,0.009383180069642044,0.00021203698995866677,0.0010923978491760569,2.2613710160768605e+89,0.28947506424039016
YML049C,91.0,0.0006957783216802438,0.007362123469952849,0.00034039773487768164,0.0008572299080341732,5.886750966918823e+87,0.27228333251122183
YER029C,100.0,0.0009628989532027321,0.007753448999944873,0.0003683135443179123,0.0004735523082092981,1.1278345939598065e+88,0.26727351958553236
YKR022C,31.0,0.00027317087722983244,0.005555181449915709,0.0001284444584616911,1.5153099698334361e-05,9.07043080740848e+86,0.25399162563843003
YOR159C,107.0,0.0008697851489790273,0.007902036552070444,0.00038339582437729107,0.0005834719336456082,9.200454377960823e+87,0.27239082161361955
YDL030W,83.0,0.0005677295155449011,0.007065857967668181,0.0003062852857513743,0.00039496207515967975,3.919328106639914e+87,0.2692945653234462
YGL174W,75.0,0.0005493845922190075,0.006851222299526156,0.00030143995132790694,0.000705983869498775,3.670409574558549e+87,0.2671829622458858
YER172C,87.0,0.0007162779064228107,0.007279258371357598,0.0003153425928222333,0.0004574235551022465,6.238548921628783e+87,0.2699530516431925
YPR182W,105.0,0.0008497377702022904,0.007806657549221969,0.00040280946572703025,0.0016139199123280487,8.781140825533776e+87,0.2753803941132452
YNL245C,43.0,0.00030014312686819434,0.005885925558730726,0.00016257259718849103,4.927980903722544e-06,1.0946334204290517e+87,0.2542841348811498
YIR005W,68.0,0.0005377521952657317,0.006679865278916007,0.0002521598032648327,0.00010617652137569752,3.5168527097115e+87,0.25926447794842894
YIR009W,89.0,0.0006949926417478196,0.007323742865996489,0.00031495246924848454,0.0001220960450125901,5.872909880128636e+87,0.26833892372757767
YOR308C,70.0,0.0006717994880165989,0.00683551849129538,0.0002555220940833184,0.00012099096097431798,5.48900934535454e+87,0.26664090426045794
YKR086W,60.0,0.0004237569082909324,0.006370913215073465,0.00023746446807638337,0.0002303332598617669,2.1823288478735436e+87,0.2653208363374189
YKL095W,44.0,0.00029756686872721324,0.005899112961197106,0.00016643176907377375,5.689406819733364e-06,1.0759198850597899e+87,0.25442477876106195
YCR063W,57.0,0.0003303303441393938,0.006262447356939729,0.0002442149343302368,0.0018224278142252779,1.3255692916069501e+87,0.25668449197860965
YER013W,54.0,0.0004926061601792514,0.006273306173991464,0.0002147925836864769,0.00023103374985906496,2.950791601251047e+87,0.26648643429564545
YLR424W,40.0,0.00037925387805783436,0.005847598733376458,0.00016433492525836055,0.00013595923534139094,1.7484093048854968e+87,0.25739065560011193
YLR275W,110.0,0.000878389954061367,0.00796873276546889,0.0004015114715459773,0.0011212882865448497,9.38305235241666e+87,0.2792391744233104
YPR094W,78.0,0.0005621750201468464,0.006947780295281143,0.0002797785267998726,7.062356445080451e-05,3.8431096136913227e+87,0.26149983419394573
YLR016C,64.0,0.0005388013123607989,0.006595799903076104,0.00024112240045335754,0.00013673553368364984,3.530739697958048e+87,0.2585480093676815
YDR482C,62.0,0.0002562573897031357,0.006323057936795996,0.00023034145869051044,4.587361740199663e-05,7.974083052021584e+86,0.25373477361526087
YPL151C,63.0,0.0005055040674199055,0.006543846627083048,0.00022894304172150126,6.615136088697856e-05,3.105491856631005e+87,0.2622078662359871
YBR237W,49.0,0.00032302840465829027,0.006058187218961546,0.0001866030241412295,1.591882298307693e-05,1.2679811085638919e+87,0.2570909598993992
YBR119W,71.0,0.0008523725818907315,0.006919116676974993,0.00031295003361749674,0.001066017633342826,8.84011672938343e+87,0.2787456445993031
YLL036C,73.0,0.00043416015393363825,0.0067148342035555425,0.0002973426360774612,0.0010724773044317611,2.289910283571576e+87,0.2720954305713018
YBR188C,36.0,0.0001761019361476098,0.0056108659916493525,0.00014038701709310654,4.588614347072959e-08,3.767331766069987e+86,0.24510456906886904
YOR148C,49.0,0.00031222565450547116,0.00606162536471415,0.00018705169476413008,0.0002737626145697622,1.1852611238578994e+87,0.26140076715442534
YJR050W,54.0,0.0003198683647707523,0.006156057408208989,0.00020935538229185168,0.0003360831190997465,1.2431659544165838e+87,0.2632959694729311
YNL138W-A,87.0,0.0005720194570740963,0.007161076555810404,0.00034004152514520387,0.0008137807964516396,3.978842594889239e+87,0.26764934057408846
YPL064C,48.0,0.00022603038770238856,0.005971287616298657,0.00017741902948783508,2.698069574771514e-06,6.204236776580368e+86,0.2490075784915193
YBR065C,60.0,0.00035767790687157164,0.006363069024007788,0.00021934419676095581,2.9207530658112965e-05,1.5540914243823568e+87,0.2591305980659093
YGR129W,65.0,0.00034228899963861424,0.006467733190092491,0.00023705063760124336,3.274082221851716e-05,1.4230906054114158e+87,0.25881470367591897
YLR117C,79.0,0.0004119775685311708,0.006854068051503755,0.00028520285128783495,0.000112132833140565,2.0616501746458896e+87,0.2630199647400772
YPR101W,54.0,0.00032577409105394886,0.006192980479098674,0.00019768107062150025,9.830488161741211e-06,1.2892681400427028e+87,0.2564698229800678
YCR020C-A,54.0,0.000756873971863631,0.00646831680634465,0.00021447602243078245,0.0003328373239388652,6.9731035958285465e+87,0.2633964785036026
YDR163W,59.0,0.0003593611994687036,0.006342507725339762,0.00021496375167870648,1.9657167777657993e-05,1.568806583975863e+87,0.2597280383945796
YDL209C,55.0,0.00032684280550634374,0.006216769835625831,0.000201555787514796,1.1420584183671653e-05,1.297722263289635e+87,0.256541339406051
YFR043C,40.0,0.00023204595362709467,0.0057501630601765035,0.0001833110407859929,0.00031755882955014164,6.543236069242673e+86,0.24971725853879212
YOR319W,75.0,0.0005562508197352751,0.006876442709735822,0.00026856522491250194,4.043390680627654e-05,3.7625912322543027e+87,0.25924012586295964
YGL251C,31.0,3.749688973926105e-05,0.005278368981826137,0.00018294417219437637,0.0008116133291232596,1.7043362426230213e+85,0.2535133645632406
YDR416W,82.0,0.0004015126958568147,0.006918366820189949,0.0003044985420745442,0.000759510879319468,1.9581255532901555e+87,0.2741631071818814
YGR006W,59.0,0.0006275869679915634,0.006511957669567813,0.00021336080465196233,2.3673708414180346e-05,4.790563471713025e+87,0.25868128778293265
YDR088C,48.0,0.00033239084352419543,0.006039947837923084,0.00017785622077360895,6.74621663619578e-06,1.3423649157517733e+87,0.2550596063210424
YGR278W,54.0,0.00023952696754352219,0.006119801633215515,0.0001994384098755851,2.5478151362873016e-05,6.967287457326479e+86,0.25148063781321184
YPL213W,92.0,0.0006923314431999831,0.00738274083271172,0.00032721606697134033,0.0001055469928432133,5.82787177879403e+87,0.26566560785446147
YKL173W,165.0,0.019556672560101424,0.02301802610714359,0.0004704208749115494,0.006402387513377398,4.659694748473872e+90,0.29959294436906375
YGL120C,206.0,0.023971309949009506,0.027518316426592766,0.0004898465328162533,0.005246325941444583,6.9943519853042115e+90,0.3044173606132466
YLR147C,102.0,0.0007326826422580755,0.007635145631967242,0.00037979764457997346,0.002471454851491494,6.527079950976066e+87,0.2822085889570552
YMR240C,82.0,0.0006796704951668263,0.007143085465197967,0.0002952882740707977,0.00029257162129951513,5.617269416451186e+87,0.2704424085052178
YER112W,67.0,0.0011076028966579183,0.007042790047548695,0.00026098565313612974,0.000311350765924826,1.4933787577671901e+88,0.2700454967956558
YAL033W,27.0,0.0014719819632877196,0.006240608759199023,0.00013517377507621354,0.00012920895533369707,2.637162497353109e+88,0.25314133724662935
YIR015W,43.0,0.006982184444787221,0.01068376272276782,0.00017212823655697335,0.0015170611872461438,5.938208423067052e+89,0.27800161160354553
YMR059W,17.0,0.0001289276000943051,0.004971168445896174,0.00012833323877959883,0.0001207919472779691,2.0225236877531693e+86,0.22668473573980535
YHR072W-A,39.0,0.00456299277816152,0.008829483770024654,0.0001388402142565082,0.0002708732957015861,2.5353374691212508e+89,0.2786471479050984
YGR030C,26.0,0.0014498449753812055,0.006185968913958128,0.00014041180235572538,0.0002286499346265095,2.5584904528612067e+88,0.25566208142281505
YLR197W,203.0,0.034031508278919556,0.034761306893018824,0.00043010820102181265,0.0016978007958647328,1.4100430582710576e+91,0.30913978494623656
YNL282W,27.0,0.00191590819960046,0.006574520298050805,0.00013048245818632665,0.0002158822007173512,4.4673690869955285e+88,0.2565294172320848
YML091C,19.0,0.00016888506933338652,0.00504405017649694,0.00018795561537681614,0.0032995770511516313,3.4709126171463067e+86,0.24326825613679431
YNL147W,68.0,0.0015727458275966266,0.007406267461561248,0.0002563538338766509,0.00040535934455877875,3.0105261489455682e+88,0.2691763787974838
YLR105C,17.0,0.00012778855244365212,0.0049712144177051,0.00012930356953433825,0.0003641741381177155,1.986978308039056e+86,0.23501362397820164
YPL083C,16.0,0.00012771391496140124,0.004950206675688234,0.00012116584737941637,0.00011468080956387936,1.9846573179854016e+86,0.2263593865332568
YDL014W,223.0,0.03799047753379261,0.038147583570070656,0.0004789464027137193,0.002607148817644251,1.757359113531972e+91,0.31193490054249545
YBR167C,27.0,0.0011905138437192306,0.006022848545235296,0.00014541852089865648,0.0002401061379330122,1.7248074560099697e+88,0.2554491184228794
YLR438C-A,59.0,0.0013865215400792948,0.0070643477906959275,0.00022069358812479083,0.00019751873259312927,2.3400171283957187e+88,0.26877008472100494
YLR145W,24.0,0.0014344633673703982,0.006136090008545562,0.00014000196432038117,0.0003192313293045323,2.5044791950839284e+88,0.2518248175182482
YER146W,61.0,0.0011114633548041034,0.006899242504665346,0.00023020737990930604,0.0001762304256472864,1.5037952252607657e+88,0.2642918701522551
YEL026W,300.0,0.05847442405483454,0.05491748909959285,0.0006321247408417704,0.006137937078349172,4.1649498372416384e+91,0.3085867620751342
YAR008W,17.0,0.00012869679547346458,0.00497036585257835,0.0001296238121536789,0.00016698652991617064,2.0153227984547726e+86,0.22853357621925974
YHR062C,54.0,0.008186659122510547,0.011865396561607318,0.00018450860796852636,0.0012178408334160263,8.16252252249607e+89,0.2810304449648712
YBL018C,28.0,0.0015689524290901904,0.0063449286194382755,0.000137673064736702,0.00016943290814882384,2.9959104620507543e+88,0.2537697682971681
YNL221C,27.0,0.001438681513889229,0.006203577123733486,0.00014684220739824214,0.000334603210059599,2.5192311977555926e+88,0.2583906754669288
YDR478W,16.0,0.00026393122838002314,0.0050667027610949225,0.00013427718102340715,0.0005525920023297445,8.474755472206885e+86,0.2369607211848036
YBR257W,28.0,0.0014604908905822133,0.006239866509010019,0.0001624562214297354,0.00046791443914820494,2.596174831062942e+88,0.2545655783065855
YAL034C,2.0,3.2141758497191623e-06,0.004576414183351487,3.831140886161173e-05,5.646044827001494e-07,1.256405034768876e+83,0.23286226534486396
YBR198C,55.0,0.0006658569655633695,0.006408116982279833,0.00027084969506648547,0.0006785925056348557,5.399444860220377e+87,0.29075585988938635
YAL034W-A,28.0,5.574084116793531e-06,0.005138604021813266,0.0002002044472775995,0.00010399711954261997,3.769141804843329e+83,0.25113739763421294
YDR320C-A,24.0,5.639125406956442e-06,0.005039425080340338,0.00021358063068619107,0.001314969152677054,3.87099466924775e+83,0.2521123544188171
YGR179C,33.0,4.847850658331889e-05,0.005347007431615363,0.00020935181452138104,0.00012954184838025724,2.8580519756994564e+85,0.260426495565201
YPL233W,18.0,2.533274841265622e-06,0.004919234071523908,0.00013519367561870584,6.327485747001802e-06,7.770479222119895e+82,0.2267312905610778
YER106W,7.0,3.865515318659301e-05,0.004703729996932476,7.496909598411204e-05,2.806548689907826e-05,1.818981091884366e+85,0.24212650232476532
YDR532C,11.0,1.6195296210862814e-05,0.0047785802654065805,9.184995855647532e-05,7.807387082626202e-05,3.194695260943435e+84,0.24310754866555095
YDR254W,44.0,4.907803118480038e-05,0.005575974550276964,0.0002838056208259948,0.0005295877671212519,2.9292673050874658e+85,0.26638355371103173
YBR107C,38.0,4.709644060560436e-05,0.005449385258874917,0.0002526293875252869,0.0018480562735306925,2.697508523693934e+85,0.26629359834048916
YKL052C,26.0,3.4563089131737822e-06,0.005080398413863139,0.00019882005580245976,7.797277493288688e-05,1.4517357131715936e+83,0.24042859009538742
YER018C,24.0,3.3201800813383325e-06,0.005048547244014849,0.00018563073093858372,0.0002927757072080296,1.3374286653739855e+83,0.24313967317094656
YDR318W,41.0,4.649878440062028e-05,0.0055292914875309,0.0002561177888903278,0.00026028917502091326,2.6287437728567968e+85,0.26590876246447326
YPR046W,27.0,4.5195932598075456e-05,0.00522222440055107,0.0001715048055522096,9.644979434741396e-05,2.4839985886549484e+85,0.2618099032441662
YPL018W,46.0,4.7460331715320905e-05,0.005630651169765788,0.0002868532692815278,0.0003455083694166414,2.7385254196075818e+85,0.2648117054449508
YIL144W,41.0,3.515189163372038e-05,0.005515229470423654,0.0002697774262873007,0.0004276050167913046,1.5030939581477958e+85,0.27206860860564835
YMR117C,24.0,3.064897586116936e-06,0.005048908736303425,0.00017397885853919458,3.692813097219199e-05,1.1382560097393346e+83,0.23684888011670815
YBR211C,29.0,4.5165827084279766e-05,0.005256033537403993,0.00018666155566080604,0.00012747003097654156,2.4807825104467106e+85,0.2586934108163839
YIR010W,50.0,5.815589503579879e-05,0.005641967463683277,0.00035272498291863364,0.0011536555740064352,4.1160937798036e+85,0.2680782866300811
YKL042W,33.0,9.97611530028489e-06,0.005269247624165154,0.00025095255101239297,0.000632626214539583,1.210386373555875e+84,0.2746951978104006
YGR140W,29.0,2.59297695265448e-05,0.0052114806767008925,0.0002002641272673785,0.0005237719266255525,8.174240631229511e+84,0.27130639929224415
YJR112W,21.0,4.833174023281522e-06,0.004989043766333423,0.0001528863832353489,2.1459728806196442e-05,2.834191971076482e+83,0.24442082890541977
YKL089W,24.0,5.4868199708958684e-05,0.005159938009206639,0.00015198007402035792,3.553685094191671e-05,3.662477236188249e+85,0.2577752871952928
YLR381W,32.0,4.709110282272975e-05,0.005324614630123388,0.00020147512806606655,0.00013219802854204255,2.6967191561638546e+85,0.26187200531334504
YGL093W,26.0,1.3420955195672155e-05,0.005121705052681267,0.00018412562255029768,0.00014715661715648787,2.1912037172013755e+84,0.25926447794842894
YLR045C,41.0,1.1282315020601083e-05,0.005432384818883955,0.00030069537667415635,0.00034706932390414334,1.5490006306756928e+84,0.2656783943783992
YFR046C,19.0,2.875339241680856e-06,0.004943221290536935,0.0001368104226710621,6.070581658234845e-06,1.0004402134993217e+83,0.22678718159408381
YKL049C,71.0,0.000481951458404198,0.006633679380118142,0.0004041451765907896,0.0029127904255077295,2.828627904650305e+87,0.30697364030697366
YDR016C,14.0,2.587308454343734e-06,0.004826472931166564,0.00011858879942181708,1.1881011408020587e-06,8.143096230872419e+82,0.23088505939434498
YOL069W,46.0,1.6219162439985537e-05,0.005552487844133676,0.00033517301428652734,0.0011079803619523311,3.200007873851283e+84,0.26930770356637557
YCR086W,15.0,3.9509612491972746e-05,0.0048709448838642685,0.00014278567966118086,0.00047863734378998505,1.9001434493670506e+85,0.24918743228602383
YAL035W,230.0,0.05747057860131998,0.05222631781197398,0.0004444844352669941,0.0015713783173082485,4.024136505973646e+91,0.3102169270540632
YOR361C,108.0,0.02448284700647978,0.025065763292310198,0.00025493726115730206,0.0005751818933617893,7.302586299431259e+90,0.29631220140640935
YOR207C,106.0,0.014628527942890792,0.018025214516133824,0.0003085798326766947,0.00083407312256881,2.6067800485247286e+90,0.3014746040415074
YOL031C,191.0,0.049840269962928695,0.04567649139381167,0.0003785959320881356,0.0016685409289367032,3.0267049142654757e+91,0.29931677692224273
YGR054W,68.0,0.019244334583069955,0.0203339480744299,0.00015249375165973252,0.0001903797143800029,4.511787306556364e+90,0.28657460284497976
YDR283C,38.0,0.0020977925840356708,0.006906629083865547,0.00018603496027546327,0.0011263222129020375,5.362129637430015e+88,0.29400798934753664
YDL133C-A,164.0,0.04513199556796187,0.04148813541199173,0.0002899354955390743,2.7413050225488533e-05,2.4817367119756526e+91,0.2964872703834998
YFR032C-A,256.0,0.06355376539495887,0.05706292813998945,0.0004724761321321791,0.0007780217379504577,4.921291551518387e+91,0.31600641172429583
YNL292W,33.0,0.002789499833575368,0.007325005544519364,0.00017779515782899872,0.0007629660832611135,9.475642981160271e+88,0.26964974842460065
YJL191W,322.0,0.0725667140505829,0.0655285413764021,0.0005705592815422533,0.0008339945719104754,6.4152181651815544e+91,0.3216033558611046
YDR091C,122.0,0.028685922462492776,0.028496965331171367,0.000323755000437331,0.0034456936556467375,1.0024992243256945e+91,0.29791138215769875
YKL156W,292.0,0.06929674101229955,0.06238584597456344,0.0005098671652586554,0.0006475571208150418,5.8498535489668355e+91,0.31497860199714695
YNL207W,102.0,0.024265095922213868,0.024983023237369353,0.00020209248661867126,7.921041222999583e-05,7.171117733113719e+90,0.2939297124600639
YMR309C,119.0,0.02728998288340972,0.027409568623831634,0.0002760367311015501,0.0007100793333093737,9.073213190900553e+90,0.299625468164794
YOR119C,50.0,0.010017906237023984,0.013172383465512347,0.00012815569285900636,0.00014626204645171856,1.2222049541107885e+90,0.2861734667427031
YFL034C-A,196.0,0.05592190190376853,0.05025716757653783,0.0003341932871362643,4.6406875914278645e-05,3.810254339364996e+91,0.30094864245992803
YOR151C,187.0,0.01923865471428296,0.023426940014623705,0.0006207508082785106,0.007136194722860133,4.509578177386554e+90,0.32278814104438336
YJR007W,141.0,0.031130134796059125,0.030730401912630118,0.0003641546837081402,0.002503485066466602,1.180663180372538e+91,0.3129783976866814
YLR287C-A,251.0,0.0643111593774525,0.05768075676612707,0.0004333585019668121,0.00015130850272602098,5.038856349665993e+91,0.30920905220703565
YHR021C,289.0,0.06914081751329368,0.06220583100066934,0.0004972781973116159,0.00029661701589048245,5.823554238076009e+91,0.31278331822302813
YPR163C,28.0,0.0045797940798403,0.008537233675455967,9.138481956296306e-05,4.590406272401867e-06,2.555508426226436e+89,0.27655310621242485
YPR043W,255.0,0.06462643382908126,0.05792071490491916,0.0004414333535339566,0.0002419498405712579,5.0886279688669235e+91,0.3129606531352761
YGR162W,48.0,0.0026994902520879912,0.007559849667377297,0.00023840785497551708,0.0011285374303739372,8.87769759311661e+88,0.28900523560209423
YER036C,66.0,0.020268010614069704,0.02100833361444991,0.0001297507179005586,9.791052729149692e-07,5.005253055897088e+90,0.28113063407181055
YOL139C,57.0,0.003320799083333847,0.008228166303782551,0.00026779450142281404,0.001432434835291786,1.3435606456298935e+89,0.2945413798623339
YDL184C,163.0,0.04497550166489682,0.04134865060606107,0.00028841979872432175,2.6519789302308196e-05,2.46456139401819e+91,0.296423585006981
YKR024C,69.0,0.008903811144093068,0.012902270638802019,0.00014466233258571528,9.911034312135305e-06,9.647081220207301e+89,0.2702305771772654
YPL237W,100.0,0.02413228007021106,0.024627158843938318,0.0002418131216870191,0.0008616837679991051,7.094983214897508e+90,0.2977346278317152
YLR150W,180.0,0.05378356400666364,0.0483045496764444,0.00030651936218069884,1.4175814597406816e-05,3.524504803317181e+91,0.2998207593286622
YOR167C,292.0,0.0693695868813236,0.06245381032996012,0.0005067119496087372,0.00045311923102765755,5.8621652855494124e+91,0.31392174704276615
YOR182C,252.0,0.06443050607623338,0.05778793773192351,0.0004354765579013156,0.00015854012684677466,5.057578961079991e+91,0.3096600471221811
YMR229C,289.0,0.05537608633874256,0.05257554885831359,0.000526048319196124,0.0024307777870126715,3.734620243972112e+91,0.3221476510067114
YMR128W,175.0,0.028181950686586528,0.029764481970711153,0.00035236027578053135,0.0011299717374608589,9.668406325617472e+90,0.2963599269837861
YHR148W,303.0,0.06648640052649962,0.060898608671847695,0.0005297965822013557,0.0006611328705711169,5.384357339029452e+91,0.31733256682954875
YGL068W,152.0,0.03355101166544118,0.032905555965038046,0.00033109728589814064,0.0011515101848931814,1.3716304356664107e+91,0.3080357142857143
YOR341W,155.0,0.027263824382188915,0.02857490805804191,0.00036550721687918393,0.0020066841545736073,9.053370886169704e+90,0.3120407009609949
YER025W,152.0,0.039345501729144486,0.037059389054014076,0.00032486827389032987,0.0007819618100140802,1.8861359671906984e+91,0.3016393442622951
YKR057W,178.0,0.04795506856333532,0.04388620218128245,0.00031324813833234874,3.281760231153275e-05,2.801859809041448e+91,0.2983783783783784
YPR041W,94.0,0.020912878284616604,0.022104950457097223,0.0002391067326315704,0.0006899975647755015,5.328154687289524e+90,0.30073549441569053
YNL162W,211.0,0.057738403012532066,0.05186348934005773,0.0003619564429312338,7.441388733374555e-05,4.061817192646629e+91,0.30488815244407624
YGL130W,9.0,0.0004169496811616933,0.005063682256078493,9.455085487080375e-05,0.0003846012725953927,2.1180553080929736e+87,0.26509148537674687
YLR192C,70.0,0.017682980899936317,0.019207156130198334,0.00015808317710765487,4.7923551567603665e-05,3.8093674472537314e+90,0.2868128442273719
YBR079C,110.0,0.025741624900419053,0.026061875830000726,0.00025569980163342465,0.0005134814368429073,8.072878329815451e+90,0.29585164540679604
YDR429C,87.0,0.020321518987838766,0.02152360942886162,0.00020652895859776972,0.0004985968218604768,5.031072002412377e+90,0.29521873997218956
YHR141C,208.0,0.0570464184763374,0.05128260663232065,0.0003558491732818259,6.287704243944054e-05,3.965043324719893e+91,0.30228355511746346
YPR010C,180.0,0.02799996216208907,0.029792748021994876,0.00044078519114393544,0.0025880322148928324,9.548437989572304e+90,0.31660453111557213
YMR260C,174.0,0.04458888018869104,0.041459458115330194,0.0003354679412916447,0.00028944754939391786,2.422410252557836e+91,0.30602062312895
YBR084W,23.0,0.00043104000511725953,0.005337735000698022,0.00019203073076265128,0.0011811890411735418,2.2631221276478522e+87,0.2694260054666146
YJR094W-A,255.0,0.06462643382908126,0.05792071490491916,0.0004414333535339566,0.0002419498405712579,5.088627968866921e+91,0.3129606531352761
YBR141C,32.0,0.004492502845966511,0.008637357523489172,0.00013326213327686845,0.0007767954410942985,2.45825262846604e+89,0.28293182983085596
YGL049C,39.0,0.001482334757378875,0.006473416729538232,0.00021563988580742126,0.00047614187515411174,2.6766998583227692e+88,0.2764838467317806
YLR175W,172.0,0.02426838703611379,0.026770284018926137,0.00042329240013438426,0.003728674107371504,7.169580521130525e+90,0.30514096185737977
YNL244C,75.0,0.020856364779267722,0.021659541905863576,0.00015787872064679207,3.3513122192388256e-05,5.299423067385676e+90,0.2859510982179859
YOR204W,43.0,0.0021951725203825843,0.007148870108759123,0.0001829758202414862,0.0007794124721264439,5.869393319522053e+88,0.2854631018255159
YKR059W,38.0,0.005991867919408147,0.009800334978427284,0.00011724154182527055,7.537256809352561e-05,4.3742367016921155e+89,0.28393601152204107
YLR264W,274.0,0.06703029840374994,0.060298495486896087,0.0004780058339119397,0.000794643806625547,5.473628254385592e+91,0.3113894059908614
YAL036C,107.0,0.031866995145987745,0.030532990239110776,0.00021079900139644734,0.0003601991591692136,1.2372577985078986e+91,0.29025134083499843
YHR064C,25.0,0.0012322062426268253,0.0059956075683080794,0.0001709173449496952,0.0013731142147001788,1.8499955437452398e+88,0.2842137781896818
YGR173W,109.0,0.032802151332334994,0.03126270760073992,0.00020671187084329336,0.00014910949317225593,1.3109325870161385e+91,0.2860548271752086
YGL195W,116.0,0.033064964957139266,0.03160743912004417,0.0002593521332945152,0.001712047813618169,1.3320215271268065e+91,0.2941960240899643
YOR091W,107.0,0.031952208354039745,0.03058850473923042,0.00022280464050130187,0.0005856077396140592,1.2438845396754054e+91,0.2871261378413524
YDR152W,10.0,0.0007055931534221707,0.005243823865170575,9.76982744199301e-05,0.000598018141788392,6.065086032669924e+87,0.23901277332756007
YPR175W,46.0,0.00018215116054628945,0.005797202080611229,0.00023602105523723872,0.0001971406412515046,4.0386998525620335e+86,0.27292954264524105
YAL038W,143.0,0.024954913030721566,0.026305907475525202,0.000546079161678204,0.008050642293792518,7.587559961105642e+90,0.31009493848660186
YJL005W,37.0,0.0003311754771956722,0.005604238811812223,0.0002910622381652403,0.002572504231765505,1.3363549367712552e+87,0.2982977573628749
YLR134W,44.0,0.00025189668829310696,0.005722728590253606,0.00031112554937389505,0.0007794626980728118,7.732451732913385e+86,0.2700322864690343
YOR393W,22.0,0.00023413336125830564,0.00520556627716559,0.00019033962158914637,0.002891783317028136,6.680157138084249e+86,0.2657935285053929
YOR108W,36.0,0.000225078740319335,0.005504470467216746,0.00025769428312306334,0.00022949497526231533,6.173502880032843e+86,0.2685869988322304
YDR050C,62.0,0.0004952850721578858,0.006281089504718985,0.00043907007493692923,0.0030444150775095834,2.989237849883917e+87,0.29075585988938635
YKR097W,39.0,0.0002360379155772909,0.005595993058482894,0.0002637321230230671,0.0003500005062095694,6.789466679271901e+86,0.2617230098146129
YDL080C,37.0,0.00022768686316326203,0.0055371601765271386,0.0002750977669050811,0.0005705553649830828,6.317502801867285e+86,0.2609312219333491
YNL241C,59.0,0.00025947048637134823,0.0060533360382121915,0.00041621210994177775,0.0010390653308613906,8.20446460495278e+86,0.2758758558648608
YBR196C,70.0,0.0004546902931948884,0.0064563123673905595,0.0004683036331842558,0.001977959084026551,2.519458015727835e+87,0.28342575477510784
YKL085W,60.0,0.0004995848440646294,0.00631835182357574,0.00036928845420698583,0.0010615938868204391,3.0415424240145136e+87,0.287574889294087
YBR221C,62.0,0.0004378002396454208,0.006276951893262671,0.0004161493474442124,0.0021570903344115887,2.335738700154556e+87,0.2843601895734597
YFR053C,61.0,0.00025680000992184737,0.006082097213154421,0.00045723428133663313,0.0032324310904003986,8.036288956773274e+86,0.2893688404277626
YCL009C,34.0,0.00022466807711878355,0.00545094215908525,0.00025675282373826484,0.0008394561174326587,6.150973531252277e+86,0.2692420251682763
YNL104C,41.0,0.0002295944213966118,0.005617247842090422,0.00031637607504534444,0.0009549038222709289,6.423666374768835e+86,0.2768304914744233
YGL008C,20.0,0.0003481964339553205,0.0052029795712825525,0.00022993913134425944,0.004282500349805067,1.477375080743742e+87,0.28354222313540167
YER070W,35.0,0.0003512112490983778,0.0055949913692681045,0.00022245737545415408,0.000695403787140053,1.5028705838397493e+87,0.28011773064041406
YDR148C,36.0,0.00024364892744802982,0.005539321340536509,0.00024286982983733835,0.0002393555063634417,7.234060429686306e+86,0.2675974403723095
YKL152C,30.0,0.0002469414692147471,0.005398029310209088,0.00021912223156902075,0.00035889395214101793,7.431180237305002e+86,0.26809130645944634
YOR283W,14.0,0.0001480998238710901,0.0049614189077911985,0.00010673621850038626,3.826183929067884e-06,2.672833589630712e+86,0.26200873362445415
YGL062W,61.0,0.00025836542351106057,0.006110646323057854,0.0004118947555860855,0.000824937710071457,8.134822542813021e+86,0.2747225401881252
YGR180C,34.0,0.0003503672660634565,0.005552307581907381,0.00022522836054759542,0.0007326567889969681,1.4957106806867287e+87,0.28008930383600567
YER178W,55.0,0.00037589374988430556,0.006067323126926472,0.00038527688046648275,0.0023202796512300813,1.7218358846801601e+87,0.2849032258064516
YGR254W,33.0,0.00025590741985014607,0.00548639539670236,0.0002205934607934849,9.268089144013144e-05,7.98053106708499e+86,0.27168028349246975
YLR354C,57.0,0.0002584637706164585,0.0059940209750243,0.00040708433305561504,0.0009021138710586949,8.140924844697584e+86,0.27081391355541384
YGR240C,36.0,0.00033328265791227486,0.005598382277217904,0.00024659670668190117,0.00021677727310881275,1.3536140933978268e+87,0.26975516786394954
YOL126C,45.0,0.00024345804034957795,0.005748045607064861,0.00030404806349050144,0.0007530577876648078,7.222848529525092e+86,0.27290255598951896
YGR043C,60.0,0.0002521370956995739,0.0060505867034701,0.0004388715295838606,0.0010896295144938953,7.747275780421116e+86,0.2727946627131208
YDL174C,25.0,0.00021586187513652534,0.005228245629051383,0.00020826788375066007,0.00040711966664332865,5.678293842514626e+86,0.25961809801523844
YMR323W,20.0,0.00023337220925431331,0.005165337737390648,0.00014415908491408874,3.089618596680758e-05,6.636793842159638e+86,0.26590876246447326
YBR218C,56.0,0.00025694647453771184,0.006005113860512503,0.0003649687907600749,0.0003359139163273581,8.045714662315874e+86,0.2716401751882289
YBL033C,17.0,0.0002917461253409096,0.00510009609923448,0.00019319731654687138,0.0015013905889036266,1.0372875353790685e+87,0.264190676749306
YJR069C,28.0,0.00033566280217734535,0.0053752726429661946,0.00023453375310542875,0.001109778608949658,1.3728556626264374e+87,0.27613806903451726
YOR347C,116.0,0.018318928180226957,0.020772183863695216,0.00047992725403695304,0.005616233787826361,4.0888401420321125e+90,0.30627531487543697
YLR304C,57.0,0.00029769251580680786,0.006069019948832449,0.000380309649992596,0.002661671637916257,1.0799058098147208e+87,0.28814532546849714
YKL029C,42.0,0.0002437711860697456,0.005669387658149884,0.0003148824572885644,0.0014427976616581035,7.241497454097699e+86,0.26843026648511964
YGR087C,39.0,0.00023512522992690446,0.005596440054850695,0.0002758608326487994,0.0003734397185524767,6.737038995944563e+86,0.2681564245810056
YGL253W,58.0,0.00027106798529639753,0.006019588577030819,0.0004289922983048273,0.0033092918419560476,8.953289125617896e+86,0.28959655841771154
YGL009C,39.0,0.00023216387279397123,0.005565209260742712,0.00029430504904369637,0.0008282874299397553,6.568244862066097e+86,0.27906976744186046
YPR074C,69.0,0.0002608097997060958,0.00624208562814076,0.0005078102337304826,0.002692337641917914,8.289335297894347e+86,0.2783661119515885
YDR226W,28.0,0.0021562111770748304,0.006760386232017112,0.00016245783853563903,0.0005553716467337927,5.665059056604619e+88,0.28578824747605486
YDL078C,41.0,0.00022527610019139384,0.005655241933020202,0.0002653695054924435,0.0006776274172660423,6.18441803851404e+86,0.27290255598951896
YJL026W,33.0,0.0003503458673664823,0.0055329259513778005,0.00021681278847860867,0.0006243771288259421,1.4955285020087515e+87,0.28000405802982653
YDL166C,36.0,0.0032306186506332367,0.00774828094323804,0.00017024416747610393,0.0006236267219239864,1.2709734896080645e+89,0.2839944435869733
YJR010W,26.0,0.00020732745284989272,0.005228699873609712,0.0002594206978379106,0.0016537692064936232,5.23804257805062e+86,0.27438115120787354
YER005W,41.0,0.00040557837709640193,0.0057040298697390536,0.00031264240058916857,0.0010261797237246476,2.0043273597271113e+87,0.280587607380674
YDR454C,22.0,0.00043539255659558526,0.005337604388747338,0.00015406758390490023,0.0003798183608221139,2.3098776041520525e+87,0.2716000787246605
YKL060C,61.0,0.000939910514076109,0.006606320473588413,0.0004279989951630329,0.0023183315579046048,1.0765048298930933e+88,0.2900988017658188
YML054C,39.0,0.0002335273132873281,0.005561489277672025,0.00030088270283207366,0.001917670506108396,6.645800186513296e+86,0.27333498390690764
YLR044C,50.0,0.0003838781841211939,0.0059560598597265665,0.0003426854132234412,0.0012246696558535952,1.7957436037177048e+87,0.27571050397083063
YER170W,26.0,0.0018089599727613853,0.006455916657436776,0.00015410343758537904,0.00043968457980685756,3.9873604475673635e+88,0.2843601895734597
YHR174W,31.0,0.00037791852436467796,0.005524122481860435,0.0002027615770376758,7.584471320413297e-05,1.7403920467846935e+87,0.27236394138254305
YMR108W,31.0,0.000219976267092568,0.005379847569400601,0.0002361002606149774,0.0003322703889478543,5.896813629128091e+86,0.2668729452717076
YBR117C,70.0,0.00025993345262752287,0.006262764098562145,0.0005624597072658433,0.0031459121248429145,8.233780365822532e+86,0.27724761426418887
YGR267C,19.0,0.00029190883471918495,0.00514254904256894,0.00018575385168186968,0.0015774708208451463,1.0384466284080187e+87,0.26874391431353456
YMR205C,27.0,0.00024124424034661153,0.005330300557953007,0.00019469896739329528,0.00011671564246507597,7.09218642047311e+86,0.26701494703236106
YCL040W,63.0,0.00028650497303089287,0.006133254318703319,0.00047180005436364556,0.0017821295456134016,1.000381781907785e+87,0.2802599512591389
YOL086C,39.0,0.0002930101046726802,0.005642869630115019,0.0002659585065628989,0.0016662901911260136,1.0461791874149384e+87,0.290893760539629
YLR377C,53.0,0.00017582264598081754,0.005861977398724239,0.00039925179974961787,0.0026016126702530355,3.767247146273958e+86,0.2733755942947702
YIL066C,33.0,0.000350676894934024,0.005541175505100796,0.00021335690452250127,0.000536037426184008,1.4983307620988968e+87,0.27835207503403764
YAL039C,11.0,7.608344042082464e-06,0.0047706674242947895,0.0001163517319962341,0.0001380075501535257,7.050679174240192e+83,0.2516755573792915
YHR109W,9.0,1.8274854768468477e-05,0.004741642416659674,9.333288050897843e-05,0.000364575484772586,4.067604341095211e+84,0.25727069351230425
YER100W,8.0,1.1914007919201429e-05,0.004706728976554966,8.247089904478685e-05,8.031296271907505e-05,1.728755161433296e+84,0.24484364604125083
YOR037W,4.0,1.5061099011211527e-06,0.004614862494235387,6.212055443742896e-05,2.3294592394782054e-05,2.7631922448541028e+82,0.24070117298216545
YKL087C,7.0,7.00480745157394e-06,0.004689467755824801,7.808648449960246e-05,1.1376648465664215e-05,5.97643698626028e+83,0.2430540266831051
YOR176W,13.0,4.320822176691205e-06,0.0047959568680061996,0.00014658017127517587,0.00011876452541522872,2.2753688229653709e+83,0.23726627981947132
YAL040C,29.0,5.022729577617754e-06,0.005184003046120983,0.0002404654402163517,0.00016243665631006748,3.059853144587392e+83,0.2648625305887433
YJL187C,59.0,4.1279061394480925e-05,0.005935724836454598,0.00040793305623809456,0.0017419599224913229,2.073060281661344e+85,0.29266740893908066
YPL014W,3.0,9.977641597159666e-07,0.00460836086491563,4.683537119273266e-05,0.0,1.2057355111633906e+82,0.24560622914349278
YFL009W,38.0,0.00021935830445819751,0.005561039463925566,0.0002637596874157315,0.0016085645859757393,5.862851784299428e+86,0.28307692307692306
YPL031C,39.0,6.344832362986543e-06,0.005364126923920501,0.0003810465238119858,0.0024502888694311444,4.891930278445331e+83,0.2754628474474774
YDL155W,23.0,3.89671774882161e-06,0.005071567343785214,0.0001743174946983662,2.3808007401156354e-05,1.838271214616988e+83,0.2579921480650589
YJL157C,31.0,1.4578689237318032e-05,0.005241072546537788,0.0002618200149182626,0.0005604432316559046,2.5878169923653545e+84,0.26826067939932935
YGR108W,28.0,4.2884327219045955e-06,0.005185798926566473,0.00020230944872063375,0.00010816128547861232,2.2267074808099333e+83,0.26205848841625523
YKR091W,9.0,1.254241516686738e-06,0.004736062670691559,0.00011388870716308536,0.0003632258373808214,1.9033748108032313e+82,0.24887285843101895
YGL116W,65.0,2.7112925412698305e-05,0.00601894836486806,0.0004251624245014019,0.001196631052366439,8.941914502757937e+84,0.2786330826308616
YOR083W,19.0,1.7288420844609412e-06,0.00495430793847687,0.0001661527380432706,0.0001794658237596261,3.612260124531071e+82,0.25311812179016874
YJL194W,75.0,0.00029696198812595193,0.006577982719220908,0.0004088585998230141,0.0011677053109264478,1.0727412505300356e+87,0.2878898508396787
YLR210W,19.0,3.652951256699139e-06,0.004980614699500156,0.00014760250599248932,6.411861656801642e-05,1.616393786064585e+83,0.2584390654993211
YMR199W,33.0,1.3421052714913115e-05,0.005284264031295267,0.0002608261897026731,0.0002283018873710773,2.1908324716741173e+84,0.26787014121415054
YLR182W,44.0,3.57899875862693e-05,0.00557933960620325,0.0003399252499434866,0.001532902352070248,1.5568585945231553e+85,0.28143163046803304
YMR043W,38.0,6.558576464527496e-06,0.005349932380281648,0.00035996358078912695,0.0035287590341111577,5.229772791623971e+83,0.27232363098174645
YNL197C,12.0,1.9716872781963908e-05,0.004814672928283272,0.00014286747661009067,0.0010425230997418073,4.734739500943672e+84,0.2677012609117362
YDL056W,23.0,1.6245782527446997e-06,0.00502991852127478,0.00020396288104599974,8.748589412906006e-05,3.189575141947276e+82,0.2562793073030317
YER167W,11.0,1.7763642147165914e-06,0.0047835669398220565,0.00010588491380976884,1.1414402809225871e-05,3.8243569019088654e+82,0.25214690297825687
YER111C,44.0,7.219971820363976e-06,0.005501007128153582,0.00036736830469737917,0.00122853302117956,6.329083026576062e+83,0.2763592670471613
YLR131C,21.0,2.3444694352139113e-06,0.004985651117944348,0.0002134626665112484,0.0005799407729255146,6.657966916686727e+82,0.25601780993460416
YDR146C,28.0,3.0323833287998194e-06,0.005154644435217029,0.00024089617151358146,0.0005796803638253915,1.1129136060704128e+83,0.26101759031586913
YBL016W,41.0,6.172762952844369e-06,0.005406813752022539,0.0003905998798996099,0.0011888848715081142,4.638317413042661e+83,0.2658063273462705
YGR044C,13.0,8.517951532872332e-05,0.004857667790807778,0.00015082357275362658,0.0005375483375022915,8.841450056081712e+85,0.25170998632010944
YPR120C,62.0,1.610360094191648e-05,0.0059793666703255545,0.0004006407711810089,0.0006314785689463043,3.1415211900826264e+84,0.2747362134182759
YPL256C,47.0,2.618962366995692e-05,0.005609643933401393,0.0003716600325345032,0.0011632069540429685,8.34725151914196e+84,0.2789851410087941
YDL135C,16.0,5.201252908315705e-06,0.004890260254330134,0.00016371069162915476,0.0005028350480749314,3.294002247707222e+83,0.26455787203450754
YDR309C,14.0,9.801315834588096e-07,0.004839530061929745,0.00013795092402712632,1.708809820416311e-05,1.1677162786293694e+82,0.23865110246433205
YER114C,20.0,0.0019212574795750667,0.006396867121269475,0.00014058980230396317,0.0007601664837036836,4.4978053864308165e+88,0.27983372199128054
YMR232W,13.0,5.673034169167051e-07,0.004803070812228401,0.00016938438128685218,0.00023086385228837192,3.915508245061356e+81,0.2358974358974359
YDL159W,26.0,3.0812182513254746e-06,0.005098623824389454,0.0002374981189565659,8.303992878067215e-05,1.1555932251048515e+83,0.25630310628221203
YLR319C,29.0,0.00011929412323885398,0.00525142600484743,0.0003091409961468004,0.001965561773910905,1.7329961659206855e+86,0.27602760276027605
YDR103W,26.0,3.856475917826543e-06,0.005111509568060305,0.00023841578846228346,0.0002705465264094501,1.80822167627672e+83,0.2659343835814424
YKL178C,28.0,1.007282159566215e-05,0.00512072488547448,0.0002989067099527689,0.0009308367896971976,1.2364127552934884e+84,0.2572107543916872
YPR165W,55.0,1.6167735588806486e-05,0.005712714680383394,0.0005137685792831287,0.0029081987437074856,3.18369817582919e+84,0.27966359306920663
YKL092C,12.0,7.263839094775453e-07,0.0047859002489834,0.0001371817609886226,8.980137247916958e-05,6.416521086619222e+81,0.24032391484174323
YHR084W,35.0,1.1395588466208222e-05,0.0052879688531276,0.0003361042590359387,0.0015059888623703164,1.5799217941547343e+84,0.273118598782841
YNL180C,15.0,2.4215743605795878e-06,0.004844640090988076,0.00019142633828141419,0.0004901106313151016,7.143211436709806e+82,0.24192488057150371
YOR188W,4.0,5.020215486558932e-07,0.004622302602741792,5.8109619177455424e-05,0.0,3.0671468150684285e+81,0.22826896038375652
YGL233W,29.0,5.112587730936216e-06,0.005173307213793524,0.00023852785491036514,0.0005249688514296268,3.182321973599108e+83,0.25670836627447335
YJR076C,25.0,8.21455060831234e-06,0.0050976021945877015,0.00023456166343722998,0.0005945677075665737,8.208203514304487e+83,0.2745995423340961
YPL115C,16.0,1.182842740403053e-06,0.004880503376739393,0.00015726887771006932,1.1251355244329951e-05,1.702051862560399e+82,0.23629125465519454
YFL026W,28.0,1.0134914251780547e-05,0.005123743143612099,0.0002885086316139807,0.0007118246045948837,1.251690097149826e+84,0.25862068965517243
YHR005C,22.0,4.134198879750083e-05,0.0050244703102689916,0.00020453517277592637,0.00023276106626721047,2.0826942304168824e+85,0.2530949105914718
YOR127W,21.0,1.5636851606412788e-06,0.004989715632192358,0.00019882181459612876,6.167645180703941e-05,2.9724096247824944e+82,0.24405340878945972
YER155C,22.0,6.5151207327501255e-06,0.005018085314446276,0.00022258549914694892,0.000316298495023706,5.168333236828974e+83,0.26398852223816355
YDR379W,17.0,1.2239886796878732e-05,0.004920622205569999,0.00016441085627992918,0.00011049792157588713,1.8247718314003473e+84,0.26083258517223457
YER118C,34.0,3.17863263667923e-05,0.005277942148479055,0.00031668472091962225,0.0010668345540167784,1.2311859291300787e+85,0.26826067939932935
YCL032W,24.0,2.5867713931550988e-06,0.005046917928161079,0.00022908800645330695,6.89708755236899e-05,8.144086147919053e+82,0.25365315687896334
YOR212W,33.0,0.0003454590741493859,0.005488728719027997,0.0003163218819742861,0.0026453914508580436,1.4537703661873774e+87,0.27794561933534745
YBL085W,25.0,0.002239878033671193,0.006736091288307485,0.00020813115271902643,0.0023559039122792356,6.1130783030977755e+88,0.28137424813946377
YJR086W,22.0,4.459694363268329e-06,0.005008606172408404,0.000211920008505292,0.0001465717371997096,2.422698165302444e+83,0.25048781594590913
YCR038C,14.0,5.270622442272935e-07,0.004819814776471617,0.00017838989468636743,0.0003086092230980143,3.3796359828401916e+81,0.23097200719695385
YOR101W,22.0,1.8524323147433045e-05,0.005022612498433203,0.00019009552592782258,0.00028789946927276907,4.180522402642859e+84,0.2734433050973399
YHR061C,15.0,1.0552875626829308e-06,0.004858092154732257,0.00017099441231642492,0.0005721747151530305,1.353785000352547e+82,0.23970818134445024
YJL085W,32.0,8.008375988122374e-06,0.005243098508386926,0.00026460464349384056,0.0006714736172698363,7.808112603892008e+83,0.2676363636363636
YGR014W,13.0,1.1766601171604022e-06,0.004811597704783922,0.00015085308075898078,0.00018543525851198083,1.6851149835683192e+82,0.24421536964119808
YPL161C,7.0,4.479227566410797e-07,0.004683132808463176,8.837758431587379e-05,2.2051406287794555e-05,2.4397882797648797e+81,0.2326267436470142
YLR362W,41.0,1.4718159667903025e-05,0.00542848918046246,0.0003603951241642194,0.0007487107046986135,2.638946061406966e+84,0.26909764539560277
YLL021W,28.0,9.005049366090879e-06,0.005159301386143835,0.0002670000665708567,0.0003309358098943727,9.871575061936499e+83,0.269071411162564
YBR200W,44.0,3.18945132384328e-05,0.005516372808715436,0.0003748706438715786,0.0006963175954205122,1.2393504258204098e+85,0.2746678608747574
YAL042W,11.0,2.7909038750478168e-05,0.004779701139333709,0.00011578859020555665,9.77290539920129e-05,9.495444905606862e+84,0.2427760918326956
YLR208W,69.0,0.00024163349076920413,0.006197244514798046,0.0005170468211064144,0.005334412544784062,7.114694866111431e+86,0.2861883036084612
YPR181C,43.0,0.0008612666633174146,0.006084800303762944,0.0003605447056010014,0.003526163454214895,9.039181823286778e+87,0.28408213679172456
YML130C,19.0,0.00044742733412347175,0.0052537832778035785,0.00017856927094400766,0.0005563413751934101,2.43976120338385e+87,0.2656911821332307
YCL001W,15.0,6.912374848444697e-06,0.0048370411847855595,0.00016238622693540811,0.00016984325340773434,5.825172510903492e+83,0.24010439321444105
YPL218W,21.0,1.566877687738419e-05,0.004993619497180065,0.00019766226989468956,0.00018164736280799117,2.9925283878318905e+84,0.2504309953724707
YJR010C-A,9.0,6.117080829660695e-05,0.004752003522104288,9.821535937485517e-05,8.990769167206735e-05,4.56029582767631e+85,0.23790027151661422
YML067C,14.0,2.623294459985384e-05,0.004830084949791279,0.00015384038939536223,0.00019065099735626284,8.389582795770559e+84,0.23935478275951783
YMR023C,28.0,0.003864696563663213,0.00800177868252498,0.00015802568212045892,0.0010640246989395844,1.820158426884601e+89,0.27432660769307227
YAL043C,35.0,0.001640828318085684,0.006531890803406235,0.00019408357181726143,0.0007701780815129775,3.2796531786771616e+88,0.2830624070560484
YMR061W,36.0,0.0003239978671135486,0.005562725697380968,0.00022795101128830013,0.0011279417867571348,1.2773856219107196e+87,0.2839798333161848
YPR107C,21.0,3.10280116809501e-05,0.005004830869337102,0.000150492052162811,0.0003323202083646482,1.1715138101135551e+85,0.26300743281875355
YBL076C,36.0,0.0007441980105247112,0.005843247817417493,0.00019865902432101933,0.0003077589249190355,6.7493538415271895e+87,0.26014421037749186
YPL008W,30.0,0.00038247523085393234,0.005545702920106992,0.00016312278071321492,0.0005667867403855188,1.7819462373289283e+87,0.2791968033989176
YOR179C,19.0,2.873045988463745e-05,0.0049571481394926975,0.00013847374044903562,0.0,1.0044044615563026e+85,0.25286303252404946
YDR228C,36.0,0.00021195690763393832,0.005490149851933791,0.0002210046259347381,0.0004778117945760999,5.470685167029707e+86,0.2785768357305072
YJR093C,25.0,0.00011337338761025078,0.00514989048126039,0.00018790292241510832,0.0007673464962944574,1.5628027488600487e+86,0.2614750603950547
YOL123W,25.0,5.450271214281534e-05,0.005103563746468113,0.00016710297659529834,9.257136675298401e-05,3.6138223385015377e+85,0.25920360631104433
YDR195W,23.0,0.00011307712832263693,0.005107186033078804,0.00016783531923173495,6.991347655597419e-05,1.5546491845200405e+86,0.2574146614437605
YDR301W,27.0,4.389426226458801e-05,0.005154423044901896,0.00019177285795055537,0.0004981108421444685,2.3434760725442825e+85,0.2696892710572601
YGL044C,27.0,7.063506085866459e-05,0.005174527247321525,0.00017521130075008647,0.00010972794869153508,6.071102945946553e+85,0.26626790796391875
YLR277C,27.0,0.00012916297075885822,0.005219556442769021,0.00019153197186791017,0.000484859913818331,2.0280947221632677e+86,0.26167338231808485
YLR115W,22.0,0.00011634807148981426,0.005093395840269294,0.00015085556811489975,3.6957187097038524e-05,1.645895847857455e+86,0.25933756166314303
YKR002W,33.0,0.0007524440696769368,0.00581035079987101,0.0001922797307730408,0.00027237023031143314,6.891191341370875e+87,0.2695180899370148
YKL018W,38.0,0.00010371520513734468,0.005462107183302331,0.00024646715900524105,0.0008795771245480764,1.3094977841758925e+86,0.2716401751882289
YGR156W,20.0,0.00011299490680138093,0.005046580308551162,0.00014050940568860755,7.782232409430801e-06,1.5523935393789445e+86,0.25668449197860965
YKL059C,23.0,2.8816047604408642e-05,0.005036660763953728,0.00018249497003517413,0.00016047490037602078,1.0103829473730153e+85,0.253618194348725
YMR137C,16.0,1.160777335190741e-05,0.004920786349421058,0.000120099889081325,0.00022919087408046309,1.6368535208994243e+84,0.2566606221230297
YOR250C,20.0,2.970438256224672e-05,0.0049786291479272365,0.00014364256685726496,7.746584833489835e-06,1.0736490775009411e+85,0.2535599448782728
YNL317W,27.0,0.00016622546591028013,0.005228562845454067,0.00018710136848773426,0.0001732781245168057,3.3609231293467734e+86,0.2630826422647984
YMR039C,7.0,3.621214795163628e-05,0.004732562164351402,5.774642755936476e-05,2.9494920708294266e-05,1.5952709912284657e+85,0.2586570451244084
YNL222W,44.0,0.000300743430654384,0.005744240810567888,0.00026895610086329156,0.0009949668161593158,1.101525143983732e+87,0.28105906313645623
YAL044C,31.0,0.00016025966256223378,0.005333359819669998,0.00023569064776403568,0.0008158780498359481,3.130235980776752e+86,0.2738502753385921
YPR035W,51.0,0.00047266877066894395,0.00599123621742569,0.00038886360904889767,0.0025831726324522285,2.722433415568167e+87,0.2860400041455073
YOR196C,16.0,3.901718533439956e-06,0.004863139766993386,0.00016535913521062998,0.0001267678936804812,1.8553132978880775e+83,0.24204156800841883
YOR184W,23.0,0.00014919683479927022,0.005133011997738372,0.00018172756926035846,0.00026071781274833667,2.7127469849068854e+86,0.2617478306225995
YFL030W,36.0,0.00025631208004526433,0.005498325651324454,0.00030675182864373763,0.0026864482931453,8.005746353394929e+86,0.27370091233637445
YKR080W,22.0,1.3549415489525726e-05,0.005011026373782183,0.00018724530596388932,0.00016969363613219114,2.2360156214139813e+84,0.25400331308669244
YDL215C,53.0,0.000439035382547376,0.006040285481551755,0.00036696310450069753,0.001394030257615934,2.34897536768079e+87,0.27921092564491656
YAL062W,48.0,0.000432846190168663,0.005928267950613869,0.0003291152178532217,0.0007476681956942316,2.2832009266006003e+87,0.2725925925925926
YOR074C,39.0,2.5654734573426587e-05,0.005415385303583964,0.00028561369178891363,0.00160364993097936,8.001871621598566e+84,0.2678311499272198
YOR375C,50.0,0.0004369796116026155,0.005975912240235123,0.0003421206477548527,0.0008477603511577279,2.327017842903026e+87,0.2757655992406455
YJR122W,21.0,6.509668207236914e-06,0.004974533334337799,0.00019915896160089085,0.0002690274921803106,5.163207076487002e+83,0.25225060549284833
YJL046W,8.0,5.743884303896381e-06,0.0047051056461172,8.506465020706576e-05,1.9627292055150348e-05,4.021523166303649e+83,0.23365079365079366
YGR193C,17.0,1.4623652328291008e-05,0.004926322287701655,0.00014573305180446384,0.0001992617804477178,2.605911992598003e+84,0.24456160560010634
YBR263W,38.0,3.99914078283783e-05,0.005375686925430897,0.00031079566776694026,0.001302863331563082,1.946452327402374e+85,0.2730240379859531
YMR250W,58.0,0.0004672859021350462,0.00612195846805434,0.00046699920723145677,0.004693845673752513,2.6611083513600623e+87,0.2858474444617058
YLR359W,53.0,0.0002418321934847967,0.005876181360161545,0.0003635715566359071,0.0012488991654818946,7.124868792014257e+86,0.2797911703583557
YMR189W,27.0,2.0995113565900524e-05,0.0051340005962034994,0.00021482747618030998,0.0002771272232606876,5.371740396811707e+84,0.2576549663928305
YDL171C,62.0,0.0004939293273272476,0.0062779454757921705,0.00043765641982699015,0.004285992113732454,2.972861105994044e+87,0.2911392405063291
YOR236W,22.0,8.379452240947538e-06,0.004994850477435372,0.00019367549880420728,0.0002587150181408346,8.551338759176669e+83,0.2533039647577093
YFL018C,45.0,0.00021005045436788827,0.0057161881336676825,0.00031169462429188875,0.0008357167656990802,5.376804458169417e+86,0.27157335432451046
YLR239C,8.0,4.465553500772159e-05,0.004728692093257266,9.134593864236601e-05,7.195544326068834e-05,2.4307718900802237e+85,0.24635158655777212
YHR037W,36.0,0.0004185219615604257,0.005619487347870656,0.0002822382814798957,0.0007510443304578728,2.134572315230445e+87,0.2691370063383715
YLR058C,51.0,5.155659237477898e-05,0.005662134734644556,0.0004064566466417503,0.0026000972212641776,3.2359447608131856e+85,0.2830624070560484
YNL071W,42.0,0.00013005957641848258,0.005576126606638947,0.00029460245940521784,0.00032966973289290505,2.0614142097508795e+86,0.26683424372794506
YDR019C,32.0,2.5180577225238283e-05,0.005238881106716639,0.0002594218252457128,0.0005860944948597618,7.726327520795783e+84,0.2625695666650811
YGL125W,18.0,4.181306151035874e-06,0.004916634070473104,0.00016142673117570881,9.545326675699835e-05,2.128733468261532e+83,0.24638457418318158
YAL044W-A,9.0,8.484290017741656e-07,0.004710579537069242,0.00011837698045167594,9.592791119680496e-06,8.769226615982468e+81,0.22308438409311349
YGL220W,9.0,7.713306684386217e-07,0.004709855346841164,0.00013415108125257191,4.327408737847164e-05,7.247646817040759e+81,0.2221417360859592
YPL059W,24.0,1.957284130038187e-05,0.005044890590701812,0.000267491819637754,0.002024940525857679,4.669333029134862e+84,0.26205848841625523
YDR098C,17.0,2.0751803500544783e-06,0.004868408879274169,0.00023895565236124047,0.000427886940952614,5.2456333981583504e+82,0.22866611433305717
YER174C,11.0,1.6574399536054172e-06,0.004750313491327035,0.00015538326851008495,0.00012524499172145742,3.343352184863871e+82,0.22792963911140474
YAL046C,11.0,8.74868348938736e-07,0.004749880744613938,0.00014443058713077268,8.284950431914443e-05,9.324167987687544e+81,0.22497554613628953
YKR071C,20.0,0.00013755413809998955,0.005043659372231516,0.00020252076282085147,0.0006770542189793255,2.305121176312729e+86,0.25985030362943085
YKL040C,26.0,1.0879381664820681e-05,0.005086679754930685,0.0002455995647636944,0.0005939476926944083,1.4418080255995637e+84,0.2603159632162226
YAL049C,5.0,2.4223158002868295e-07,0.004628210895202412,0.00010351733318489904,0.00026434094261944003,7.150869979922621e+80,0.2211804303401851
YPR067W,16.0,5.510485318808997e-06,0.004871345806800739,0.0001563158807399426,2.9571338823125842e-05,3.699592850952049e+83,0.2468252548739045
YAL047C,20.0,2.0988693151917366e-06,0.004958800606916764,0.00016730287274010792,3.328141760442211e-05,5.3466580675275814e+82,0.24481106971793506
YDL028C,35.0,1.4604638394116753e-05,0.0053358658294991165,0.00024324064540590286,0.0002584141746885666,2.5944253388751494e+84,0.2688617212994983
YPL255W,12.0,7.605557763417733e-07,0.004778616222372473,0.00011401127630130369,7.4769376487100835e-06,7.0224673758019555e+81,0.2326561578015679
YPL124W,20.0,5.233275259551652e-06,0.004972019849647739,0.00016792840761625192,0.00013394851395195497,3.3312142955257184e+83,0.2582456140350877
YHR172W,12.0,8.608886912298567e-06,0.004789731626105126,0.00011102610239170207,2.7641340880030568e-05,9.031110709867077e+83,0.2461867808402462
YNL126W,15.0,1.5634349050798293e-06,0.00484480268633534,0.00013159727239315174,3.60779934786339e-05,2.9743457261355418e+82,0.23613963039014374
YDR356W,32.0,1.582678125571267e-05,0.005247862672652464,0.0002455675149441351,0.0005272070233265145,3.0490063718200946e+84,0.26877008472100494
YLR212C,14.0,1.0321418248134635e-06,0.0048347411480934455,0.00012275566713782429,3.066162284397966e-05,1.2922148455119833e+82,0.24307543264784887
YOR257W,36.0,6.594378664488647e-05,0.005365559052679045,0.0002667368150209749,0.00180046662188541,5.296429422399984e+85,0.2799188640973631
YLL003W,12.0,1.5249871065019892e-06,0.004797010130957434,0.00011184132694649841,3.610073047754385e-05,2.818896009717692e+82,0.2492324363373668
YNL225C,18.0,4.854649611707822e-06,0.004912570904527955,0.00019070905959701285,0.0009151645980224266,2.868215451959324e+83,0.2499207678725042
YNL188W,17.0,5.102529173850473e-06,0.004889607964877415,0.00015128985465716547,0.0002847467289206649,3.170638230165362e+83,0.25718678656292226
YDL126C,90.0,0.0015214886375654242,0.007654608549482087,0.0006120503263811647,0.009365548495287895,2.8208383426760135e+88,0.3101123595505618
YIL065C,29.0,1.646476703748506e-05,0.005171461026199364,0.00026532482972830803,0.0022528880931369255,3.3022435408207024e+84,0.2786893522492048
YGR231C,14.0,0.00014881520652707607,0.004926091384800539,0.00014485462685768125,0.0002071299966932521,2.698902431132222e+86,0.2571149098700452
YGR016W,3.0,2.419976262470298e-07,0.004585489858727144,8.16272948369646e-05,3.244553697313769e-06,7.146534246531447e+80,0.198711256704705
YBR108W,9.0,5.339321259822046e-06,0.004725003030676868,0.00012484115825120567,0.0002831132840999218,3.4743343938926916e+83,0.23441481229828434
YGL256W,46.0,4.5775234486695016e-05,0.005580458670840306,0.0003681160590032633,0.0018712963579978334,2.553793190814689e+85,0.2690451820441585
YDL025C,5.0,2.4413412281159947e-07,0.004623443473313442,0.00013528195650164862,0.00014848669394543877,7.273188676204183e+80,0.2031503017812454
YAL051W,1.0,6.221387873148933e-12,0.004546374662517943,8.575354557547137e-05,0.0,4.720723814670563e+71,0.1405187994806914
YOR363C,2.0,1.3475369513125393e-09,0.0045653474204992,0.00013266887343077482,0.00036231884057971015,2.2155806284869927e+76,0.16348773841961853
YAL053W,2.0,8.416159194491915e-09,0.004566425749443485,6.432342233614784e-05,0.0,8.646715587268326e+77,0.18538420204191294
YMR238W,5.0,5.379160685367146e-07,0.004625990917959111,0.00013271560347115826,0.0004777225611280698,3.5283103929685635e+81,0.2099737532808399
YNL322C,12.0,1.286298365816823e-06,0.004765885178287089,0.00020228006973075312,0.0004521675058696956,2.0178030639257443e+82,0.22387151721620635
YAL054C,59.0,4.842254601719358e-05,0.005885563563627075,0.0004280502419295739,0.0013021570179072954,2.8579740801545433e+85,0.26727351958553236
YBL015W,24.0,1.4287122386480442e-05,0.0050870421634594196,0.00017981478436352447,5.9373806955924054e-05,2.487155459492966e+84,0.2501926301953497
YCR005C,60.0,4.869650463310423e-05,0.005920545098498891,0.00041600399624567344,0.0008880285277476161,2.889805658391562e+85,0.2656016936919598
YLR153C,46.0,3.451431947015043e-05,0.0055972045164633935,0.0003173552028905432,0.0005860263199689451,1.4516249431002734e+85,0.26599845797995375
YDR216W,7.0,8.408694589879599e-07,0.004679010095124137,8.708174711653372e-05,8.004608959462282e-05,8.611173451958804e+81,0.24774471522822136
YPL061W,40.0,2.922249447796795e-05,0.0054313515064047845,0.0003158360180718393,0.0007898365573281609,1.0408917977623546e+85,0.26182232130152255
YIR031C,45.0,0.0002693320687306759,0.0057267715560081625,0.00033112962233363443,0.0006638702766814725,8.839961770758833e+86,0.26541013558996057
YOR142W,61.0,0.00038831291559655195,0.006212937935132606,0.00040134266812079844,0.0015254710133367612,1.8367938406314917e+87,0.2793522267206478
YKR009C,30.0,7.59915991009404e-05,0.0052303535580367575,0.00024139482251836445,0.0005144764175246835,7.041374896045973e+85,0.25675612819200894
YMR169C,48.0,3.109540153864416e-05,0.005595194814924275,0.00040640338396484105,0.002415609761558644,1.1786171032162992e+85,0.26974198592650506
YML042W,18.0,1.4377613222541017e-05,0.004925845640873838,0.0001703775357954641,0.00037987284462140457,2.520380911026423e+84,0.24500665778961384
YDL182W,26.0,1.5418268313016428e-05,0.005116722346309661,0.0002041855179834097,0.00015278808766291529,2.8967092826794234e+84,0.25982584137444104
YMR207C,23.0,2.666206769301821e-05,0.005062965487617251,0.00018092818417888516,6.15848430260056e-05,8.664234465324422e+84,0.24962691629358297
YGR244C,55.0,0.00026704497347764894,0.0059765030519688105,0.0003652401464482593,0.0011316573098771015,8.685164368064005e+86,0.2757380488535891
YCR010C,2.0,2.4098645105159233e-07,0.0045713032335858465,4.451833737042776e-05,0.0,7.077687845792499e+80,0.21207115140804486
YDL131W,25.0,1.4630466561208215e-05,0.005091458184685881,0.0001977367211320014,0.00012629791976648966,2.608277796612236e+84,0.25758282781147923
YIL160C,35.0,8.314600431583314e-05,0.0053541092479051835,0.0002704151346673445,0.0008342470115993154,8.428547304056192e+85,0.25997268402957663
YLR174W,43.0,3.896516687725069e-05,0.005547558841553238,0.0002860782847124555,0.00010768307616812651,1.850360521411821e+85,0.2566725564958616
YMR303C,20.0,9.153896251284655e-06,0.004975493464860738,0.00016265513458441853,2.716603677698585e-05,1.021312310055799e+84,0.2423390991307402
YMR170C,30.0,2.3204879122368114e-05,0.005201433192866672,0.00024063039800225686,0.00033959210255744116,6.563341363707603e+84,0.25727069351230425
YPL028W,50.0,8.898400900493655e-05,0.005680795499182794,0.0003957519886205114,0.0014423306347627095,9.653930198574843e+85,0.26719589525146425
YNL117W,48.0,0.00026703741030456476,0.0057951497990513835,0.00034079396084488146,0.0005859580949821048,8.689893101675756e+86,0.26509148537674687
YNR016C,37.0,0.00011083368019928087,0.005420723794227761,0.0003042418308426154,0.0022004790655084172,1.4972379344116892e+86,0.27261951797708417
YJR095W,10.0,5.050719361953313e-06,0.004753220818162835,9.97973683630807e-05,5.613323365169441e-06,3.109260333533902e+83,0.2292168424549456
YAR035W,8.0,3.7967329555238643e-06,0.0047052560046349995,9.702970385226043e-05,8.765039614448858e-05,1.757176290350328e+83,0.23346303501945526
YLR284C,27.0,0.0015895824325324642,0.0063034305247848905,0.00016867009214194533,0.0007377921450182546,3.0798489926640165e+88,0.2651678916270356
YER024W,8.0,2.9707548327538115e-06,0.004702156004722478,9.858540909415142e-05,4.554307643807645e-05,1.0757157952091625e+83,0.22280524722502523
YOR374W,45.0,3.6523965929162037e-05,0.005561099090646605,0.00034989457143422064,0.0017204222189664477,1.6258702760691848e+85,0.27058823529411763
YGL205W,40.0,3.221487626094084e-05,0.005410332842096851,0.0003181109039704056,0.0014074102590649743,1.2650489931790277e+85,0.2622327790973872
YPR006C,23.0,0.0002495103862195845,0.005232844378503052,0.00016806939988968158,7.690122543853461e-05,7.586635748707289e+86,0.25542547776595254
YER073W,31.0,2.3688862889862825e-05,0.00522478649317215,0.0002487570117843693,0.0004516615191152701,6.839984954987342e+84,0.25981361197401864
YMR110C,32.0,2.3273146829903412e-05,0.0052431319896808475,0.0002573900773295286,0.0005435139323053948,6.601991985506073e+84,0.258257696266492
YGR019W,29.0,1.7082350841319193e-05,0.005181381628268862,0.00023640930967539395,0.0003486776072467429,3.5569806276274747e+84,0.25433099889421307
YKL217W,7.0,3.781354422236938e-06,0.004680379472528545,9.196022556423044e-05,7.158864197351603e-05,1.7429195896676694e+83,0.23093335564573483
YNR001C,65.0,0.00028643116331559376,0.006249051848034007,0.0004122324254720319,0.001167141509104479,9.999033195120303e+86,0.2842284125431234
YPL262W,61.0,0.00031041027751946856,0.006157966546382797,0.00039929389121629434,0.001660456673918362,1.1741765132853375e+87,0.2768860353130016
YER065C,34.0,0.0002561647972893965,0.005472218080322974,0.0002787946666283003,0.0008069065591576265,7.996730683720428e+86,0.25992371803927106
YPR001W,58.0,5.069962434202168e-05,0.005888770348760876,0.0004054627499060672,0.0008647780349459931,3.1321547252165606e+85,0.2647608998033479
YAL055W,18.0,9.866058480364633e-06,0.004914950811871051,0.00015260651410160448,7.416167094350288e-07,1.1863520517495327e+84,0.2314077303596881
YDR265W,26.0,1.3759075252589462e-05,0.005089798994797538,0.00020993376590317696,0.00026000195467890596,2.307300983100788e+84,0.25354829819484637
YNL329C,23.0,1.8056477873338334e-05,0.005026528495267155,0.00019006010144489744,0.00014140943201619932,3.973690074689156e+84,0.2469688157129435
YHR160C,21.0,1.0277530991554325e-05,0.004975962983308214,0.00017925466568871702,3.889099852754691e-05,1.2874093291286172e+84,0.23510370969802802
YMR026C,23.0,1.3004335376594051e-05,0.005021478889927523,0.00019021239829912053,5.3689350339236293e-05,2.061068894470887e+84,0.24223275408109532
YGR077C,21.0,1.039637291886775e-05,0.0049790733650379605,0.0001741518739417391,1.4232546873804491e-05,1.317322174368296e+84,0.23795154754720235
YLR191W,25.0,1.1030035857144335e-05,0.005064532829814475,0.0002054460549523348,0.00011569783838292908,1.4828276349282988e+84,0.24849194201854685
YGR133W,24.0,0.0004863812080042119,0.005411934055097065,0.00018433378450785545,0.0006447673173701148,2.8824306941797266e+87,0.2659471959915205
YKL197C,18.0,9.845627264840514e-06,0.004915875516425415,0.00015280583141035525,3.0402424452201395e-07,1.1814395427953614e+84,0.2316894018887723
YDR244W,37.0,0.00022426920282173264,0.0054816181748108695,0.0002844018503043951,0.001984083164829083,6.129097408522664e+86,0.27833803953206937
YGL153W,25.0,1.1030035857144335e-05,0.005064532829814475,0.0002054460549523348,0.00011569783838292908,1.4828276349282981e+84,0.24849194201854685
YDR142C,23.0,1.0517655966061862e-05,0.005021128826005826,0.00019175068944502066,4.270142764217717e-05,1.3482724475156104e+84,0.23997913224936962
YBL041W,70.0,0.001240839058268166,0.007032949303275257,0.0003832736261007582,0.003010523717703536,1.8761482577904273e+88,0.28330938205707246
YJL210W,22.0,1.2976324014699004e-05,0.0050019488416225616,0.00018020145609221028,3.9577375843988646e-05,2.0521984987567062e+84,0.24222212470928958
YOL044W,21.0,1.199802523683145e-05,0.004977535879001178,0.00017956786414639414,0.00013663281175238065,1.7545835549278889e+84,0.23705230610667355
YGR239C,21.0,1.7247281769029817e-05,0.004982829265909334,0.00017393519812150413,0.00026227610255502603,3.6258631090263167e+84,0.2422752808988764
YDL065C,28.0,1.45557114225092e-05,0.005121199612081064,0.0002600366542517667,0.0006998766242896379,2.5815606233363207e+84,0.2509661286656058
YDR329C,29.0,1.1050618715546296e-05,0.005139033701458532,0.0002628354696579696,0.0007802145664685278,1.4881971074889829e+84,0.25116025116025115
YNL214W,21.0,1.0367229673608695e-05,0.004977933066382782,0.00017579554880136245,2.3085979438808852e-05,1.3099429245809955e+84,0.23746020820786373
YAL056W,12.0,3.187873024859392e-06,0.004780438704005308,0.00012203130935385304,0.00015785106275125553,1.2380515572333632e+83,0.24757804090419805
YOL081W,22.0,4.126970052623121e-05,0.00503370847434843,0.00018692982664307264,0.00045367743288222663,2.076182388057632e+85,0.2675844684667216
YEL020W-A,36.0,0.00013761758691468117,0.005405748164584546,0.0002726945213176404,0.0006685496755349285,2.3087386060240393e+86,0.26075865652605223
YBR140C,16.0,6.432232485588017e-06,0.0048795152286613035,0.0001433197418400941,0.00022422771444787108,5.037594615606692e+83,0.25813692480359146
YIL033C,30.0,0.00010930206485457132,0.005246891779458728,0.0002708688108681413,0.0013107625174080817,1.453814984670942e+86,0.27602760276027605
YOR371C,14.0,3.525464056710026e-06,0.004823308897057217,0.00014214047481540462,0.00025383223033703656,1.5139677752705924e+83,0.25144627158019406
YDL217C,18.0,1.1198807912051587e-05,0.004926872634871315,0.00014935399216710443,0.00013805454954213573,1.52780799103383e+84,0.25062429057888763
YER020W,29.0,9.072262920201353e-06,0.005137944263029054,0.00028969654484708866,0.001231514312721089,1.0024205947323445e+84,0.2640390318568832
YCL033C,5.0,1.7305436557904199e-06,0.004631781522117593,7.724263930659046e-05,0.00017483295352728847,3.6504847727684275e+82,0.2340172969306427
YDL035C,20.0,8.270650215102343e-06,0.0049559035574577226,0.00018615331458321277,0.00018876987942750023,8.332337234561234e+83,0.25989924196054426
YAL058W,37.0,0.0004720145819125021,0.0056972626913986725,0.0002919514309349302,0.003230035990064084,2.7152066519205844e+87,0.29400798934753664
YFL025C,7.0,4.544384015017596e-06,0.0046744334954666065,0.00010214347733050879,0.0004498222824080847,2.5175864266609946e+83,0.23714396185075395
YPL094C,18.0,0.000507629130641313,0.005274131277356519,0.00014368886917256966,0.0004008109238852861,3.1405675898278247e+87,0.2624197765628714
YOR254C,27.0,0.0007599159595345644,0.0056644845776344325,0.00017540126588944717,0.0005685656180017491,7.037554012704297e+87,0.2683258798366712
YCL043C,20.0,0.00023395483058984213,0.005125997433066739,0.00018256904794357963,0.00046134967916345985,6.670835640927223e+86,0.27517447657028915
YDR057W,18.0,0.00024076603780350323,0.005097348512699731,0.00015219467002829942,0.00016791284169005117,7.064839267222374e+86,0.26649929995654903
YOR336W,19.0,0.00011420949270538392,0.004992871960879851,0.00025522080393546563,0.001429899159391592,1.5898043797545816e+86,0.24701302188213184
YFL037W,66.0,0.001738711695229244,0.007336191391956974,0.0004632514752207389,0.009540555401853145,3.6839161231176996e+88,0.31609689056863083
YDR518W,11.0,2.736268236081385e-05,0.004785727921341218,0.0001148405111071688,0.00015079020978302956,9.126088526722283e+84,0.26638355371103173
YIL005W,9.0,1.9231559064784985e-05,0.004735229966970385,9.738128968625283e-05,3.0415570034932373e-05,4.50816099846477e+84,0.25408515535097814
YMR149W,19.0,0.0004935972970949687,0.005284835075989093,0.0001516454364560491,7.260136390359219e-05,2.9693643258800826e+87,0.2534435261707989
YKL073W,24.0,0.0004715771535184611,0.005402236199887568,0.0001852017630019153,0.0002064628609992789,2.710234777042675e+87,0.27609663382183763
YOL013C,31.0,0.0007198141467523311,0.005734251120502788,0.000262118334258942,0.0020194955335843027,6.313669959990035e+87,0.2828013730211589
YHR204W,14.0,1.633846188919535e-05,0.00483219564884976,0.00014111592328438743,0.00017829876728823305,3.2543981943906874e+84,0.24988682661837935
YOR067C,22.0,0.00028940529364505625,0.005203623048283963,0.000191798891639117,0.0003967425496719564,1.0198037380907934e+87,0.25910627112279383
YJL002C,28.0,0.0007077391767075554,0.005634448754281576,0.00021013053003959796,0.0005743209369782727,6.1046217476677335e+87,0.26333365136914416
YDR238C,26.0,1.1891833875103338e-05,0.005104587027088605,0.00023308508529063754,0.00044544086930443114,1.7235685198889768e+84,0.2637992831541219
YEL002C,24.0,0.0005530099153329785,0.005435223152021965,0.00018397503059772608,0.00022436606355300573,3.7272067336377655e+87,0.2611657834973505
YBR201W,20.0,0.00024294592153912818,0.005139810345961844,0.00016630714811991667,0.00017247360934851192,7.193371466363005e+86,0.26835196888672824
YHR101C,6.0,3.450898631116307e-06,0.004653149344512977,9.125412795517497e-05,9.12666178761122e-06,1.4519842110170504e+83,0.2319327731092437
YLR106C,101.0,0.022751118292764574,0.023772709760863122,0.00018911002890850884,3.848076158550323e-05,6.304731520117433e+90,0.2766778607588592
YPL012W,166.0,0.025927056509606264,0.027927475349443214,0.00032856540846674237,0.0004415648616772625,8.182810511284931e+90,0.3012935975110529
YJL122W,91.0,0.021193450256961337,0.022347025197704432,0.00017729568382716078,7.07966353713381e-05,5.471390683912703e+90,0.2801035165169737
YCR072C,126.0,0.025508979413130153,0.026447861366068377,0.00024747547703093427,0.00019188518401491473,7.924842818326703e+90,0.28174765210289915
YDR395W,12.0,7.93602535383535e-05,0.004848372864726999,8.828550347823806e-05,1.5577786368950747e-05,7.661057524246783e+85,0.25422557914613364
YPL169C,61.0,0.0018695168004544218,0.007292107893135083,0.0003112846462278356,0.0014378505573735612,4.256427648941182e+88,0.29169308814204187
YKL186C,24.0,0.0007621354146963832,0.005642459716418308,0.0001316796575531361,8.314514550098304e-05,7.072357251508949e+87,0.26085723737063465
YOR252W,22.0,0.0033337116553923364,0.007540192475296416,6.672530461205887e-05,2.1944007611676648e-05,1.353013271703273e+89,0.25829394974498154
YHR170W,162.0,0.032286058341194634,0.03228406895072636,0.00031528509109018455,0.0004802588436322915,1.2695667819910675e+91,0.2975901665857998
YLR018C,35.0,0.00033979186968625616,0.005548341083452874,0.00023135904836841154,0.00043461124885299713,1.4057992859363193e+87,0.2619217081850534
YAL060W,3.0,3.468617569229107e-07,0.004592139778392854,6.289910642210181e-05,4.602695623561672e-06,1.466355504799265e+81,0.21645361148145242
YAL061W,2.0,1.451317195618905e-07,0.00456973036189756,5.2202051263023746e-05,1.9631293357411823e-06,2.567606371808819e+80,0.21247113163972287
YBR208C,56.0,0.0005812869850357847,0.0061746437762728755,0.0004664887859872762,0.005104704283878489,4.117764219084764e+87,0.2902360797097639
YOL033W,176.0,0.04194105342687611,0.03947093092398516,0.0004449097484938584,0.003421071296662337,2.143272072264759e+91,0.29610556807209526
YDL066W,41.0,3.8627075129381525e-05,0.0055003889958775976,0.00027933277370421477,0.000182400899250209,1.8183858444441318e+85,0.2558161089999073
YKL215C,11.0,1.4796010153561996e-05,0.004783429487654342,0.00012485128646648152,0.0003954979879915902,2.6686521842395986e+84,0.24042859009538742
YNL037C,41.0,0.00020886150932643695,0.005638092627619911,0.0002684560214156824,0.0002925635189948831,5.316036673725905e+86,0.27256567252617026
YGL245W,186.0,0.04436227262440311,0.04147220918966014,0.00046674218482924514,0.0041946228413537534,2.3978742596040893e+91,0.29865281610128225
YLR299W,20.0,1.679669069770351e-05,0.004969206342391722,0.0001938972981680297,0.00033940644844267535,3.4387862095343425e+84,0.24798957724965182
YOR136W,40.0,0.00020401714869673396,0.0056046125091991335,0.00026582063822351066,0.0003276680105459196,5.07233997934614e+86,0.27041591142899135
YJL071W,18.0,7.2616215914756295e-06,0.004924485535138191,0.00016280746457591233,7.690968670984496e-05,6.426665086731979e+83,0.23944822799635623
YDR111C,25.0,2.008640271173632e-05,0.005112357980244452,0.0001787599457152143,8.557466757529222e-05,4.9141989301362476e+84,0.25133178527523564
YLR351C,24.0,0.0002897812943218436,0.0052964164096969465,0.00017531382573164064,0.0004158226309934551,1.023332221298734e+87,0.2626445258600181
YNL009W,38.0,3.732800586082578e-05,0.00543628057112572,0.0002522880006849487,5.8104733298789933e-05,1.6981288736298666e+85,0.2555437248275543
YMR062C,24.0,8.914876555762094e-06,0.005058202891094427,0.00020098518015396855,0.00024682433481230427,9.684302380502933e+83,0.2493562813389348
YOR323C,22.0,0.00014682135066696795,0.005127437483404827,0.00018374429247363885,0.0008154076887649518,2.6270922849599094e+86,0.2766085387853277
YLR089C,26.0,2.0849371610652186e-05,0.005134920054128183,0.00018553547156539786,9.379698123017873e-05,5.294723357606607e+84,0.25222755311857437
YIL164C,26.0,2.3481172707544444e-05,0.005115928143738177,0.0002505427576882091,0.003075402933965925,6.720398068432894e+84,0.2528282874547703
YAL063C,1.0,2.2315527067926536e-09,0.004547223596381253,4.354385440180929e-05,0.0,5.999914614620466e+76,0.18983423894353119
YIR019C,12.0,4.816672320354895e-07,0.004769695626652515,0.00022966886990452318,0.0010982734700430454,2.815944108151855e+81,0.23430536100853178
YAL064C-A,2.0,9.230297275265755e-11,0.004565663956000905,9.141266364462084e-05,0.0002582530257872895,1.0378286592791487e+74,0.1529594324983374
YAL064W-B,3.0,4.5249890937058214e-13,0.004584877163296248,0.00012600815706379363,7.761536688436066e-05,2.4743134079848293e+69,0.13805867493684815
YCR019W,5.0,1.9991043265914014e-08,0.0046236264329645935,0.00016577912072725424,0.0006313568150722542,4.870628919426381e+78,0.1785425494064754
YHR213W,5.0,3.750794204952415e-12,0.004624536417970928,0.0001813715679983083,0.0003905169291258109,1.6719788923943812e+71,0.15134068103306464
YHR213W-A,6.0,1.6461506769674279e-12,0.004643144572101743,0.00020400784929528967,3.3439809968379344e-05,3.237969531299449e+70,0.14047231270358307
YAL065C,4.0,8.654335922541116e-11,0.004603769254395348,0.00017821262834390904,0.0006420370491637993,9.053476513323922e+73,0.16341513958376505
YER158C,1.0,4.0422312703091637e-13,0.004546534280243937,6.543232948818265e-05,0.0,1.9290186111825922e+69,0.14046516362155834
YFR056C,3.0,1.8682473629197454e-08,0.004586536565959157,8.894986681967781e-05,0.003754261512403926,4.2428674061870745e+78,0.19273070074368912
YHR212W-A,5.0,9.549550150776875e-12,0.0046232826470545725,0.00023325216556311905,0.00019476127671032566,1.1094886048892366e+72,0.14939915556999026
YAL066W,1.0,1.2969196476760177e-13,0.004546455101993444,7.347382754501023e-05,0.0,1.9788017116658075e+68,0.1316197334223515
YNL162W-A,3.0,2.78157670010024e-11,0.004584710133174252,0.00016184973083778153,0.00036231884057971015,9.28712387165307e+72,0.1515650741350906
YAL068C,17.0,1.1161965206549525e-10,0.004868722439150747,0.00026292198918333295,0.0025678497680021815,1.5006673778521325e+74,0.16379821958456972
YLL064C,16.0,2.566067157565601e-11,0.004850413290276947,0.00022721459610427903,5.75321275534436e-06,7.827749924418755e+72,0.14869487918541066
YGR294W,17.0,2.5775942769585746e-11,0.004869642171360484,0.0002431348619629633,2.005214966264427e-05,7.895010250407998e+72,0.14869888475836432
YLR461W,14.0,2.53994826167768e-11,0.004810626379939595,0.00020088169677477823,0.0,7.687367403630755e+72,0.14868286376124548
YHL046C,18.0,2.77293997793091e-11,0.004889671599053316,0.0002632827060463494,0.00044753636699270706,9.143176526009115e+72,0.15425888665325285
YIL176C,16.0,2.566067157565601e-11,0.004850413290276947,0.00022721459610427903,5.75321275534436e-06,7.827749924418758e+72,0.14869487918541066
YGL263W,3.0,6.8029064555877e-13,0.004587070352546785,9.027248123317526e-05,0.0003139291093164053,4.825594222061548e+69,0.14078759436849622
YEL049W,18.0,2.588921855275497e-11,0.0048887852786847425,0.00026049190821623183,3.703315052171263e-05,7.962510702378168e+72,0.14870289054712965
YCR104W,17.0,2.5775942769585746e-11,0.004869642171360484,0.0002431348619629633,2.005214966264427e-05,7.895010250407998e+72,0.14869888475836432
YKL224C,21.0,2.8890998410965023e-11,0.004948327292041571,0.0003154944179774594,0.0011824407269565484,9.909391201721439e+72,0.15751177058068197
YDR542W,15.0,2.5536817334753655e-11,0.0048307697387243165,0.00021335798077276081,4.689240294304224e-09,7.759105331512988e+72,0.1486868686868687
YBR301W,20.0,5.018029997961872e-09,0.004926577865714132,0.0003081125655010258,0.004691908601761236,3.072044603701158e+77,0.16629511357474241
YNR076W,15.0,2.5536817334753655e-11,0.0048307697387243165,0.00021335798077276081,4.689240294304224e-09,7.759105331512988e+72,0.1486868686868687
YOL161C,16.0,2.5660671575656012e-11,0.004850413290276947,0.000227214596104279,5.75321275534436e-06,7.827749924418755e+72,0.14869487918541066
YJL223C,15.0,2.5536817334753655e-11,0.0048307697387243165,0.00021335798077276081,4.689240294304224e-09,7.759105331512988e+72,0.1486868686868687
YIR041W,17.0,2.575499568170871e-11,0.0048688829367287715,0.0002482256369984862,3.6960076527126384e-05,7.890777068796405e+72,0.14869888475836432
YGL261C,17.0,2.5544648462779065e-11,0.004868876076390594,0.000273618730714555,0.0015274256744169403,7.761221039870922e+72,0.1487109027721652
YAR002W,46.0,6.170970730030693e-05,0.005600364309170433,0.0002884648154639328,0.0009350609452544248,4.63180459567905e+85,0.2716000787246605
YOR230W,10.0,8.169995122230836e-06,0.00475271328295638,8.717633507928114e-05,4.4862589902512924e-05,8.12420393553275e+83,0.24705724387951483
YMR219W,14.0,0.000691467318897124,0.005357151412014185,0.00010599838423730945,0.00042478391434355175,5.825589394667985e+87,0.27249839561633016
YML103C,38.0,6.64497967085241e-05,0.005418297604997919,0.0002495633959908619,0.0011319324393793254,5.378437135578816e+85,0.27081391355541384
YLR335W,56.0,0.0003394147749301816,0.006020994621475175,0.0003398117901678747,0.0019610740561424134,1.402600278532232e+87,0.2895206126088325
YGR119C,39.0,6.078777045391292e-05,0.0054509027100265155,0.00023050525968303323,8.644117190317478e-05,4.494199760185533e+85,0.2691763787974838
YER110C,43.0,0.0012976352264282632,0.00655108961087105,0.00022708265120042253,0.0016631886868519942,2.049031926139234e+88,0.295171381209561
YDL088C,35.0,2.8218125557424002e-05,0.005329526947696049,0.0002162573752279223,6.91214703151163e-05,9.682964735925977e+84,0.25992371803927106
YKR082W,37.0,3.160705089020427e-05,0.0053821931336598015,0.00022821902939209693,0.00046690872490114707,1.2152886908853548e+85,0.2670020315371965
YGL097W,21.0,7.80726604105394e-05,0.0051400183743250056,0.0001532937246653768,0.0028730115182688883,7.41453041893633e+85,0.28438948995363217
YER116C,38.0,1.4227850789686975e-05,0.005388930279547216,0.0002542318506192512,0.0005006019825806242,2.4615748341732467e+84,0.2647355042923601
YML034W,21.0,1.4486655478137009e-05,0.004980330111899962,0.0001823072490671807,0.0007382971556340034,2.551992802770109e+84,0.2561841555669003
YBL079W,38.0,0.00016351744723340714,0.005500216184451118,0.0002292248854189737,0.0001921880298237818,3.2521884989518337e+86,0.269071411162564
YIL115C,49.0,0.00015327205115545786,0.005732466328075798,0.0002849290745333325,0.0006735004868898638,2.85703934868701e+86,0.27558662006989515
YMR153W,35.0,3.206804229856853e-05,0.00533502520349202,0.00021274814445597012,5.018674177581159e-05,1.2503642977890061e+85,0.261239943208708
YER105C,35.0,2.64579068979371e-05,0.0053265346050387335,0.00021747701185131145,0.00011503650231213344,8.51316879242448e+84,0.26117814052519517
YJL039C,33.0,0.00018782985633497592,0.005402350194268809,0.00019468238944025416,7.55504361312509e-05,4.2984878348007914e+86,0.2601687326200688
YDL013W,42.0,1.8722536347795178e-05,0.005490627131425498,0.0002957054627360736,0.0010863095359258702,4.262308285740414e+84,0.2741767247802116
YLR347C,55.0,0.0004448921596922225,0.0060898923093809475,0.00031668915626275544,0.001470781272277331,2.4078757342212033e+87,0.2836004932182491
YPL020C,20.0,1.770517816538445e-05,0.004984101392559751,0.00014315358903703416,0.0001486101906350359,3.8090869616301505e+84,0.2592523013338343
YDR159W,29.0,0.00012657057965857798,0.0052656501004100945,0.0001820437364408528,0.0002581075410828559,1.951569673836178e+86,0.26251961763446996
YGL086W,29.0,5.668039157780548e-06,0.0051866592344424955,0.00019937972389001655,0.0002565943209043962,3.891808531393848e+83,0.2583785807901142
YFR002W,38.0,0.00020034847513673,0.005518482227707417,0.00022704723330053923,0.00019029938052657938,4.8900734804118564e+86,0.26732529420310913
YOR166C,2.0,4.606418201823482e-07,0.004569851793438483,5.2370225287103915e-05,6.862940556698999e-06,2.576834485866448e+81,0.21605542291283417
YMR047C,45.0,0.0004590997408087449,0.0058769347096623795,0.0002653394763377509,0.00035668471681528005,2.565557803808819e+87,0.2781557067271353
YNL189W,49.0,0.0010370274568674272,0.006408584279472516,0.0002810440926470331,0.0017664106538586753,1.3084872631689493e+88,0.2883560570443504
YIL149C,40.0,3.9333388894463213e-05,0.0054400820143840215,0.0002491600080678872,0.0002820132283712248,1.8818058524125634e+85,0.26075865652605223
YOR098C,44.0,6.912201177126614e-05,0.0055665012867112534,0.00025661187836079275,0.0003950545656570767,5.811405928712985e+85,0.27126640129736107
YGL172W,37.0,5.1446065722021116e-05,0.005399143492424238,0.00022205946515551354,8.168284096086337e-05,3.219082333276523e+85,0.2664735698769008
YDL207W,40.0,0.0001178361014284714,0.005495682413342652,0.0002404250090492739,0.000352689327318706,1.6908932999380268e+86,0.2593010146561443
YGL092W,38.0,5.008717138249279e-05,0.005416307507239612,0.00022589286209945102,7.043344231881343e-05,3.051839511853986e+85,0.26542289753329806
YJL061W,35.0,2.7447241658410706e-05,0.005330878411336766,0.00021417380956990751,0.0004380311435957095,9.165261487309358e+84,0.26463397094779234
YKL068W,41.0,0.000327161649048875,0.0056903647637994775,0.00024127968236467838,0.00028551644502337284,1.303182753051667e+87,0.27676109300576585
YDR192C,40.0,0.00031869052642744374,0.005661008225092001,0.00023555499521420221,0.00018272214201379072,1.236633809813907e+87,0.27125307125307124
YMR129W,38.0,0.00041518046047836124,0.005674070229677994,0.00024272118874052237,0.0005233389617841268,2.098336135734239e+87,0.26683424372794506
YLR293C,45.0,0.0007824661806420071,0.00610416358887616,0.0002873397763024317,0.0016677905011760602,7.454918810196522e+87,0.2926829268292683
YBR111W-A,51.0,0.0011373173449705338,0.0066335932833013365,0.0002835281951911117,0.0019740703551731666,1.5758744455101253e+88,0.29146206241089817
YJL041W,46.0,0.000290826494833478,0.005761477755485141,0.0002810912640876435,0.0010943296718250964,1.030328366564539e+87,0.27658081972141496
YDR381W,54.0,0.0005174762636923944,0.006123648085002867,0.0003240140266376173,0.0025552034827610232,3.2592892560992587e+87,0.28269998975724675
YKR095W,23.0,2.777541437244124e-05,0.0050593141293519975,0.00015015806805156217,4.0784630865078243e-05,9.387507209361326e+84,0.2509204963861994
YAR003W,27.0,0.0010825267400084713,0.006027053459140443,0.00015937003819789557,0.0002304400463396986,1.4278214072005746e+88,0.2829898492771455
YBR175W,21.0,0.0010766425719576883,0.005894116250187768,0.00012234778942585493,9.04775279274064e-05,1.4123516979146776e+88,0.27793162479230654
YJL149W,5.0,2.0487658627563115e-05,0.00465602621870612,5.6470246865597185e-05,7.367751717232088e-06,5.113847663239023e+84,0.24366557782290102
YHL025W,24.0,9.667629185755049e-05,0.005223272186496085,0.0001478347197699181,0.00029098219960031795,1.1374109486792964e+86,0.2737416315397967
YBR258C,9.0,3.139994710952917e-05,0.0047401981674445315,8.799680882569811e-05,0.00016666502253675797,1.2012280022444525e+85,0.23477373256209594
YDL074C,30.0,0.00013026240630082403,0.005358597714667901,0.000167138442315737,8.762945482943902e-05,2.0656168340643947e+86,0.2673511890347266
YHR154W,46.0,6.422323270918944e-05,0.0056748948990896,0.0002619008259224066,0.00036816770686027395,5.01899166188508e+85,0.2697288052773027
YNL031C,211.0,0.0019129060187549213,0.011051683938017786,0.0010732902700265467,0.010579582752524309,4.456573148749046e+88,0.3293163107027801
YPL138C,19.0,0.001078610041051262,0.005844263545393026,0.00011424468208085344,0.00011358508268167348,1.417532396335077e+88,0.27969193352249694
YLL039C,261.0,0.041648463703834335,0.041243471319268574,0.0009963623487597442,0.01985230534704647,2.113427580736589e+91,0.33339373074832396
YLR015W,27.0,0.001086781505405001,0.006031042347651344,0.0001583516172539573,0.00018254958198544495,1.4390704089177238e+88,0.2831350020517029
YDR469W,21.0,0.0010766425719576883,0.005894116250187768,0.00012234778942585495,9.04775279274064e-05,1.4123516979146771e+88,0.27793162479230654
YBL003C,143.0,0.00190967481389946,0.009510765759826,0.0006789757887233924,0.00309554158863767,4.441215559473296e+88,0.314583689519576
YHR119W,53.0,0.0012778210009324782,0.006799627054522609,0.0003071551859045161,0.0012514242696024104,1.9892915287109608e+88,0.295139817141635
YCR084C,24.0,3.681898734073968e-05,0.005100713147132733,0.00020760655202335158,0.000737767459390189,1.6501554528338718e+85,0.27922504931964187
YJL168C,62.0,0.0004210144942281309,0.006373270062990787,0.00033343119258513526,0.0006359849872787102,2.1581474461722895e+87,0.2843601895734597
YBR009C,222.0,0.002342153266218099,0.011577294324447734,0.0011377765899288658,0.013971549373299419,6.68084256842886e+88,0.3286301125200929
YNL030W,179.0,0.001858817691783907,0.010250033215585127,0.0008925017667041559,0.005397828636845407,4.208183349425339e+88,0.3196479240257108
YAR007C,85.0,8.12942205296479e-05,0.006676352723214417,0.00044549357513836964,0.0010138549337445635,8.028383985129366e+85,0.2878898508396787
YIR008C,55.0,0.000224202706884922,0.0060531164746245895,0.0002878934594864862,0.0006982638007290154,6.119523001101492e+86,0.2820787980990342
YGL163C,57.0,4.388345267403537e-05,0.005951562661628439,0.0003263083252618314,0.0006986572854701077,2.3390872131834742e+85,0.27249839561633016
YGL201C,71.0,0.0003563071920195368,0.006639694754302251,0.0003470422285965334,0.000526417356394694,1.5442631019922478e+87,0.2905721956098331
YML061C,32.0,1.14883287356094e-05,0.0053351837275736344,0.00019699056939530434,0.00027315921838201693,1.5963918380966367e+84,0.2632959694729311
YBR170C,65.0,0.0013197645441670998,0.00695783655488331,0.00042786849191709086,0.0032113679867010435,2.1222879897560327e+88,0.29055690072639223
YDR386W,62.0,2.3553503860835456e-05,0.006042033622129163,0.00033935713945125554,0.000574052285637852,6.721109007754585e+84,0.2741767247802116
YJL173C,30.0,3.177384494871496e-05,0.0052780814595514425,0.0001776206466369422,8.545753506333808e-05,1.2276897353491292e+85,0.26717003049223176
YDL220C,37.0,1.2695384942649296e-05,0.0054072935606223555,0.00025561837909647333,0.0019904814335025543,1.9518748644660513e+84,0.27391822151647477
YIR002C,41.0,1.4061015272105176e-05,0.0054811374142988865,0.0002787484574892981,0.0006727679573730486,2.3982798538876616e+84,0.2587783038769865
YIL082W,10.0,1.9065787443317763e-05,0.004784726735818529,7.713828784593717e-05,0.00028623433338522856,4.418521001553647e+84,0.25858434440436595
YKL045W,52.0,6.147336670614767e-05,0.005840086390176026,0.0002741235655836615,0.0006739869688173813,4.5900776254392226e+85,0.2758069351453982
YDL059C,26.0,8.808974886900122e-06,0.0051891181430911825,0.00015259405454933736,4.559977735195293e-06,9.38375720600597e+83,0.25403838188595884
YHR031C,40.0,2.2842170060542128e-05,0.005523021686332618,0.0002279689867513213,0.0002536821483502708,6.324955818362175e+84,0.26661514683153015
YLR288C,35.0,1.0912581979963202e-05,0.005405358804887248,0.00019342171559732376,3.206181666072219e-05,1.4375946357682057e+84,0.25885111371629543
YNL250W,23.0,6.227971984187922e-06,0.005109240737992659,0.000142991455710879,1.609517159977824e-05,4.6829643205142826e+83,0.2572826846888837
YNL312W,62.0,5.914851641509927e-05,0.006111187773199705,0.0003308929629862844,0.0005259588646534347,4.248809291346585e+85,0.28478563689831293
YER173W,52.0,5.201827423520712e-05,0.0058457468532588045,0.00028313390014063827,0.0003478405636361477,3.286635943475737e+85,0.27292954264524105
YJL092W,75.0,5.065911342640311e-05,0.006320591873772864,0.0004217722580766509,0.0005988854574837452,3.118340248262084e+85,0.27450395345367745
YDL164C,59.0,3.483478198433613e-05,0.005995920667621086,0.00032400794543049986,0.0008622372286566697,1.470209624920571e+85,0.27105327768229803
YOR217W,23.0,7.767106783013665e-06,0.005097957633529352,0.00013420810263394575,6.212573736778065e-06,7.289541489019381e+83,0.24983027834351662
YIL128W,29.0,0.00015024410134873608,0.005305416438231598,0.00020673224128238025,0.0007962605899274334,2.749045366727118e+86,0.27081391355541384
YBR087W,41.0,2.3615300670527284e-05,0.005560606162180339,0.00022153974188757506,0.00035787337408199084,6.75280142668291e+84,0.26578073089701
YPR019W,76.0,0.0003585431041411391,0.0067527812668300375,0.0003771426829770074,0.0011217196201942503,1.5637114758156215e+87,0.29067930489731436
YOR144C,59.0,2.4010887456476357e-05,0.005970111921698276,0.00031951588054606904,0.0002788686443332172,6.9798521856491065e+84,0.2682346080956315
YMR048W,73.0,0.00010504984134327753,0.006488666528946632,0.0003662223451129858,0.00036812901797404166,1.3403337772578373e+86,0.2781837423776647
YLR234W,50.0,2.614615927815391e-05,0.0057545218020651516,0.00027667049437389655,0.00021084539799290022,8.294331191348245e+84,0.269071411162564
YBR274W,53.0,4.8517505364396824e-05,0.0059377871896689515,0.00028529932143294795,0.0007886541605687459,2.8566016603800625e+85,0.28825065274151435
YDR499W,22.0,8.034906569563087e-06,0.00509790717543989,0.0001329487571791235,2.607628902009595e-05,7.799936037305423e+83,0.26053712181998395
YBR058C,15.0,0.0008063252477563792,0.005469303872923663,0.00010307910042554991,6.006288809016135e-05,7.922241051693514e+87,0.2697288052773027
YBR073W,19.0,4.952134496917883e-06,0.005003414070297793,0.00012804583979943867,1.0091558261340488e-05,2.9616059741639943e+83,0.24953663939243254
YLR103C,83.0,0.00011677129036618549,0.006757462214496866,0.000411806007494072,0.0005952554448037171,1.6558527389933096e+86,0.28525657588755104
YGR258C,46.0,7.719956404549327e-05,0.005691590561426833,0.00025278867352033065,0.00016867841191799541,7.247730026359853e+85,0.2697815356043204
YDR097C,53.0,6.458694559839111e-05,0.005864826512840729,0.00029302528827334306,0.0002714916791902784,5.071211875346052e+85,0.2691895055105823
YBL088C,42.0,1.7283824792680152e-05,0.005540375765496791,0.0002485174276335519,0.0005748467576292047,3.618676428882873e+84,0.2743402415386909
YPL024W,31.0,1.424251345045242e-05,0.005299509392208702,0.00018205505517668985,4.867260143974665e-05,2.4599533155742927e+84,0.25829394974498154
YLR318W,20.0,0.00031276820652776846,0.005235008392153093,0.00012807123370811138,0.0004681133546576052,1.1911452676159295e+87,0.27491408934707906
YMR224C,41.0,2.3277900777048588e-05,0.005540468987755359,0.0002536309047622917,0.00484737498775502,6.576006883504044e+84,0.28326576692153743
YGR048W,52.0,0.0013383470647180113,0.006703298626596749,0.00032589034003502104,0.0013674002789726628,2.182470435360736e+88,0.2887180291856269
YPR135W,79.0,0.00010674520994255425,0.006632647697634203,0.0004005895652069319,0.0005511519956390011,1.3838996463426854e+86,0.2806018706791379
YER009W,30.0,0.0006520278831226544,0.005688194044461121,0.0001952577551081176,0.0011452215459540427,5.1795119261210155e+87,0.27812767672696126
YPL194W,43.0,1.2445555241064645e-05,0.005601194835280285,0.00023747314884854298,0.00010702811301294227,1.8698974307662997e+84,0.26696329254727474
YDR489W,55.0,0.00011413499732239875,0.006048821949529217,0.0002722800922566738,0.00012336735445136977,1.5830365553467924e+86,0.27451760493335986
YER162C,40.0,7.723591544052518e-05,0.005527389656219465,0.0002213991006542027,0.00015060702367510122,7.256281397470131e+85,0.26675687430532063
YKL017C,13.0,2.2769682130828905e-05,0.004863372079029418,9.049475488532633e-05,0.0,6.310623008002521e+84,0.2529209621993127
YNL262W,81.0,7.884221844326627e-05,0.006564103108974173,0.00041663574034468074,0.0013297006871117018,7.547716080689729e+85,0.29075585988938635
YDR076W,35.0,2.154980249324895e-05,0.0053988828394015125,0.00020229502042771764,3.172180943702637e-05,5.638124830208873e+84,0.2557213008431391
YOR368W,35.0,1.3896654054013027e-05,0.0053927071069462505,0.00019985554793121004,4.6242494260297446e-05,2.336832984140933e+84,0.2595448561218732
YJR006W,29.0,3.657117106974229e-05,0.005252354208360098,0.00017783117472365063,0.00011784215980260115,1.626773832178801e+85,0.25916709704680974
YBL023C,83.0,0.0003633277347293033,0.006921554098850151,0.00040902920489389925,0.0013004919326169726,1.605675160699479e+87,0.29324266893327666
YBR136W,96.0,9.132055492155165e-05,0.006935062272116916,0.0005299084957638571,0.0022074631080164354,1.0134920009593012e+86,0.29597855227882036
YNL102W,74.0,7.746843740546566e-05,0.006378236628696243,0.00040570470859963356,0.002487009335035879,7.289561704383436e+85,0.28449208885223937
YBR114W,45.0,0.00017494402998638914,0.005726899846539533,0.00026318292720448457,0.0011965718342837068,3.7263200837434596e+86,0.2842137781896818
YDL102W,72.0,6.591659093366528e-05,0.006338651273146829,0.0004040764887714399,0.0018697938158877823,5.2778851794286306e+85,0.28850676841059947
YGL175C,31.0,9.750256498390612e-06,0.005292600554818344,0.00019667176085283165,0.0002403116567494465,1.1502750401846115e+84,0.26911076443057724
YDL156W,6.0,1.6824645918929562e-05,0.0047010528072716565,5.569204801443172e-05,3.4176887888457365e-06,3.4438807183683643e+84,0.25529553232818425
YEL032W,68.0,0.0003500361948335143,0.006553922517637336,0.00032867703280085777,0.0003362057752686378,1.4903808688261898e+87,0.28564036222509703
YBL035C,46.0,5.150923349076956e-05,0.005678982211657971,0.00024536824635869217,0.00021012963520664302,3.2230127078363186e+85,0.26701494703236106
YNL273W,77.0,0.00010749730890905047,0.006602264929917086,0.0003863207570852754,0.00044865650130550413,1.4033820821729101e+86,0.28200674363952183
YJR052W,38.0,0.00024236083791653865,0.00561039459217859,0.00021880169919843696,0.00027545494899755877,7.15370467899237e+86,0.2728620860108749
YLR032W,55.0,4.5043887314847624e-05,0.0058784833833536,0.0003124816249563936,0.0007321409303443221,2.4666874191021122e+85,0.27627627627627627
YCR066W,48.0,0.0005122706446229668,0.0060783202585280955,0.00026325033382552454,0.000523891696582328,3.1968392210027566e+87,0.2813168892059933
YLR274W,81.0,0.00036100250891607397,0.00683762567115224,0.00041663553232292527,0.0013662443136015932,1.585243571327111e+87,0.2895509861519094
YPL153C,85.0,7.458591669525877e-05,0.006700959908401673,0.0004740677189619952,0.0017040358196663376,6.755141935053114e+85,0.289490245437382
YJR043C,56.0,6.209711707400998e-05,0.005947507160579097,0.00029635251429278723,0.00021923482861541368,4.688181922197704e+85,0.2679351519269974
YDR004W,41.0,2.1538275720440748e-05,0.00553851183465485,0.00023413336710607368,4.673964164440224e-05,5.629429214003765e+84,0.25818521983161835
YBR088C,93.0,0.000555691486354218,0.007155412773467887,0.0005146200628883379,0.0040194733796710715,3.760675918753298e+87,0.2934141285281454
YMR106C,41.0,2.4956714441832368e-05,0.0054997837048937764,0.00025910810937753223,0.0007706313481808803,7.567715044965398e+84,0.2841113798960317
YOL102C,5.0,2.382151362332557e-06,0.004629404551712591,6.543717649599812e-05,0.0,6.89466101901378e+82,0.195564373272869
YJL087C,8.0,2.5688874725567365e-06,0.004688647872418565,0.00011601062239712063,0.00048617051535972404,8.020244015000852e+82,0.21542304089915704
YKR079C,9.0,0.00021384549222770442,0.004872706608698346,8.987186260023004e-05,0.0001860157180594015,5.567973939692477e+86,0.24716786817713698
YAR014C,8.0,9.547831288839272e-06,0.0047073933134165365,9.684552796233355e-05,6.375448939012338e-05,1.1106375564583847e+84,0.24785595617619324
YIL159W,31.0,7.491854255129031e-06,0.005214225409883763,0.0002802759875627094,0.00011025853194888713,6.830509176845586e+83,0.2647355042923601
YAR015W,25.0,9.356263924647823e-05,0.005146650577343716,0.00019576261407112136,0.00039676276410356774,1.0666106350670585e+86,0.27713625866050806
YLR028C,34.0,4.532886686066391e-05,0.005289446191952388,0.00027061634744078675,0.0007658812166859713,2.5017204112915844e+85,0.2692420251682763
YNL220W,47.0,0.0012235988367692145,0.006463419133729473,0.00034300820777167666,0.0034984331426710902,1.8242288208623304e+88,0.29075585988938635
YCL018W,48.0,0.00012684835402575033,0.005669275911648435,0.00038206107863604673,0.0020723468067954907,1.9605172986442407e+86,0.29101644875579924
YGL154C,10.0,3.511266993587112e-05,0.004799719955461446,0.00011109750890574087,0.000754650809691178,1.5012957289393805e+85,0.2684563758389262
YHR216W,20.0,4.0925054727700045e-05,0.004984239816551972,0.00017392001774976486,0.0001824875389134317,2.0390211187596207e+85,0.2560415603692194
YGR061C,20.0,3.146616833349707e-05,0.004995810600025897,0.00016318614610785875,0.00019324167213063042,1.2053585014486116e+85,0.2707209416380579
YDR007W,31.0,4.0922959897539484e-05,0.005230524864460217,0.00027454430028882976,0.0011839665672292352,2.0404105847660624e+85,0.28031687995124926
YER056C,11.0,1.261077097314667e-06,0.004753626416545779,0.0001346936712352669,0.000522484211992794,1.936244634476502e+82,0.2402506963788301
YGR185C,37.0,0.0008682819063949699,0.005967333892237326,0.00019936309114431715,0.00021224594171480538,9.185180265530699e+87,0.26648643429564545
YBR115C,32.0,7.424783938212354e-05,0.0052703886632183335,0.0003139625224718157,0.002218122338228735,6.71872678322205e+85,0.2822951825713409
YGR204W,30.0,2.7819043876514132e-05,0.005189449016595166,0.000250288186445424,0.0008483933289924694,9.413312132983171e+84,0.2695180899370148
YGL234W,26.0,3.307043411059115e-05,0.005120830008394266,0.00021282579895305298,0.00028275410439642946,1.3313781191039657e+85,0.2712797326518577
YDR408C,25.0,1.9461589069651682e-05,0.005084692486683829,0.00023052400012588538,0.0007799757821793631,4.613654565949338e+84,0.26578073089701
YBR143C,59.0,0.010230871740083912,0.01342970837200498,0.00020265998467657874,0.0008413129825678171,1.2752400373320194e+90,0.2991059333513953
YOR202W,39.0,9.891030204234837e-05,0.005448942804163674,0.0003015849273489775,0.0011212105184760634,1.1919114905066907e+86,0.28562558211735484
YMR120C,36.0,3.778312300228942e-05,0.005324942426149649,0.00028334797969902946,0.0003567925045793708,1.7378661862326834e+85,0.2636354952717547
YCL030C,67.0,0.00017145380304534473,0.006106640448599846,0.0005034602549548544,0.0036074878289777124,3.5815951361022007e+86,0.2929314370621949
YPL242C,22.0,1.0756144107193646e-05,0.005031116621019393,0.00020209635389573658,0.0001798221142903406,1.4087032128892466e+84,0.2678051620415292
YMR032W,37.0,1.2664245625785813e-05,0.005339438769039732,0.0003409780022554662,0.0011972546208514525,1.953201824890325e+84,0.2718408352211169
YOR231W,23.0,2.8153976359198517e-06,0.005022142775980337,0.0002223363339685156,9.64589443059566e-05,9.649900610466434e+82,0.25422557914613364
YPL140C,14.0,6.305258088015251e-07,0.004829717989118382,0.00014348940316551454,2.6505779534977128e-05,4.8310505129826705e+81,0.23948978263699075
YDR113C,44.0,8.98479430134003e-06,0.0055672304858629795,0.0002812805076283131,0.00010097531777387736,9.78772287821311e+83,0.26542289753329806
YHR107C,29.0,6.488023918818681e-06,0.005169987053900762,0.00027618277561820674,0.0005873599404136399,5.120115281587647e+83,0.26905829596412556
YJL128C,28.0,2.375194370281276e-06,0.00511772389119995,0.0002724810000327992,0.00017809064157173297,6.857058006136079e+82,0.25324585952195255
YGR230W,5.0,4.977756525978086e-07,0.004644087821031825,5.756536208102638e-05,0.0,2.993516750559481e+81,0.22966507177033493
YJL141C,16.0,2.503996296763308e-06,0.004874201604683935,0.0001678842572224144,0.00048181304453832614,7.62321696114215e+82,0.25389816475783084
YDL017W,46.0,7.862526088388858e-05,0.0057371513423973555,0.00024900359041276233,0.0004411351693680821,7.511493205715578e+85,0.27972027972027974
YNL152W,12.0,1.7529911109524557e-06,0.0047855267979728736,0.00012050223611047991,1.7488131664504395e-05,3.7399012004636206e+82,0.24377318494965552
YAR020C,2.0,2.4141236966093364e-13,0.004566442536104308,5.701173587448468e-05,1.0941560686709855e-08,5.954155000773381e+68,0.12681783720449377
YMR325W,11.0,2.441418093658091e-11,0.0047480737444789214,0.0001796007603533092,0.0002297771551474635,7.15987382217634e+72,0.1452249408050513
YFL020C,6.0,2.3726406202783833e-11,0.004647843093130631,0.00011327279052076122,0.00013759244145908375,6.814597828644921e+72,0.14260986384891622
YAR031W,1.0,9.042707639751282e-12,0.004546692180844729,7.210983033404016e-05,0.0,9.964254075384815e+71,0.1440237952357346
YAR047C,6.0,1.958516718952907e-09,0.004641777756387049,0.000313576272947546,0.002365524167776185,4.676530311207045e+76,0.16825164594001463
YAR033W,2.0,9.043107403894485e-12,0.004565659198664889,0.00012681659675748278,0.00016912387390821156,9.96510741702522e+71,0.14403131115459883
YGL051W,2.0,8.419411682983809e-14,0.004565580694016787,0.00012797898244377434,6.564936412025914e-08,8.574354764917765e+67,0.126785796315862
YAR035C-A,1.0,6.453217140452123e-11,0.004546375352648937,8.029256826695992e-05,0.0,5.0883256239760524e+73,0.1406297768266585
YBR196C-A,2.0,1.3991526288843701e-08,0.004565513543031491,0.00012184545352875552,0.0003623188405797101,2.3881074117687427e+78,0.16363798061245666
YOR100C,4.0,9.762523218780226e-08,0.004605921101407204,9.037611881753481e-05,7.010070602339931e-05,1.1620622693576142e+80,0.19692483322036317
YAR042W,8.0,2.9309656284118743e-07,0.004688055844615981,0.00011962437312539856,0.00021512706680120933,1.0465210673393397e+81,0.23203026481715006
YEL013W,27.0,7.0353322220196685e-06,0.005100310403276668,0.0003266499657715392,0.00519503302608105,6.027198444513101e+83,0.265448425102188
YBL091C-A,13.0,1.9456869266855834e-07,0.004786001497148338,0.00018120070212092633,0.00012529710006576748,4.5946134372232893e+80,0.23257773658043313
YDL019C,8.0,4.4579851193922516e-07,0.004694213081807926,0.00010946226778907266,0.00013430055475293983,2.4211932336367765e+81,0.23485364193328795
YER120W,27.0,2.0180171879254115e-05,0.005087360960727672,0.0003361716407787381,0.002221151805595495,4.962368562777871e+84,0.2619217081850534
YHR195W,7.0,4.95062066613534e-08,0.004665814127372834,0.0001225848696432363,5.501485729617385e-05,2.979139311095463e+79,0.22286821705426357
YDL015C,15.0,5.33829716607979e-07,0.004828235786893717,0.00020081433926604015,0.0009661526628184842,3.461498743359807e+81,0.24512633775922554
YIL044C,6.0,1.8003690001578803e-07,0.004651327345794063,9.106213574595985e-05,3.650608242439852e-05,3.9482371578543374e+80,0.22939783069442712
YLR156W,3.0,9.129387238384801e-12,0.004585103649007344,0.000158732677717813,0.0,1.0155098356307483e+72,0.14517528864108567
YDL177C,3.0,4.243147379966791e-07,0.00458643626234005,0.00014241695901373632,0.004100774644870831,2.1943646465020394e+81,0.1998768874244125
YGL052W,5.0,9.129984899322282e-12,0.004622802274406865,0.0002747898807860378,0.0005553825085229675,1.0156386682483976e+72,0.14518292522553325
YAR050W,9.0,4.4350541932242043e-07,0.004709865743220495,0.0001365407626345137,0.00016715931597112115,2.3872354930555384e+81,0.23327557790643622
YBR083W,28.0,7.601087829645217e-06,0.005125707800706374,0.00028439064637519515,0.0012913659713140499,7.037036521839311e+83,0.26707954325527383
YOR140W,12.0,8.614268408567786e-06,0.004788918080543344,0.0001309102242679977,0.00022201763988553497,9.025876947630268e+83,0.252389008275799
YMR164C,8.0,1.6252826942946175e-07,0.004689189922760241,0.00012551055544826465,0.00012945697882414984,3.206875453323292e+80,0.22515907978463046
YDL233W,4.0,1.3056156977076527e-08,0.004606442013589509,7.140174863212509e-05,3.929986632366163e-06,2.0275830334753767e+78,0.2049606416159216
YKL043W,9.0,1.7579065916754188e-05,0.004722697862587294,0.00012960148264937508,0.0002594707103263367,3.7551405116547227e+84,0.24082718904061778
YPL203W,35.0,4.998791164164576e-05,0.005323598922016083,0.0003089043956794721,0.00204170285248533,3.0407531115670155e+85,0.28598072738576313
YOL116W,4.0,1.318127813797675e-07,0.004605323654723852,8.58793379413655e-05,1.5529542192091544e-05,2.109613991363752e+80,0.20176176029825652
YAR064W,5.0,7.352893156228012e-08,0.004625178633507715,0.00015011182295763414,0.002762698208234128,6.565162823078582e+79,0.19319613607727845
YAR069C,13.0,3.5469942501986004e-10,0.0047839287284191425,0.0003080820794911725,0.0005330937464750323,1.5196694223101285e+75,0.1722201422688132
YAR070C,13.0,3.5469942501986004e-10,0.0047839287284191425,0.0003080820794911725,0.0005330937464750323,1.5196694223101285e+75,0.1722201422688132
YHR214W-A,6.0,3.401715970511885e-10,0.004643311305823383,0.00019497475687025705,0.0010475664057148348,1.3994237179126182e+75,0.16209549538967521
YAR075W,11.0,1.5913815451866454e-05,0.0047572943482536365,0.0002601644153797381,0.007909876396048664,3.0806961134913864e+84,0.23601847101077475
YAR068W,2.0,3.401128678261524e-10,0.00456591214160817,8.154272478439855e-05,0.00016795732842622563,1.398956556935744e+75,0.16199084399577415
YAR066W,7.0,7.970911186593748e-12,0.004665353608613886,0.0001842757343018166,4.8709624743982666e-05,7.475350720015158e+71,0.15302727877578176
YDR543C,7.0,1.2418630619423732e-10,0.004662385719298189,0.00021049725864228999,0.00041577897458502103,1.8295216482462339e+74,0.16698429984572102
YFL066C,11.0,4.220071295124986e-10,0.004744105059140202,0.00025793068500163004,0.00019353446113915888,2.1458116716402116e+75,0.16848788230266773
YFL067W,15.0,4.2868683896599387e-10,0.004821846933749335,0.00039072222269235146,0.0020221466281425283,2.2134667346830625e+75,0.17429193899782136
YBL108W,3.0,6.554930726305053e-13,0.004585130441263437,0.00010794277509179522,5.17230532828613e-06,4.8013129052208195e+69,0.14714898835070508
YHL045W,15.0,2.1913871934868475e-11,0.004823631075127208,0.0003234858975274433,0.0004137595890680986,5.6453484033074384e+72,0.16541308321596596
YHR214W,6.0,3.2143214018527957e-12,0.004643066110729555,0.00020299434724489453,1.1300852222561006e-06,1.2360160004439884e+71,0.13995588347151441
YHR217C,12.0,1.4983015376368935e-11,0.004763569059947165,0.0003001463772815389,0.00034516655329092544,2.6334524752500815e+72,0.16458942095533424
YHL044W,10.0,1.2154357332019768e-11,0.0047250115379454324,0.00021524101291010842,0.00011360957802637037,1.7385007236452607e+72,0.16294721927027983
YHR218W,17.0,1.3133126663352013e-09,0.004862318634712961,0.00039871122035534817,0.0037522695083237315,2.0874978434503828e+76,0.19095720759677587
YHL049C,13.0,1.608446478820474e-11,0.004782832626442863,0.0002839411620646146,0.0002160707373071797,3.0462726340316476e+72,0.16349258063560704
YHR219W,17.0,1.0268963213193814e-10,0.004859695396360595,0.0004385353741926092,0.0009317354374093538,1.2648966076503205e+74,0.1678219627873039
YFL065C,7.0,4.2170668064977026e-10,0.004665352576847626,0.00017593820998950343,1.0582940682852706e-05,2.1429993639673273e+75,0.1679649464459591
YAR071W,24.0,5.729210030843516e-07,0.005016398378178286,0.0002741143661075586,0.00028450314099387074,3.99305203597814e+81,0.24212650232476532
YDR236C,15.0,1.687060712497097e-06,0.004828429117587771,0.0001864508761481204,0.00015234108446153893,3.469620526284613e+82,0.22746002966869952
YBR256C,15.0,1.9680108707132923e-06,0.004832203006314317,0.00017329802631580067,0.00016812241339120466,4.7205294849508815e+82,0.23502363009324306
YDR481C,21.0,5.616189853636729e-06,0.004966674306519281,0.00021951614579239856,0.0015837989278584329,3.845146059345275e+83,0.25624361712004456
YOL001W,21.0,9.595170466213221e-06,0.004979311008412292,0.0002417064865372735,0.0007513830654455544,1.1212509898646243e+84,0.26364808711849835
YFR034C,19.0,9.172589368071172e-06,0.0049415708399861095,0.00020807014409118268,0.0009161324297179683,1.0227983587332146e+84,0.2672864613596746
YML123C,21.0,2.3897948270586184e-07,0.004950559214049298,0.00027022598855106075,0.000828733407835419,6.928972491970526e+80,0.23993740763279145
YBR092C,14.0,3.9852799514022545e-07,0.004812941479105974,0.00016549432673021032,4.139479195264729e-05,1.9353100893371525e+81,0.2302590414215993
YBR093C,18.0,5.273939663554653e-07,0.0048975576135070935,0.00020454513913772883,0.00016218636315526374,3.3845814116242335e+81,0.24100593782745372
YPL019C,11.0,3.649333655131447e-08,0.004748834764133756,0.0001624135895559927,6.544649659418106e-05,1.6065614769115563e+79,0.21883052527254707
YPL258C,17.0,7.195601800832381e-07,0.004876595725366606,0.00020114665727909666,0.0006420618383712987,6.2756029283307446e+81,0.24115334207077327
YCR037C,13.0,1.5342853156399388e-07,0.004793458742494218,0.00017465917812694104,4.457197925220363e-05,2.84976395551331e+80,0.23071136002674913
YHR136C,12.0,1.073765637080529e-07,0.004769790521868578,0.000164862348290017,5.779438474258284e-05,1.396565533496927e+80,0.2247831575518182
YPR073C,15.0,4.5556688677134785e-05,0.004872475070223361,0.00016892940463319103,0.0009488332157577036,2.5298580234764823e+85,0.25573314801945796
YGR233C,31.0,2.8801776742069938e-06,0.005167690205388761,0.00040368901644871076,0.0029102604962754014,1.0085625415950451e+83,0.26710539049646764
YBR296C,13.0,1.8168653545406e-07,0.0047910400782720085,0.00017231759141448695,8.88078801669398e-05,4.005709339907598e+80,0.22761009401286492
YPL214C,17.0,3.5899591349616487e-07,0.004869137589737285,0.00020862231389564022,0.00024714554525351567,1.5699081699190607e+81,0.22695502014636953
YHR215W,23.0,5.297677346561236e-07,0.004996072315430361,0.00026456173789855684,0.0002815214445399826,3.4148213154336653e+81,0.2410690890034064
YOL055C,20.0,7.434504514820261e-07,0.004934589655301881,0.00023925779844745699,0.0010737720251477836,6.70035359663038e+81,0.242914979757085
YOR143C,22.0,2.1680674369076836e-05,0.005002612023564842,0.0002126265999489335,0.0011905013502831825,5.727188221234276e+84,0.2618968543910424
YJL012C,16.0,3.1181394800329893e-06,0.004857742287480124,0.00021492254595875378,0.0008416162405809978,1.1800181324345168e+83,0.24601123094749977
YDL045C,18.0,5.7354670516537675e-06,0.004895301017170396,0.0002066027161816939,0.00027625832130091365,4.0098228680892465e+83,0.23790027151661422
YJL198W,11.0,6.29586258904318e-06,0.00476432177892391,0.0001411687843421308,0.00037410870695029215,4.8287640206303773e+83,0.25125170687300863
YDL024C,13.0,3.9742379247135675e-07,0.0047924602123095034,0.00015444163834031592,2.1057724429795995e-05,1.9246832836917705e+81,0.22867558722399436
YAR073W,6.0,2.2873329543622235e-05,0.004672583692427688,8.43427729346032e-05,9.285780347525503e-05,6.367062036888858e+84,0.24132202500655767
YMR217W,68.0,0.003384823327665709,0.008579152116409635,0.0004411945133302862,0.013278581436589448,1.3948234520308478e+89,0.30253206182176917
YLR126C,20.0,3.483471602933045e-05,0.004964438814712685,0.0002567228906508552,0.0036846210081953436,1.4773125965919471e+85,0.2595692654942161
YLR432W,22.0,0.0002537696000122626,0.005196783187579129,0.00017684031190958333,0.0006837668408768566,7.838817921797071e+86,0.2668213457076566
YFL063W,9.0,8.865113555880814e-08,0.0047032742488780435,0.00022367473007855904,0.004096873233332361,9.536665240235114e+79,0.19896910932487474
YPL257W,2.0,8.319730061893333e-08,0.004566232669780843,6.794396489983174e-05,1.9932234880193218e-05,8.409514758920225e+79,0.19724852599606932
YCL076W,5.0,8.905023746286897e-08,0.0046250135516280304,0.00013589779154621527,6.637641941389327e-07,9.622471834557106e+79,0.19800559581031638
YNL337W,8.0,8.870772188559866e-08,0.004682412964745861,0.00021403604228406565,0.0007079945793720381,9.548798953003827e+79,0.20005073750588917
YCL068C,10.0,3.0886895842741563e-06,0.004726643024070727,0.00024878138436673473,0.00304503899373445,1.1599392533968359e+83,0.22569302477716902
YCL065W,5.0,8.905023746286897e-08,0.0046250135516280304,0.00013589779154621527,6.637641941389327e-07,9.62247183455711e+79,0.19800559581031638
YBR126W-A,2.0,7.352444499230877e-08,0.0045662175692978875,8.871610541007831e-05,0.00026315458602575606,6.5643697626041e+79,0.19113573407202217
YBL001C,4.0,7.749852432302084e-09,0.004604643728084743,0.00014434665525195892,0.00015034542512773393,7.323022780154013e+77,0.1815431164901664
YBR051W,3.0,7.755498658935235e-09,0.004585036534397079,0.00012500489108958795,4.33459568820879e-06,7.333607813052511e+77,0.18020959159021907
YBR071W,7.0,3.2483475108734933e-09,0.004662040713913799,0.00023231607702886925,0.00027459264731161126,1.2884368585126174e+77,0.17190370900937374
YBL012C,7.0,3.2483475108734933e-09,0.004662040713913799,0.00023231607702886925,0.00027459264731161126,1.2884368585126174e+77,0.17190370900937374
YBL002W,91.0,0.0006844331868526908,0.007345244335711885,0.00044596965192720905,0.0008027638930405834,5.702290455462008e+87,0.2906486941870261
YCL061C,70.0,0.00010550480376931568,0.006413432611807209,0.0003524022131911364,0.0003016670625658994,1.3519634238019176e+86,0.2763869417184058
YGR252W,69.0,0.00024869148815949015,0.006384610767714121,0.00037124804905563593,0.001550050416883277,7.527049454396923e+86,0.2927139675469297
YLR442C,45.0,9.649720871825018e-05,0.005756612772200631,0.0002518582352417297,0.000387942081515944,1.1320309242818066e+86,0.282021151586369
YDR404C,101.0,0.0011143021566574576,0.00796233116318855,0.00042558583565660346,0.0012004537541582673,1.5114502396636295e+88,0.2934453245441497
YOR210W,120.0,0.0030132715355346176,0.009833987213096411,0.00047180096618154376,0.0014817663602894324,1.1057929503489203e+89,0.3027311615663047
YJL127C,14.0,4.7732545627358944e-05,0.004930104780768366,0.00011144198781321075,0.00029725700539301415,2.7716333237773833e+85,0.2648879504774701
YDR224C,107.0,0.0006074390085367153,0.007659289749485562,0.0005385205220979062,0.001522332750319116,4.491434005242991e+87,0.30154047853162896
YMR223W,40.0,0.001129196683783826,0.0064060446846123205,0.00020045971790977175,0.0002618686673023032,1.5534495325469367e+88,0.28838618671960714
YGL241W,22.0,6.302715068321698e-05,0.005095468151216749,0.0001490334664633841,0.00030202683939973765,4.830540854810117e+85,0.27048216385731083
YDR013W,44.0,9.911056252754044e-05,0.005777311602635523,0.00021991842415633372,6.415905765054495e-05,1.193534638176259e+86,0.2700454967956558
YIL150C,61.0,0.00010359871603837667,0.00621134542897803,0.00030156556929948175,0.0002679869945116339,1.3035683835341737e+86,0.2794512225990989
YOL146W,46.0,0.0001014129553219333,0.005822217866544735,0.00022912077069220458,5.3758993216483324e-05,1.2496119583791643e+86,0.27053518917859243
YNL021W,26.0,8.286337234559847e-05,0.0052798354101389776,0.0001846632540633257,0.0006545878797424466,8.354889305231676e+85,0.2793098213833932
YLR315W,23.0,4.824009549718865e-05,0.005131569797756414,0.00014943037806791084,0.00022410328994537497,2.830283145048038e+85,0.26171060117580125
YPR179C,13.0,5.89303286779036e-05,0.004953257380623204,9.762095765302402e-05,0.0001206529825416697,4.22450612860583e+85,0.2595692654942161
YOL006C,68.0,0.00023257289296230036,0.006423242947145374,0.00036686694674341525,0.0014781854770756127,6.579793836089217e+86,0.287365297516789
YNL186W,18.0,0.001708503767046956,0.006228859759154953,8.513849934890908e-05,9.251758620089713e-05,3.55576681262183e+88,0.27904155292690325
YPL127C,16.0,6.548066689383951e-05,0.005061723955874761,0.00010321991034235761,4.438015399741329e-05,5.2148252049462855e+85,0.2721625086283404
YOR224C,112.0,0.0018266515067438382,0.008781617487808707,0.00043446868144494786,0.0009523515135124012,4.061910210431572e+88,0.29824940566241626
YMR194C-B,14.0,0.000506240407314203,0.0052805401169733045,0.00015386036302932735,0.0012680951331904805,3.122084112223527e+87,0.27364663890541346
YDR295C,11.0,5.892028339883714e-05,0.004914559670147276,7.86489507529032e-05,4.933484587362012e-06,4.2230788248643564e+85,0.2593984962406015
YJR135C,26.0,4.522751699995863e-05,0.005202786969447223,0.00016652227084229898,0.00011397992738607489,2.487498596135327e+85,0.2634593356242841
YJL072C,45.0,0.0001016177999546755,0.00580055500943887,0.00022531174882814891,0.00011439484480949228,1.2547080026210868e+86,0.27240426371891036
YGL058W,54.0,0.0011416337245910093,0.006730746593432755,0.00029761841684267977,0.0016217572917449994,1.5879056468291174e+88,0.3008338329064254
YDR121W,35.0,1.9771865735984743e-05,0.005372075535735261,0.00022210282532380112,0.00040216381834275584,4.734529413766496e+84,0.2529673250538472
YDR383C,21.0,4.486552750638967e-05,0.005088076701797785,0.00013591805401491633,3.475407295870621e-05,2.4480070551851184e+85,0.25729467698331315
YDR225W,96.0,0.0012411581413848964,0.007776292000231401,0.0005021611664565144,0.001472679844542793,1.8764666356006247e+88,0.29585164540679604
YBR154C,137.0,0.004229577097915672,0.01112578797164313,0.0005306637252484963,0.0020352601998085665,2.1782871812812567e+89,0.30344675938650983
YGL070C,96.0,0.0013535767680202912,0.008050030473289576,0.00037480964855768107,0.0003397821381823036,2.2303253507081633e+88,0.2906639987362435
YIL021W,214.0,0.02787959722111672,0.030431821847242982,0.0006716614452020923,0.005617551811290797,9.47031027854543e+90,0.31656821700980675
YBR245C,37.0,0.00021976145747298624,0.005603319663902308,0.00025569292857808207,0.0009509750038437626,5.879956238128877e+86,0.27755430410297666
YGR063C,58.0,0.0011991214989200633,0.006956267876819345,0.0002479826997713955,0.00019863139148901704,1.7511615842779194e+88,0.28726061615320564
YBR202W,71.0,0.0006154203661605181,0.006808347908535049,0.00034296951375838473,0.0006619721314976623,4.608846471738601e+87,0.29380455609963807
YDR440W,33.0,0.001092366273672154,0.006192724457339746,0.0001885216144978641,0.000825441648534205,1.4538535978092363e+88,0.28720083246618106
YER030W,12.0,3.438069463083656e-05,0.004841979139062609,9.236216717288593e-05,8.179814960329417e-05,1.4381169984567235e+85,0.25742666604486314
YOR304W,21.0,6.62833285347355e-05,0.005134221086741602,0.0001501339746897097,0.00017788368067768817,5.343770321524329e+85,0.2614750603950547
YMR179W,7.0,3.0124172032871206e-05,0.0047521690178472294,6.180171887949563e-05,3.311553544885501e-08,1.103754591241135e+85,0.25383978662742573
YIL126W,36.0,8.241112654044146e-05,0.005521027439938873,0.0002062696368045017,0.00013839814086982654,8.257518913989544e+85,0.2803453529710513
YMR091C,24.0,6.084953522626647e-05,0.005191574008482224,0.00014675867445959883,1.073465642371286e-06,4.5029065050544984e+85,0.2580765814203563
YML065W,47.0,0.00032357723668859155,0.005983459504474199,0.00023659199216200704,0.00016701062111170868,1.2738075191873629e+87,0.2796352583586626
YOL145C,47.0,0.0008717253617924726,0.00643014212560135,0.00020168520327614443,0.00011218357885145525,9.25133457742175e+87,0.28160391796755435
YDR303C,24.0,5.6767433001783016e-05,0.005177792514220548,0.00015189754019024688,2.9798740017813576e-05,3.919252753980773e+85,0.25920360631104433
YPR056W,74.0,0.0007667049949327172,0.007060269518034724,0.0003103156536902121,0.00022711878534672445,7.156515613223168e+87,0.2857142857142857
YKL058W,63.0,0.0005997490576422389,0.0066968911107556225,0.00025801370135515226,8.17887915633327e-05,4.378246930380833e+87,0.2826276176335057
YDR460W,65.0,0.0007341644774840421,0.006830278876627024,0.0002677847549792174,0.00012672706566417398,6.561859222053603e+87,0.28249744114636643
YCR020W-B,22.0,5.669104270322043e-05,0.0051380037024698075,0.00013664412653591014,5.313233416832209e-08,3.908737166577453e+85,0.25766699341828875
YGR275W,32.0,6.320921752919869e-05,0.005362743235578091,0.00019623469215425488,0.00013866755874229915,4.8580992924531485e+85,0.2618844292627384
YLR033W,25.0,5.7951965963923156e-05,0.0052003635928527005,0.00017652062241480532,0.00036846174593659325,4.084425245243438e+85,0.2582093741229301
YPL082C,28.0,4.835655032349336e-05,0.005218819459369722,0.00018949885578768767,0.0005415409230288377,2.8432619879863242e+85,0.2744630071599045
YLR321C,28.0,5.882509240347435e-05,0.005269944422375102,0.00017137260187335068,0.00018140073199150747,4.207880147548859e+85,0.26062322946175637
YPR086W,87.0,0.0015051799200286242,0.007899299328256002,0.0003645339797141344,0.0010185982319197426,2.758981035481356e+88,0.2934453245441497
YOR244W,40.0,9.585680940309483e-05,0.005630804673707766,0.00023476867510449685,0.00101355563893688,1.1171622157734183e+86,0.28941435537146754
YJL176C,27.0,6.350388520420836e-05,0.005269378232680451,0.0001613703738785177,0.0002591242337218066,4.902451116246224e+85,0.2687831718361981
YOR290C,39.0,0.00011227108907613432,0.005632630438987416,0.0002208828117199058,0.00031053175495885087,1.5327585172574116e+86,0.2920325891440059
YOL054W,20.0,0.0005663446227712145,0.005486346681214792,0.00012571054509628532,0.0004465842270955017,3.906777272502275e+87,0.2834694191958096
YER164W,78.0,0.001721969827817807,0.007808933393465804,0.00036522097336498814,0.0013000481427584535,3.611327826369757e+88,0.29742981841694055
YGR005C,67.0,0.0007479205068929213,0.0069023502104633315,0.0002785071685854321,0.00020912444820539257,6.8099159019502275e+87,0.2839798333161848
YJR082C,29.0,7.145311303789004e-05,0.005329090481676565,0.00017495960753594208,4.544952010311173e-05,6.207944490023668e+85,0.27839419003429494
YER171W,105.0,0.0006551938227813707,0.007725112509567464,0.0004773102539687588,0.002844388257959387,5.2250072275391045e+87,0.2989925251868703
YJL140W,97.0,0.0011079525178953396,0.007875094517859194,0.0003940415222969653,0.00044698930882804296,1.4942440667538003e+88,0.28993119386522404
YMR033W,43.0,6.576428214124849e-05,0.005596110719495658,0.0002713168916429446,0.0003292097153840217,5.2584617934407715e+85,0.2667310944672626
YKR062W,67.0,0.0006050974245018581,0.006785052840458406,0.00027675696292211126,0.00020053144381344234,4.456632467634484e+87,0.2814603304099531
YOL005C,87.0,0.0010450066393500846,0.007614074543637604,0.0003483550035765439,0.00043018626726367494,1.329330034501433e+88,0.28608447784400104
YHR056C,22.0,5.669104270322043e-05,0.0051380037024698075,0.00013664412653591014,5.313233416832209e-08,3.9087371665774544e+85,0.25766699341828875
YKL028W,72.0,0.0010748939688396417,0.007262248869175008,0.0002873007658196124,0.00015920006928963365,1.4066578557981453e+88,0.28512396694214875
YML127W,22.0,5.669104270322043e-05,0.0051380037024698075,0.00013664412653591014,5.313233416832209e-08,3.9087371665774544e+85,0.25766699341828875
YHR090C,28.0,7.083495806022801e-05,0.00531010951639684,0.00016860363960593077,3.5268413190209324e-05,6.1012234670271985e+85,0.2789710415929651
YIL143C,97.0,0.0009756116636757274,0.007732850520572889,0.00043409469608822086,0.001763851611271782,1.1587861872984595e+88,0.2920171401364863
YNR023W,25.0,5.614321528004572e-05,0.005207889522299528,0.00015602964960383353,0.00023343245759924986,3.832737576721531e+85,0.26714417073997
YDR311W,77.0,0.0009055056324167226,0.007216656139554469,0.000336493319218226,0.000627881005335045,9.983920015319196e+87,0.29046516522837296
YGL066W,41.0,0.0011138131475539475,0.00639270669159955,0.00022863493724744057,0.0008440196101412818,1.511428776072184e+88,0.2891566265060241
YGR186W,67.0,0.0007503314725497231,0.006904915812301506,0.00027260814017164174,5.914267150739085e-05,6.853883625304568e+87,0.2816326530612245
YBR289W,30.0,9.519389608107934e-05,0.005368440750271775,0.00018471329499235753,0.0003042622769334883,1.1024670627570195e+86,0.27804362061149446
YPR034W,40.0,9.212910448484829e-05,0.005590607292080342,0.00023223731405100614,0.00020554873740285135,1.0320925701466923e+86,0.27983372199128054
YDR079C-A,57.0,0.0005765368358400211,0.006525443520231657,0.00023765672649807444,6.866969251688473e-05,4.046076697361693e+87,0.27833803953206937
YFR037C,31.0,6.117306772360962e-05,0.0053360186715352385,0.00018930685817906506,0.00011519236300263013,4.5505218463193827e+85,0.2631077216396568
YPL122C,80.0,0.0007687382105548383,0.0072069547284620995,0.00034019953847907276,0.0004887689080418563,7.194381314907332e+87,0.28714107365792757
YCR052W,31.0,6.0519257528844605e-05,0.0053389432588922085,0.00018827871172278574,0.0002643844267835839,4.453694221421718e+85,0.26592157240581943
YLR005W,79.0,0.000906988178391585,0.007270502918593232,0.00033863525003111766,0.0005156138126507384,1.0016366657819764e+88,0.2899616536218942
YKR008W,31.0,8.808315302849727e-05,0.00537942318740157,0.00017989580878926054,1.6125238590893294e-05,9.436065405398796e+85,0.26604973973395024
YDR359C,27.0,7.325129651002589e-05,0.005296653171688821,0.00015900165454002486,1.3056464521743345e-05,6.524640410141805e+85,0.2787878787878788
YFL024C,24.0,6.915090030759025e-05,0.005219145948774856,0.00014541116890757285,1.0398327869609347e-05,5.8149689311718354e+85,0.27804362061149446
YPL047W,34.0,0.0010932751280010957,0.006211403849509403,0.00017690666186840603,0.000360045199186267,1.4562524923208454e+88,0.2850945150294391
YBL006C,22.0,5.669104270322043e-05,0.0051380037024698075,0.00013664412653591014,5.313233416832209e-08,3.9087371665774544e+85,0.25766699341828875
YHR099W,67.0,0.00015646716595975072,0.006252248858783115,0.00037865076459720436,0.002072117220416118,2.9779934789442613e+86,0.29523452960367974
YBR034C,33.0,0.0032502839027839267,0.007791288676333575,0.00013605580748323365,0.000677396169525053,1.2860258639918978e+89,0.28769479334966386
YLR357W,31.0,6.187424827318007e-05,0.005341906449558382,0.00018803119540005352,4.6286807432860824e-05,4.6553825986328e+85,0.2627195278663557
YPR052C,15.0,9.185512423381102e-05,0.004982925636603683,0.00010382028692670705,0.0001856115830080614,1.0260443152912353e+86,0.26479900220665836
YFL049W,18.0,5.78972956007369e-05,0.005060769861073423,0.00011453541848586003,4.3383614124990046e-05,4.076279204928729e+85,0.265831928726222
YBL004W,163.0,0.028578990418486376,0.029781241192382204,0.0003060045372988992,0.00015414291152972425,9.94343366512285e+90,0.2980561555075594
YKR060W,135.0,0.025468508003321514,0.026824345520520213,0.0002485297368777145,6.284815317940177e-05,7.896728306098063e+90,0.29318036966220523
YJL050W,224.0,0.04076163691010083,0.04016001938760698,0.00046241871745673256,0.0021101713767740058,2.0232209683152823e+91,0.29752600657575595
YJL069C,176.0,0.031068324988404197,0.03195473620636903,0.00033437938576234843,0.0008322627575125339,1.175115992905647e+91,0.30080104626450876
YNL132W,198.0,0.03238228682286546,0.03343770856696812,0.00038888367227174426,0.0007396920716324063,1.276601234018901e+91,0.3004899292324442
YGR095C,101.0,0.019108509172895593,0.021186604727766584,0.0002091496324923627,0.0005663626526858801,4.445470034365013e+90,0.2873054702545152
YOL142W,100.0,0.01921857033914657,0.02124114911341725,0.00019840977313617748,5.2941888726406364e-05,4.496826343910979e+90,0.2774566473988439
YOL010W,161.0,0.030338551907986108,0.031042090588607026,0.00029800330175194984,0.00015226211183380718,1.1206133329782855e+91,0.2977667493796526
YIL127C,100.0,0.01947832779255341,0.021445204429232454,0.00021879770254481802,0.0009469957017698032,4.619224272090539e+90,0.2755453501722158
YIL019W,96.0,0.019315354055902467,0.021261355194554882,0.0001796110329972015,2.2299722898595635e-06,4.542134716823349e+90,0.27380952380952384
YPL126W,167.0,0.030437510170798862,0.03129000569021138,0.000306529298314519,0.00010712612797991862,1.1278901154371735e+91,0.29444711153784603
YHR065C,70.0,0.010691644775903038,0.01426840150316051,0.00014576741029218227,2.2573314290431126e-05,1.3912799360477383e+90,0.2750647797488539
YLR003C,79.0,0.01267838283695644,0.016004500769029328,0.00015929657296741192,1.4074304972477505e-05,1.956202831739644e+90,0.28158955261949703
YCR057C,203.0,0.035054130368907685,0.03554243483286474,0.00037889148677266684,0.0003698589464906988,1.4960223169446398e+91,0.30309685921370527
YCL031C,151.0,0.029082478940911923,0.029856886635386055,0.0002789477737232396,0.00035879419785046275,1.0297610032390677e+91,0.2955032119914347
YIL035C,74.0,0.008379457092786046,0.012637167237175059,0.0001990110378670141,0.001330023663406407,8.543195027977989e+89,0.2920016927634363
YDR339C,130.0,0.026459882887812886,0.02736047495446144,0.00023674118188706281,2.9687287310985108e-05,8.524690861245452e+90,0.2888993562568692
YOR078W,131.0,0.024667820494192815,0.026103122519900858,0.0002588265689494671,0.00032874070048607225,7.408046287624521e+90,0.2855221641752444
YJR041C,28.0,0.0036304649049679573,0.007966737628486046,7.43094354630886e-05,5.212523030803009e-07,1.6035765644399722e+89,0.258972554539057
YOL021C,111.0,0.019301468058335335,0.021533722808445732,0.0002526628737073196,0.0004196936821932622,4.535728228449951e+90,0.2835859234523504
YGR128C,168.0,0.028248159065968975,0.0296568383310777,0.00035414468056185994,0.0017250671236407147,9.714325999074122e+90,0.2962962962962963
YDL111C,105.0,0.01911872856266778,0.02126541470192695,0.00023522632558866177,0.00029710999300429353,4.450229689285251e+90,0.27915444523111155
YNL308C,116.0,0.018728332675899326,0.021388980514827564,0.0002221367775891763,3.941875649458283e-05,4.269166419728099e+90,0.28478563689831293
YDR449C,166.0,0.030750094475175325,0.03149408924707919,0.0003016031833783372,7.257491564856855e-05,1.151192225986939e+91,0.29223357509661707
YNL232W,105.0,0.019423508604026522,0.021492588091928767,0.00024999602642459103,0.0008407123314857227,4.593298937142595e+90,0.2812165673238576
YHR069C,98.0,0.01894687186905039,0.020997916360485282,0.0001949951494406471,4.829989731948049e-05,4.370556640256483e+90,0.27678884821741967
YPL266W,160.0,0.030015283212530965,0.03075310041241097,0.00031153793881342866,0.0005006281685056713,1.0969068536444586e+91,0.2981366459627329
YOR145C,178.0,0.03424723412817971,0.03429974406918277,0.00033118360326211114,0.00033213044984917113,1.4280922485184951e+91,0.3055632438416828
YHR081W,150.0,0.03377566857537977,0.033149860248613265,0.00028676727948310127,0.000276224731064391,1.3893555800337363e+91,0.2837900365019793
YJL010C,116.0,0.01818229746479279,0.021012621555292297,0.0002254685085610713,5.222712816949009e-05,4.0236279924038378e+90,0.2897029495119135
YOR039W,43.0,0.004790334739223849,0.00917313856517855,0.00012628940831525527,0.00026836675850582176,2.7920230781019556e+89,0.27821178368025806
YMR093W,160.0,0.029732958981050838,0.03057017723579769,0.00030304227922832894,0.0006138040620546462,1.07632767410858e+91,0.30191981622272057
YCR035C,106.0,0.019254533696370677,0.021391003469079378,0.0002548076506303589,0.0018380634181769863,4.51365844897321e+90,0.28547786512205214
YPR112C,126.0,0.018579329723585288,0.02154515742520171,0.00024254450808848326,7.374307451944419e-05,4.201091223792185e+90,0.2889598492383395
YKL014C,45.0,0.005648097316235592,0.00990038703721023,0.00010526667894848941,3.6337608336804346e-06,3.8813827970871164e+89,0.26664090426045794
YDR174W,60.0,0.009080992015816918,0.01278349728600568,0.00016989586550398078,0.0009573470674634114,1.003746759285726e+90,0.2867383512544803
YHR169W,121.0,0.020781500027816504,0.02303643937011391,0.00022833337034703627,4.36522702347619e-05,5.2569538489551295e+90,0.2877097883873658
YKL078W,88.0,0.010947007294574238,0.014891822445060725,0.0001864430306968603,0.00010404063000104412,1.4581564251025159e+90,0.27637310368998147
YGR090W,175.0,0.03192687668708784,0.032527546519257336,0.0003316538512558721,0.0006199929190448739,1.2410469176009258e+91,0.3014910699655907
YPR144C,181.0,0.033111352113447644,0.03357801015012345,0.0003285682879694673,0.00015461874601234408,1.3348026991662268e+91,0.2979274611398964
YGR081C,101.0,0.016712563319757363,0.01950053602593834,0.00020538790355013572,0.00011307676973549999,3.399770335695116e+90,0.2906639987362435
YGL019W,59.0,0.00855737247286541,0.012374948508260293,0.0001534545456691826,0.0004533929171486211,8.913065390264403e+89,0.28437483900880944
YNR024W,87.0,0.017203832800322953,0.019443437934324428,0.00017802001312419672,4.614763436353055e-05,3.603441441209524e+90,0.2742312087038601
YGR271C-A,37.0,0.0037631297311950303,0.008229447605877896,0.00014330977273408705,0.0010417539693965705,1.7231625504652062e+89,0.28549262994569435
YGR195W,106.0,0.019277500406439274,0.021411728259758116,0.0002331138228764722,0.0007436359390832292,4.524474412081544e+90,0.28804007514088914
YJL109C,199.0,0.034528448904944185,0.035011291802326226,0.00037823754773420117,0.0004682672790608993,1.4515469567915768e+91,0.3078639152258784
YDR280W,101.0,0.018961041407370177,0.02107285200708111,0.00020834381116846917,0.00010037887716809789,4.37709149157674e+90,0.2807017543859649
YGR251W,66.0,0.008210609117063755,0.012316475406827504,0.00015605753278840308,0.000401605994216099,8.201187273566498e+89,0.26900584795321636
YER082C,180.0,0.03142653191844269,0.032323862755696285,0.00033497814766347405,0.00025120443644374485,1.202361688573909e+91,0.29970680855684656
YDL112W,25.0,0.001463980858915156,0.006175138515231223,0.00012919991733505355,0.00041997936868438707,2.6097894781594645e+88,0.27024380691275823
YLR186W,157.0,0.030186336618450844,0.030822121073238715,0.0003215369341291899,0.004171825284480947,1.1094267249911481e+91,0.2994466746229793
YOR061W,66.0,0.008457736346895292,0.012481449582572125,0.0001861287280218973,0.000981115157249762,8.705346065059266e+89,0.2903429413002314
YGR158C,102.0,0.01911302231116481,0.021213202951657375,0.00021213363311518187,0.00040803060697098376,4.447568479374361e+90,0.2799330594857751
YIL091C,91.0,0.01293070130928928,0.0164424106818994,0.0001937571877803834,0.00011224638793987358,2.034757291862422e+90,0.27609663382183763
YBL005W,20.0,1.2029943636590867e-05,0.004940660553991604,0.00028186913693179156,0.0007464895359898142,1.7630433619342687e+84,0.25045372050816694
YDR406W,10.0,5.289928893762154e-06,0.004733989503368723,0.00014894558834447542,7.795923833635038e-08,3.410699840883899e+83,0.23118482221384595
YOR162C,9.0,6.380185247669409e-07,0.004711478422542487,0.00015172855031213132,0.00025679539990356565,4.947012961765049e+81,0.22963640901905316
YER143W,26.0,0.0010762693471788403,0.005906805104222522,0.00023903544938970678,0.003936691606579477,1.4114970594458335e+88,0.28053056868425064
YDR072C,19.0,5.444856198797717e-06,0.004911598368362249,0.0002778532964326531,0.0010943791023922333,3.613344700071131e+83,0.2427013717903623
YDL020C,14.0,4.471454765197471e-05,0.004875869707283394,0.00012358242644018317,0.0004948989856049577,2.4368422408719586e+85,0.25982584137444104
YOR153W,24.0,1.2850785797331232e-05,0.005020243750804582,0.0003561080304318963,0.00270508679570982,2.0126109607331025e+84,0.2568636575151233
YOR172W,3.0,1.3703171676810473e-07,0.00458929849140536,6.527498595040607e-05,0.0,2.2865463340275708e+80,0.20623949187371568
YML007W,43.0,2.3341219625830542e-05,0.005452829729893932,0.00044860839386747376,0.005506053530850612,6.631222225695697e+84,0.2840382834208089
YNL318C,10.0,5.409777723766249e-06,0.004738957750525782,0.00014696568643025285,0.00011331417456225458,3.5667518027928953e+83,0.24388088716090836
YDR011W,14.0,5.379466125124071e-06,0.004814974913950803,0.00021892266230538472,0.000337824936688679,3.526830314891889e+83,0.24042859009538742
YOR328W,11.0,5.2915123015542294e-06,0.004753722055024374,0.00016501100098184678,3.142512077866668e-05,3.412736590044597e+83,0.23300970873786409
YHR178W,13.0,6.659121960887952e-05,0.004886388534160607,0.00010172692885351419,0.00020556862876553323,5.396472823591794e+85,0.24656065749508665
YOL051W,34.0,9.334010995580593e-05,0.005411324735652536,0.00018130279130621136,0.000332470040427638,1.0593713321982666e+86,0.2688617212994983
YJL219W,11.0,5.795907011552098e-06,0.004758517631318415,0.00016227894881640562,0.00018976425384539054,4.0941458631917454e+83,0.24422617467480753
YGL013C,24.0,1.2323145340574102e-05,0.0050311220662280255,0.0002907008320464178,0.0010156298676093386,1.8499228909473515e+84,0.2588753927683722
YLR266C,1.0,5.554704485572346e-08,0.004547933844382663,3.9220903491052095e-05,0.0,3.7565055367341985e+79,0.20029754345222975
YOL156W,10.0,5.409777723766249e-06,0.004738957750525782,0.00014696568643025285,0.00011331417456225458,3.5667518027928953e+83,0.24388088716090836
YGR281W,20.0,5.32585148527363e-06,0.004925827204871839,0.000366573443088389,0.0013182570349144559,3.457159766588442e+83,0.2337992376111817
YBR008C,7.0,2.48121231287341e-07,0.004669080520071783,0.00015481719916334298,0.0007032878877173245,7.486309592476477e+80,0.22477400439775225
YGR056W,24.0,3.554391224893668e-05,0.005137565801180208,0.00014913229867238718,1.2736738097029306e-06,1.5355264968497728e+85,0.2581610700589281
YBL007C,56.0,0.0010484447975814414,0.006520368824601291,0.0005262397374278549,0.005323998852865824,1.3394472472337247e+88,0.2924658260040267
YCR030C,10.0,1.0330573779426333e-05,0.004751287398358524,0.000118109446095508,3.8159695321430206e-05,1.3006619188731647e+84,0.23947939262472884
YFR024C-A,15.0,6.5515111258967134e-06,0.004845959332787309,0.0001714074895264934,0.00020213259730054208,5.231148214286454e+83,0.2395001735508504
YJL020C,24.0,1.0435143889468373e-05,0.005053378309249265,0.00028099412126014685,0.0025130685324751406,1.3265985708699444e+84,0.2615246126877339
YNL094W,8.0,5.153968732646358e-06,0.0047058405889817,9.892954412150018e-05,0.00018713922810402909,3.237389805535752e+83,0.24089024656338642
YPR171W,7.0,5.200793151988638e-06,0.004681988485514275,0.00010559456093556932,6.397737682445665e-05,3.2965360068020406e+83,0.23164078892152748
YDR129C,29.0,1.1193245317178888e-05,0.005168307220330766,0.0002655605224521627,6.105149548952333e-05,1.526162185552831e+84,0.26366068016813143
YIR003W,12.0,5.81432762935423e-06,0.004783230957981352,0.0001513369963365041,0.00015519637051685195,4.12017566031256e+83,0.2392095683827353
YLR337C,24.0,1.0772151927823303e-05,0.00507532060874153,0.0002215938792615322,3.982415667147365e-05,1.41350929928181e+84,0.263346214398168
YGL206C,48.0,4.0820117076903096e-05,0.005593669067966616,0.0004322257948017174,0.002496468470265011,2.030482773728288e+85,0.28291732868638203
YIL062C,14.0,9.938298771969112e-06,0.004850753876650784,0.00013691878721126105,5.6202256084007225e-06,1.2029119386595842e+84,0.25921577835172577
YDL161W,32.0,1.5912144441739398e-05,0.005236714704437381,0.00032394956593855174,0.0007707479511670403,3.0849539500700295e+84,0.26496423942783087
YOR329C,12.0,1.412516039197716e-05,0.00479497883393724,0.00013682578870349388,0.00012204487612599124,2.4313152882180345e+84,0.24750033627763082
YCR088W,44.0,1.6839464912691565e-05,0.005480558534159375,0.0004232941679745694,0.0010425201876253915,3.4546940883592567e+84,0.2675974403723095
YJL201W,2.0,5.025929395604186e-06,0.0045822363505539304,4.2802962732568675e-05,3.691295460046563e-07,3.078565593744701e+83,0.23816714846615178
YNL138W,13.0,1.1150330497452629e-05,0.004829297617188735,0.00012682043688430972,0.00010100930068738953,1.514630269109218e+84,0.26626790796391875
YBR234C,19.0,1.3386757606145264e-05,0.004955557159462577,0.00020619324439917245,0.000758428443119418,2.182374489853138e+84,0.26397589785280473
YNL084C,30.0,2.153825333210813e-05,0.005201718207426994,0.00028183047402934345,0.0002693043589515914,5.652711969044809e+84,0.26744186046511625
YDL146W,11.0,9.526278740304252e-06,0.004780801162897984,0.00011656235607371623,2.8841402470139833e-06,1.105511692101621e+84,0.25885111371629543
YKL129C,23.0,1.388393777323852e-05,0.005056758480722834,0.00021436858102466614,9.910743232851224e-05,2.3484271547482163e+84,0.2658447312656521
YOR109W,17.0,9.887084714654967e-06,0.004891591347724303,0.00019088696906861848,0.00013724412342859958,1.1912912071236388e+84,0.2481568063297968
YGR241C,13.0,1.0645988627212842e-05,0.004812976331005181,0.00014351753640985812,1.5036439420819384e-05,1.381284110735135e+84,0.2366255144032922
YIR006C,36.0,1.613938531743281e-05,0.005316014765786549,0.00034722726147133604,0.00033854538288398975,3.1736484159761272e+84,0.26369846653609136
YBL047C,37.0,0.001054276628779474,0.006149667201301246,0.00031924619069161866,0.00282376965243754,1.3543487866891687e+88,0.29120067524794263
YMR109W,35.0,2.3190954258858987e-05,0.005300756335701218,0.00034126428626027273,0.0007059405705449821,6.5532141912054e+84,0.26897963161485233
YIL002C,16.0,5.951247381165245e-06,0.004866330497436629,0.00022916278111777532,0.0007887119489008274,4.316584984162714e+83,0.24238166330025468
YBR059C,3.0,5.806195028817663e-06,0.0045962711502398465,5.8953185270928715e-05,4.9403799815659225e-06,4.108899288507168e+83,0.22684310018903592
YLR206W,23.0,1.5352932336459797e-05,0.0050471467962345,0.0002555272987771978,0.0008538810017109114,2.871966623116997e+84,0.264026402640264
YNL106C,24.0,1.2382432115767543e-05,0.005060941315394507,0.0002530399262073831,0.00036875127768093435,1.867944692627517e+84,0.2663064453878811
YNL020C,12.0,5.7376152715362125e-06,0.004790555912975992,0.00012804816674650475,1.0778024604925762e-06,4.01193952171554e+83,0.23134953897736799
YCR009C,26.0,2.1107598906293085e-05,0.005117647816514121,0.0002596003139030468,0.0009221210834212346,5.428896969069867e+84,0.2707209416380579
YOR181W,52.0,1.7650962002491317e-05,0.005656494904561395,0.0004912356624449238,0.000963086616035453,3.7956433092036744e+84,0.26836501531430795
YLL050C,29.0,1.5053318498101895e-05,0.005180540203062055,0.0002511492021158047,0.00026822145616957934,2.759019909594138e+84,0.2700851355318524
YGR167W,30.0,1.9472794704005377e-05,0.005191822070927443,0.00028583274126965294,0.00038758280479231523,4.620332747188574e+84,0.26541013558996057
YCL034W,8.0,5.138504227478772e-06,0.004700097458446599,0.00010632629436190533,4.7929961369015924e-05,3.218053287612251e+83,0.23302938196555217
YIL095W,15.0,1.486317498360597e-05,0.004876491672648122,0.0001521842851956165,3.1231502608236544e-05,2.6917086911533295e+84,0.2593253781828432
YGL181W,10.0,5.180564543616115e-06,0.00473741294795107,0.0001484628761087743,0.0004097461099926538,3.270980464415503e+83,0.23178668906151584
YDR388W,49.0,2.2102611054833915e-05,0.005587107596977691,0.0005473482513444258,0.0032340784575700743,5.952606438390022e+84,0.27307806470762835
YER125W,72.0,0.001251428743156354,0.006971961154649785,0.000796112071986482,0.015098140319325054,1.908324532053922e+88,0.30294714889413316
YLR370C,17.0,1.0108108027981958e-05,0.004915276983502264,0.00016130191027108944,1.056969520473389e-05,1.2443468913516408e+84,0.25997268402957663
YGR268C,2.0,4.941008523184145e-06,0.004577707296989972,4.471543037207036e-05,0.0,2.9755484471853845e+83,0.2287703593186622
YDL029W,32.0,1.5763429163732737e-05,0.005249966918116922,0.0002748329490936657,0.0004208084797224913,3.0250010802015876e+84,0.27340267459138184
YIL034C,24.0,9.877190863672686e-06,0.0050516497906283354,0.00023920139433678125,0.0005871638559501691,1.1883644124082048e+84,0.2630199647400772
YHR016C,19.0,1.9579559874471644e-05,0.00494969962299639,0.00021000716420293877,0.00025873927990334103,4.671459679152118e+84,0.26159897635183166
YMR092C,14.0,1.1309877067488734e-05,0.004847624804634482,0.00014325583707326472,3.6781424985197274e-05,1.5581849015770148e+84,0.26176024279210924
YNL243W,31.0,4.357389481973067e-05,0.005243576270756723,0.0002812114277394912,0.0003491686819867846,2.3135983311853434e+85,0.2744220730797912
YHR114W,24.0,1.623846845943323e-05,0.005077814386622317,0.00022979260883745776,0.0004193802678325185,3.212375431804543e+84,0.2643171806167401
YBL008W,13.0,3.298393467053101e-05,0.0048846715023561985,0.00010221402019202689,2.035941031922793e-05,1.3231662036312247e+85,0.256136606189968
YJR140C,10.0,1.9258743306442365e-05,0.0047799547232040855,8.834141566977993e-05,8.760253254513998e-06,4.51085935938589e+84,0.25448342630584114
YML102W,14.0,3.660132889828682e-05,0.0049165010070664275,0.00010570591738660547,5.679790606640292e-06,1.629270045190183e+85,0.2597402597402597
YNL206C,24.0,6.366876064631921e-05,0.00516567442197166,0.00016367646207423044,0.0002639412774327454,4.930030983795393e+85,0.26731234866828085
YPR018W,14.0,3.0729852134402215e-05,0.004896712648048397,0.00010513122190195401,2.4936632800884565e-05,1.1482211898580807e+85,0.26003391746749577
YOR038C,15.0,3.786072861479544e-05,0.004927523639651133,0.00011571229680339392,2.0919076939854692e-05,1.743323284120885e+85,0.25871766029246346
YBR215W,7.0,4.193539045443467e-06,0.004677737857737665,7.185983319328394e-05,9.595821356829243e-07,2.1348616649204532e+83,0.22860929346475606
YJL115W,64.0,0.0006751969573592912,0.006601348133519764,0.0003772300248280319,0.0018984906816594655,5.548230107221964e+87,0.29083245521601686
YBR195C,16.0,3.633813143671437e-05,0.004957704970211579,0.0001201109193951571,1.8712977203925194e-05,1.6059675275429992e+85,0.26275704493526275
YBL011W,26.0,3.886281314707058e-07,0.005066167428950916,0.00029774733791514666,0.0005065341995991421,1.8371088669183786e+81,0.2405857740585774
YPL110C,20.0,3.485411487144881e-07,0.004930937666409139,0.00026360350643987203,0.0008639646535254939,1.4754876380163908e+81,0.24432346301951932
YER037W,14.0,6.683405414268881e-07,0.00482538799801422,0.0001550799587075058,0.0003008350216522385,5.427842163741531e+81,0.23586719651326754
YBR029C,25.0,4.6220231501920814e-07,0.005055689078634705,0.00026312746557002724,0.0004119340794624954,2.5950234884628245e+81,0.2510802820104617
YER062C,14.0,2.080210755050834e-06,0.004814858716358697,0.00019589988111277362,0.0009734129085448074,5.265022658858398e+82,0.24903004601642154
YOL059W,14.0,2.7817543812533487e-07,0.0048246004203118436,0.00015770422484015468,1.3099471416624886e-05,9.413145824758227e+80,0.23566579857405115
YNR008W,21.0,9.042179079845375e-07,0.004969869955488635,0.00022669142220332948,0.0001990233360938141,9.955453859926767e+81,0.2422752808988764
YKR089C,42.0,1.1595871639197871e-06,0.00539764366452166,0.00042891865540763363,0.001056868271896387,1.634268209188776e+82,0.2586934108163839
YOR175C,41.0,8.462265849604558e-07,0.00537209464219509,0.00045363655880062284,0.0014201965624320927,8.70860911040357e+81,0.25733066057526455
YHL032C,16.0,1.5827930086632622e-05,0.0048785864031884035,0.00017885986246538938,0.0007221672566754911,3.052563492133152e+84,0.25380477263322454
YDL022W,17.0,5.185640433815532e-07,0.004886306777820282,0.00018574057571736234,0.00026359630467380696,3.273870011223472e+81,0.24407499115670322
YKR067W,22.0,3.8105341159008844e-07,0.004985426363721154,0.00024197424708128027,0.00014450967417530743,1.7663560718857211e+81,0.23983315954118875
YML070W,12.0,6.914313651385749e-06,0.00478449885190866,0.00014069480390304867,0.00014640192596936672,5.826638223864555e+83,0.24380548562342652
YIL053W,8.0,1.498870551749171e-06,0.004692369731618819,0.00010927714219383615,1.8800587678613614e-05,2.73533536180127e+82,0.2279014078692044
YOR245C,32.0,1.6406631098572828e-06,0.005192098838825319,0.0003565052956514847,0.0011953288814449724,3.275872336833565e+82,0.2507381330910743
YGL077C,2.0,4.858104091636449e-09,0.004567593515595078,6.156213012576008e-05,1.6597529091081796e-05,2.8685371412271336e+77,0.1981335247666906
YPR139C,20.0,4.619851746591923e-06,0.004953175265296442,0.0002135277591231014,0.00038338864254089535,2.597820837034604e+83,0.2539448865988867
YBR042C,5.0,3.088903494386155e-08,0.004631547955793699,7.690048090652447e-05,2.272401203313865e-06,1.1569423830103561e+79,0.21250384970742223
YDL052C,23.0,3.0954832371262403e-07,0.005007345554295459,0.00029702905211908745,0.0019300908349282118,1.1650155461584212e+81,0.24833543278747525
YOR081C,41.0,1.1559798370634324e-06,0.005378056180453384,0.00041902473560190707,0.0009776864652727077,1.6241267111147747e+82,0.25868128778293265
YFL053W,10.0,6.832017082632332e-06,0.004744395496577711,0.00011906922662441666,0.0001119105756199975,5.688812511594845e+83,0.24101646072566912
YIL124W,12.0,1.6938670978848387e-07,0.004782953059673059,0.00013909544889860825,0.0003175470059522187,3.456977253828004e+80,0.2351938645078824
YBR203W,2.0,2.995320789186401e-11,0.004566144106706404,8.400248677031022e-05,0.0,1.0981057635703924e+73,0.146695367934306
YBR300C,6.0,9.439131457978001e-08,0.004643782147477837,0.00017857250888946713,0.000870820932800978,1.0872064262696819e+80,0.1838100629349672
YBL044W,8.0,3.2125291264209176e-09,0.004681327029999965,0.00025625204918090924,0.0013736200785872503,1.2601927672416474e+77,0.1712477508221133
YBL083C,6.0,5.954351216707248e-07,0.00464524737781973,0.00018624042673380823,0.0035148597163402527,4.323596231751503e+81,0.1993427467408183
YBR144C,4.0,7.850202753418876e-11,0.00460431948791144,0.00014254693890822887,8.565083022864651e-05,7.51956662189301e+73,0.16423683427551325
YBL013W,20.0,0.0003916818607401071,0.0052435957691741525,0.00016510343410025143,0.0009017091373945863,1.8685414386765032e+87,0.26421596783457785
YPR183W,29.0,0.0003280013868863522,0.0053693160160714895,0.00027686674232059514,0.003988743730826608,1.3111772013995118e+87,0.27438115120787354
YOL023W,147.0,0.037209648987415196,0.03546989350295824,0.00029166514390749506,0.0006571304611378555,1.68700092028362e+91,0.2995604276333641
YGL236C,5.0,2.004692948951887e-05,0.004645798523866716,6.337830787418631e-05,0.00013489539214911171,4.8985171850664005e+84,0.23767491926803014
YOR354C,2.0,2.9653994060747987e-06,0.004569860676349819,4.460882572358283e-05,0.0,1.0713205362156964e+83,0.21396178146439784
YNL022C,12.0,0.0006288334510814051,0.005259963563845251,8.4205830276615e-05,3.89502004368137e-05,4.812427411736482e+87,0.24116387784525317
YBL024W,35.0,0.002926836125235582,0.007538214713734462,0.00015878110772051972,0.0005924701126718898,1.0425332727002468e+89,0.26874391431353456
YPL227C,23.0,0.000274757092249234,0.005206075569216786,0.00019976307504158687,0.00039769254187690977,9.19917333325129e+86,0.2558516801853998
YBL014C,23.0,0.0009346289475960067,0.005790566614587452,0.00010730197734805066,1.1470192288411795e-05,1.0636939153754811e+88,0.2673641383318803
YDR156W,17.0,0.0009154375290338614,0.005642134625718625,7.646339213565669e-05,0.0,1.0204725515723841e+88,0.26126467247254825
YLR141W,12.0,0.0003025247674587149,0.005088742994654022,7.957279577741041e-05,2.058418350661888e-05,1.114888242274616e+87,0.2707076651463881
YKL125W,27.0,0.0013397336773576388,0.006206424536185895,0.00011453451204161526,8.233915285261334e-05,2.185851029374514e+88,0.2757655992406455
YJL025W,191.0,0.050794914472505365,0.04642695984298391,0.0003793898017484162,0.0009265418034327343,3.1436395622711365e+91,0.3031467955406667
YJR063W,40.0,0.001681063127897004,0.006800354231280703,0.0001512212358510204,2.6244969960167735e-05,3.440857101107577e+88,0.2757380488535891
YPR110C,181.0,0.030673221386373625,0.0316828162420013,0.0004760382503946714,0.003266579173512775,1.1462384331017477e+91,0.31533847472150817
YOR295W,13.0,0.0003036658537427466,0.005107646506034235,9.491257110463971e-05,0.00023518297360390484,1.1233621854425682e+87,0.2718542230977592
YMR270C,12.0,0.00030252476745871494,0.005088742994654022,7.957279577741041e-05,2.058418350661888e-05,1.114888242274616e+87,0.2707076651463881
YBL025W,12.0,0.00030252476745871494,0.005088742994654022,7.957279577741041e-05,2.058418350661888e-05,1.114888242274616e+87,0.2707076651463881
YNL113W,57.0,0.004007593724972096,0.008920110002167381,0.00019542784114029289,0.0001648862727046294,1.9554499149736472e+89,0.2805448261841838
YNL248C,71.0,0.007380393310355156,0.011852256060517343,0.00019773713725291188,0.0010337547380727763,6.629101474689026e+89,0.28310595958559853
YHR206W,38.0,2.7433157087623975e-05,0.005382895719867758,0.0003268326836589721,0.0037754307047038064,9.166678810969327e+84,0.2880701388164075
YDL230W,1.0,2.8528011301214676e-08,0.004549870407711312,3.529699937783062e-05,0.0,9.88283409213487e+78,0.20999771741611503
YOR208W,14.0,9.327106578765735e-05,0.0048925524842984795,0.00014418049621456354,0.00014949590390964432,1.0598809376907005e+86,0.2541085485430189
YKL048C,21.0,1.0650151153222883e-05,0.00499743061961511,0.00020735755887831502,0.0006510320121284411,1.380916076797068e+84,0.2715599940965219
YER075C,15.0,9.326278436899758e-05,0.0049110079031210035,0.00015900130153442916,0.00022912806241020818,1.0596931423545541e+86,0.2534435261707989
YPL049C,12.0,4.080047094114152e-07,0.004788522876385015,0.00012393271984568408,1.590045769451499e-05,2.021563153715548e+81,0.23838314043876316
YBR028C,11.0,0.0003745108239512598,0.005056037011066669,0.00010135814713037173,0.0004063544915796534,1.7083627435587882e+87,0.27748454230131203
YLR452C,20.0,2.4145449085450985e-06,0.004949402558044455,0.00020456757756378793,0.00011238265755702087,7.09840718919618e+82,0.24742268041237114
YDL006W,20.0,4.539586483482015e-06,0.004951395247886216,0.00023150391943176885,0.0009965438027366056,2.5101045754521663e+83,0.25541365907828983
YDR480W,13.0,1.930502976304885e-06,0.00480901526506155,0.00013324929387139857,3.179941394600765e-06,4.537327272417262e+82,0.24012528275622064
YIL113W,7.0,2.8735138543713526e-07,0.004674143519577904,0.0001148716021226441,0.00036497702625082644,1.0030307922536167e+81,0.23029746756226793
YGR040W,33.0,5.654462970558161e-06,0.005230836232846283,0.00031937629038519144,0.0003994772019240904,3.8927376258638105e+83,0.2602300584574769
YNL167C,20.0,1.876935223117649e-05,0.0049888507774963385,0.0001926567524171257,0.0005319331034841228,4.287158756876265e+84,0.2742448330683625
YCL027W,32.0,4.66697305943396e-06,0.00520995322799272,0.0003289947626293528,0.0014930852775181754,2.6527032599557237e+83,0.2601932594862126
YNL053W,10.0,7.630470250691804e-07,0.004738952247554795,0.00011718060210885579,9.200558241435705e-06,7.083908504376054e+81,0.2325287501579679
YBR091C,21.0,1.2384348407473447e-05,0.00499280538507816,0.00016861535047879532,0.0003200392983149257,1.8691754434021266e+84,0.2527009705182201
YOR132W,12.0,1.547243103347468e-06,0.004777094028172346,0.00013841055858444332,5.880824371957003e-05,2.918735162116241e+82,0.2409112730764195
YJL053W,16.0,4.0152790221480595e-07,0.004860535118673664,0.00018024263533811326,0.00017949609561723116,1.9639900670574207e+81,0.2396353375298459
YJL154C,21.0,6.407432492662922e-06,0.0049677216583070396,0.00022918400078404002,0.0006622128244323491,5.004314967588321e+83,0.25331558900463497
YPL154C,21.0,1.6436726079943663e-05,0.004993690333401189,0.00021691031329351205,0.001506944617639108,3.2926943486197566e+84,0.2753117206982544
YPR079W,4.0,4.506179334394866e-06,0.004610871607578678,6.423580481474105e-05,1.0833619644635662e-05,2.474593147628264e+83,0.226350104563907
YNR006W,38.0,0.0010222192445382776,0.006109744440968317,0.0003163504660480255,0.00311712711823044,1.2732888240656e+88,0.28368794326241137
YOR069W,12.0,4.988376898531884e-06,0.0047784126700959086,0.00014354539969800142,6.617635268720993e-05,3.0329548174550417e+83,0.23807470025015096
YOR357C,14.0,5.009364655393379e-06,0.004820390250272748,0.00016497516707818808,0.0006448012532714624,3.0584885925645835e+83,0.24357956049774954
YOR219C,7.0,2.9760832408081736e-06,0.0046692801416004575,0.00010401922301456388,7.570845799392477e-05,1.0798358070085542e+83,0.22674060382008626
YHR012W,19.0,4.181952405093219e-06,0.004922263197375949,0.00021041272224140366,0.0006750723857275372,2.131219963026885e+83,0.2526778357594068
YHR108W,17.0,0.0004755439756913809,0.005254693679181145,0.00016571142932939146,0.0009502404766772522,2.755408175244689e+87,0.2777777777777778
YDR378C,60.0,0.001424038634617383,0.007123037077218894,0.00022754105520592872,0.0004095058295036715,2.4683564156508514e+88,0.2702702702702703
YBL026W,67.0,0.001351671374206047,0.007215852912100884,0.00026188480583982276,0.0007765356671188097,2.2238529348851093e+88,0.27364663890541346
YBR223C,17.0,4.353340138262798e-06,0.004929243748051589,0.0001207379636931966,2.0106999961787483e-05,2.289882049537394e+83,0.24939007861209
YKL157W,5.0,9.049134491656533e-08,0.004626277146067268,0.00011969999090729764,0.0004601942852763116,9.907933178465338e+79,0.22217750050311935
YMR156C,14.0,4.139188209774891e-06,0.004830328912933192,0.00011473060683917503,0.00016430538584326338,2.082217962541638e+83,0.25157232704402516
YBR252W,18.0,0.00010372630226197562,0.0049919873858670916,0.0001383351477791417,0.0003745812046087434,1.3112378045739356e+86,0.2650787552823665
YER142C,4.0,3.8472910661292804e-07,0.004616575516584535,5.033743456690686e-05,5.135537453047111e-07,1.78360735127041e+81,0.21869181094251416
YDR419W,29.0,0.0004973937122718308,0.005596588748828044,0.0001702071231481455,0.0002529104413725312,3.014128704060197e+87,0.27637310368998147
YBL020W,3.0,1.098474514060172e-06,0.004588093852817496,5.69553677938051e-05,0.0,1.4714090411798958e+82,0.19703730144565412
YNL048W,18.0,0.00011807173051369137,0.004980565047760666,0.00019271085930950494,0.0005104426082515155,1.6991125741967197e+86,0.24268003165391716
YGL065C,7.0,2.851089227136237e-06,0.004669480699149312,9.680330915103682e-05,1.949318744052204e-05,9.907943480821521e+82,0.21378776142525174
YBR110W,17.0,0.00011711250882585969,0.004957593876448529,0.00017664115565414634,0.00026146594405470263,1.6716084799080018e+86,0.23850674040788108
YBL021C,4.0,2.612271734292725e-08,0.004604996132620094,9.201691539306795e-05,2.6956387038546486e-06,8.288206991147361e+78,0.20600858369098712
YIR018W,12.0,1.5775049861504087e-06,0.0047671333867525525,0.00020127965088222218,0.0007409214030410604,3.0264123307218077e+82,0.23203026481715006
YOR358W,6.0,2.7369273123443486e-07,0.00464954312544906,0.00010950031410126928,0.00024044226625476205,9.058706257461449e+80,0.22965551672491263
YKL109W,6.0,3.7758578524865583e-06,0.004654541060418196,0.00010713030397744105,0.00044755531337511214,1.7367968705676975e+83,0.24574837503338973
YGL237C,4.0,2.612271734292725e-08,0.004604996132620094,9.201691539306795e-05,2.6956387038546486e-06,8.288206991147328e+78,0.20600858369098712
YBL022C,17.0,2.5430353766970005e-05,0.004917449163563891,0.0001598380815119996,0.000516553788736841,7.882025555689548e+84,0.263811890651883
YJR045C,35.0,0.00012891121297936692,0.005396665222662785,0.00024941489725116084,0.0004436328189592098,2.0247677766416605e+86,0.2704954182388396
YMR089C,7.0,5.119528051225166e-05,0.004707816256291284,8.437802539687419e-05,9.975940368408745e-06,3.195792904067168e+85,0.23557528166609765
YBR227C,5.0,1.9655142971129173e-06,0.00463045607228378,8.09823302767611e-05,0.0001267228849117447,4.7088975632463346e+82,0.2263593865332568
YPR024W,20.0,0.00012276997369780915,0.005032318863007952,0.00022305737374572147,0.001024427080247746,1.8369322840676864e+86,0.2559703222814746
YGR132C,10.0,1.719537215043467e-05,0.0047459683795561675,0.00012248174827071383,0.00016190464308553276,3.604748022644098e+84,0.24505016425463907
YKR087C,11.0,3.4053709041300208e-06,0.0047477635462265634,0.00014433315158838991,0.0001053791566496823,1.4142264846885222e+83,0.22599795291709315
YER017C,11.0,0.00021132131656192193,0.004907847604041582,0.0001318179884907495,0.000283825476072887,5.443461732014055e+86,0.24742268041237114
YJR068W,40.0,2.8955617083599724e-05,0.005533246438331893,0.00021302706167794418,0.00011455584224353455,1.0165524972054257e+85,0.26337134405267426
YMR078C,47.0,3.6129251241741976e-05,0.005735630116640964,0.0002493500826990354,0.00012103235355266986,1.582921900292599e+85,0.2694786174575278
YGL113W,30.0,2.8457671467787234e-05,0.005304128549577118,0.00015939404011674235,7.260974002522626e-06,9.815218458878898e+84,0.25810071538785245
YLL004W,36.0,0.0002768860458404943,0.005596291985836322,0.00019192144880508978,0.00018613737338766986,9.327676039939048e+86,0.2648879504774701
YHR118C,35.0,0.0002700995810580783,0.005581851595334544,0.00018835529001768047,0.00011155994575507296,8.876153099543193e+86,0.2692551582849617
YDR052C,41.0,3.0587066514278755e-05,0.005568372835197327,0.00022274795474499959,0.0001378062127686828,1.1335185775158304e+85,0.2636732744208264
YBR278W,21.0,1.1584030706308821e-05,0.005055335207871727,0.00012484427810036979,8.03116966626892e-06,1.623784070166971e+84,0.24437754559943334
YKL108W,68.0,0.0002580707637541898,0.006358565405445585,0.0003172010377453747,0.0012117685390183898,8.110476730135158e+86,0.2748045999900433
YBR126C,24.0,9.059302887403032e-06,0.005053099067663628,0.00022807421920984191,0.0010960381888063474,9.99422993665703e+83,0.26903206940247587
YBR060C,38.0,0.00027251504992118175,0.005657585453133499,0.0001960723787496948,0.00011207494230188305,9.035139312727919e+86,0.27133307117577665
YJL030W,79.0,3.321858649072458e-05,0.00637893465294269,0.0004949817916242805,0.003062155357382648,1.3397393341872248e+85,0.2863961813842482
YOR060C,25.0,2.6646259446829176e-05,0.005160900763366875,0.00013482419781276868,1.1526323604257864e-07,8.608625853416211e+84,0.2438485665061625
YNL290W,25.0,1.7113552898128692e-05,0.005146671316489201,0.00014176582680594968,8.158823043197285e-06,3.5492329506949337e+84,0.2483019207413072
YJL106W,28.0,3.5435337473905756e-05,0.005190525555499562,0.0001916166636893856,0.00025211503911210865,1.5262560012860003e+85,0.258523791682278
YPR162C,36.0,0.00027823830079736004,0.005609806113585256,0.00018089602906248457,4.80293682373535e-05,9.418741319121068e+86,0.26318298846190524
YNL182C,138.0,0.025005085019146882,0.026393039890273473,0.00029013489657191675,0.0011978735852981506,7.614656114918674e+90,0.2874850268215197
YOR080W,23.0,3.12215646920058e-05,0.005138314692202499,0.00013423547939372428,3.0661562864054265e-05,1.1833123121433931e+85,0.258257696266492
YJR046W,48.0,0.00029808466054782884,0.005964801374318714,0.0002394021598516562,0.0005399649243426212,1.0809381925073124e+87,0.28339665263374064
YNL261W,39.0,0.00027276860239364625,0.005665161130196054,0.0002020903891958406,0.00010248249725220777,9.051997199126427e+86,0.26785714285714285
YDR328C,70.0,0.0007614371959901628,0.006685416763921314,0.0005550595659525906,0.006954138315877076,7.064253713175067e+87,0.3010471204188482
YOL093W,22.0,0.00011291059736424657,0.005061360387320441,0.0001665941561795249,7.696071519076536e-05,1.550694054410488e+86,0.23923030250498398
YDR165W,28.0,0.000911967768620468,0.005810295267913964,0.00016459533845520653,0.00017609469692010917,1.0119880364541955e+88,0.2534784405565505
YLR401C,8.0,0.00022503732070072456,0.004869856988369067,6.457603326769443e-05,7.989971657638936e-07,6.161684105360672e+86,0.2377568161261145
YJL125C,33.0,0.0017412405289133853,0.006546571144051147,0.0001817470391872432,0.00041711902534604067,3.689871578055551e+88,0.26224523730343485
YBR061C,24.0,0.0008779117015458749,0.005690738524800446,0.00015293135774225948,0.00011405027483166369,9.382994941020083e+87,0.2513089005235602
YML106W,19.0,2.723137687914756e-05,0.004945151376617811,0.00019132957468746812,0.001398506368090423,9.024981935616127e+84,0.2711997641741181
YOR243C,51.0,0.005136905212717199,0.009478782568007741,0.00023467155791217278,0.0016349608411384586,3.2145465343475615e+89,0.28472687883633363
YMR271C,20.0,5.895882799150587e-05,0.0049886216782996295,0.00018942658036495705,0.0011795403524816111,4.233078228508378e+85,0.2700719213268751
YDL201W,46.0,0.0016758061080095984,0.006779781184743023,0.0002475294058861834,0.0018340655632954532,3.4170146849935766e+88,0.26916325336454067
YKR056W,17.0,0.0012675071753025786,0.00586429166256323,8.855790398753293e-05,2.74064079485566e-05,1.9551067108580483e+88,0.2524351762930443
YOL124C,38.0,0.0027323710110388425,0.007431109642019697,0.00017625929780121355,0.0008823747295883965,9.086102885835247e+88,0.27137308883535716
YPL212C,21.0,0.0006159766207445874,0.00543216915972589,0.00014494206763549858,0.00018645353627249665,4.618112918623539e+87,0.257126886528787
YNL062C,31.0,0.001639890915648442,0.006444254772338897,0.00015119055682894268,0.00022650725683814345,3.272387580343651e+88,0.25829394974498154
YHR070W,20.0,0.00018200970356626353,0.005072773727135824,0.00017064037542361286,0.00043957200894252874,4.03420893524647e+86,0.24623070746721384
YDR120C,25.0,0.0006929524229085938,0.005580600167845157,0.00015660445846044912,0.00016077123242252332,5.842670563773942e+87,0.2539799392656667
YFL001W,25.0,7.35343719371617e-05,0.005091948362009105,0.0002087944752025493,0.0005936720753328264,6.580230861463247e+85,0.25280512937943667
YBR055C,64.0,0.0005613372890716371,0.006561066263921301,0.00025427314072652154,0.00037973495574245047,3.8333827737584867e+87,0.26639640943969883
YDR473C,54.0,0.0005243597096439139,0.006318589993563221,0.00020079254782085474,3.1792082837234546e-05,3.344811537031263e+87,0.25845116583949806
YBR152W,43.0,0.0005042687698588508,0.006039243175321282,0.00016279367464071506,7.3928488913280484e-06,3.093866692848777e+87,0.253723110865968
YMR268C,20.0,0.00015783850916735142,0.005141789556556605,0.00010014740675898579,0.00011567310221240281,3.031058537664397e+86,0.24642857142857144
YLR298C,60.0,0.0005209321462508816,0.006459877194073415,0.00022824998691392106,6.907772343992182e-05,3.3009362811699232e+87,0.25975248223613007
YPR178W,53.0,0.0007882609766650528,0.006487128520008292,0.00019998960709849612,0.0002065724914305783,7.562153229111778e+87,0.26542289753329806
YGR075C,41.0,0.0005020257170872548,0.005995622366993612,0.00015431214922383604,1.1213353540458821e-07,3.0664354438696243e+87,0.2536881290500483
YIL061C,56.0,0.0006010650611887761,0.006440025259870158,0.000219735562291104,0.0002396992844303515,4.395828133765852e+87,0.26986066976289413
YKL183W,16.0,0.00037593704230667175,0.005213138845262443,9.943218483422433e-05,0.0003720565407068301,1.7212807344035232e+87,0.2624197765628714
YDR243C,61.0,0.0006296819631874679,0.006559230870626758,0.00022682005157154058,6.800979752951378e-05,4.822760895697106e+87,0.2629072204229377
YPR129W,20.0,0.000367324708213962,0.005249929688823893,0.00011717875802710458,4.349586736440621e-05,1.6433965173525514e+87,0.25944726452340666
YGR091W,52.0,0.0005317002200767732,0.006280183903948297,0.00019359096870897685,3.545104856455582e-05,3.4393044239996214e+87,0.2603036876355748
YPR082C,45.0,0.0005109980780141307,0.00609280718651097,0.00016875505900971604,2.56882340995232e-06,3.176920087257199e+87,0.2538514601057714
YJR022W,57.0,0.000779014872592014,0.0065670382104186156,0.00022292499289825943,0.0002457880387268474,7.385258813260789e+87,0.26280708436488287
YDL098C,46.0,0.0005128986452613779,0.0061266336086534005,0.0001716959979411394,7.905907350904036e-06,3.2004397579688807e+87,0.2547065337763012
YPR189W,116.0,0.03268099795810178,0.03135830247511175,0.00021690487142176572,5.0165343306885536e-05,1.3011983504021052e+91,0.29156982886118743
YPL037C,73.0,0.020831985135354877,0.021539791889412036,0.0001614247890475581,0.0004725670545095345,5.2876987970232e+90,0.2763177654302448
YPL210C,72.0,0.02026341086241042,0.021038162748597062,0.00014116970470317734,2.2236910042089512e-05,5.003216696434443e+90,0.26707954325527383
YOL151W,66.0,0.01751061574442673,0.018977075376365993,0.00021715678610018522,0.0026465588200540566,3.7357494618944014e+90,0.2934921310080817
YDR139C,150.0,0.03926677789525202,0.036898121520900586,0.00037458452101512586,0.0019572635958755875,1.8786183368939095e+91,0.2971416267427464
YLL056C,57.0,0.01750092452436916,0.018775802494951817,0.0001493001007720014,0.001402081876504121,3.731615251984771e+90,0.2822230175366839
YDR086C,100.0,0.025977542251630608,0.025906910560065305,0.0002512329696117774,0.0008933656659498985,8.22269632239468e+90,0.28505034856700234
YHR197W,108.0,0.023439157492912668,0.024491789672776924,0.000201336362423128,4.69308680834561e-05,6.691290751447307e+90,0.27774982389051023
YOR052C,168.0,0.04983599995155324,0.04513284074504214,0.0003132103763765467,0.00029304915578452903,3.0261012057245316e+91,0.2939766735900304
YIR032C,177.0,0.05015379779570969,0.045567666408951255,0.00038519956628677764,0.0037686898348129384,3.0648121123624188e+91,0.29908972691807545
YDL040C,60.0,0.016284878449384213,0.017891200724553354,0.00014975388834332642,0.0004104692952529055,3.2313420528345995e+90,0.2794512225990989
YKL122C,83.0,0.0241115394416722,0.024174606888567263,0.0001566429843012829,3.3920450817990903e-06,7.0838153275470975e+90,0.28556647697878945
YGR169C-A,95.0,0.030252372247604537,0.029098367862922955,0.0001728741203090835,0.0,1.1150456092114446e+91,0.28374627325999796
YJL102W,75.0,0.02131159457483427,0.022030881327950256,0.00014635704660487272,1.7981104694026006e-06,5.534090583755172e+90,0.2822374475917783
YDR116C,214.0,0.0562421663066301,0.050931090050231796,0.0003806898447237581,0.00021120612467152307,3.854199632253595e+91,0.3067689229743248
YNL135C,125.0,0.031228926856383465,0.030470837662011894,0.00035783489774700793,0.0037697798081556913,1.1881980270379606e+91,0.30791543481898814
YHR013C,61.0,0.0162856620749806,0.017911089005579316,0.00015741603257392358,0.00046053566517334667,3.231653053529812e+90,0.27946537059538273
YLR069C,86.0,0.02446747795673792,0.02461945928395131,0.00016339911410837452,2.4013925285815398e-06,7.2944739514788355e+90,0.28342575477510784
YIR026C,79.0,0.019983189951387217,0.021124041616303116,0.00017731548372200981,0.0009492082637893901,4.86496278499871e+90,0.2823818293431553
YOR253W,68.0,0.01599544151994596,0.01784932174012079,0.0002163661328847041,0.0013046667752823384,3.1174885317540273e+90,0.28317857692505
YHR085W,75.0,0.019126861606834855,0.020424268732419742,0.00014688442950322396,2.9571977305810618e-05,4.456693487530959e+90,0.27068111606923945
YGL157W,62.0,0.018371706630514528,0.019519308960909816,0.0001569545481931074,0.002838201521396765,4.112241183311649e+90,0.28481502502450856
YPR088C,146.0,0.041421991716321147,0.03844815107460128,0.00026485008979060915,0.000227779942466288,2.0906342225106987e+91,0.29371075875279345
YNL023C,111.0,0.03118265256915486,0.030171676363381656,0.000256792109498802,0.001247615119108104,1.1846808274861463e+91,0.30021210637950724
YNL230C,58.0,0.014706112157088577,0.01669215236587261,0.00014576341181569107,0.00014583774683687412,2.6352304264024985e+90,0.2795927670566783
YDL092W,71.0,0.01997975209245586,0.020811432611420343,0.00013974714381312898,2.2836550991204776e-05,4.864089371953842e+90,0.2684955493944258
YIL161W,100.0,0.031113396931039358,0.02983163758683151,0.00020474666761606075,0.0003623188405797103,1.1794259040635347e+91,0.2857438658246195
YLR398C,123.0,0.032525254739949105,0.03137822649596273,0.0002555720313742737,0.0004951194472733611,1.288830870565465e+91,0.29169308814204187
YNL001W,122.0,0.03439109529213109,0.032716681789839025,0.00024818512956939395,0.00018732670094532297,1.4410200105277808e+91,0.2924193462944324
YGL039W,57.0,0.017500927780815297,0.01877540635495944,0.0001524118490747529,0.0027834362041853997,3.7316166387344215e+90,0.2823818293431553
YNL163C,95.0,0.02570595353026085,0.025745174503523004,0.00017992366272172688,2.8133707125958858e-05,8.051069773990529e+90,0.28793490167440405
YLR387C,83.0,0.021322106987046254,0.02223283946704431,0.00016079355215139354,2.4234647241107053e-05,5.538535372849877e+90,0.2801035165169737
YIL099W,74.0,0.01801272616155157,0.019559248710591087,0.0002963248377181254,0.004250723796512584,3.9532800427513218e+90,0.2882205513784461
YGL213C,131.0,0.03256653771787904,0.03161756243077492,0.00030786198740719863,0.0019230598966753069,1.2921013111255013e+91,0.2978149446992177
YOR298C-A,104.0,0.03235161075745245,0.030852434201780896,0.0001935491880252571,0.00017482873434698413,1.275166295070918e+91,0.2916160388821385
YKR084C,121.0,0.03347042561247329,0.032016118052522344,0.0002722833632368274,0.0016168366968251967,1.3648661278358162e+91,0.29263637809468274
YEL057C,97.0,0.030211757801393627,0.0291029917723547,0.00019904505462772678,0.00032971826803388556,1.112056638634753e+91,0.2843455416473497
YOR168W,177.0,0.044022373159110284,0.041011851525337366,0.00042954228122730256,0.0024863579788807263,2.361268506522502e+91,0.2902208201892745
YJL003W,166.0,0.05055787866350476,0.045633051992292714,0.00028090182556955647,2.700651740617972e-06,3.1144002874347337e+91,0.29263637809468274
YER019C-A,53.0,0.01202921713601604,0.014615816366116707,0.0001877392941292249,0.0007896979961606786,1.763109776461376e+90,0.2881603675088745
YPL243W,93.0,0.027061840191571623,0.02658857213760141,0.00017558520684202736,6.27942459260313e-05,8.92335756395615e+90,0.2869768650896803
YDR541C,57.0,0.017830374550931092,0.01902308405087147,0.00012425357122780275,0.00016114004748425187,3.8734435051492394e+90,0.28137424813946377
YDR412W,78.0,0.017785959492844523,0.019553221701588814,0.00015118714148289888,7.820428996779006e-06,3.853111171936633e+90,0.2718676122931442
YNL175C,41.0,0.006051619646934444,0.010078143317948186,0.00010953907721519954,7.200075222318346e-05,4.457298758398906e+89,0.26649929995654903
YGR283C,9.0,0.00028973518172345806,0.004934296161471874,7.270382437246241e-05,2.9040802182301992e-05,1.0217350316473208e+87,0.24443165212770668
YIL096C,21.0,0.000720404963897366,0.005506656244498979,0.00014462141076973623,8.848552998348619e-05,6.314111232962454e+87,0.24368709164753663
YBL029C-A,3.0,8.544607482519016e-05,0.004656730328617192,4.457841958113974e-05,9.669348816455726e-06,8.899082743491616e+85,0.24750033627763082
YDR488C,21.0,9.720476677764101e-06,0.004982624512278647,0.00019310723698253847,0.00023716659622729402,1.1513183640193078e+84,0.2578354897473025
YBL029W,3.0,6.477614230701581e-08,0.004584376851771259,0.00020195200484984788,0.0007245720317953002,5.117774307642407e+79,0.18849883895642672
YOR034C-A,1.0,2.98901706390531e-10,0.004546453717425698,8.970923866976146e-05,0.0,1.090440991897244e+75,0.15860701663649684
YGR161W-C,4.0,1.4036275857947361e-05,0.004620006753750227,0.00015463839898330914,0.0018263620371484332,2.401723876416361e+84,0.23223526442004291
YIL014C-A,1.0,2.98901706390531e-10,0.004546453717425698,8.970923866976146e-05,0.0,1.090440991897244e+75,0.15860701663649684
YBL030C,19.0,0.00020066299785506856,0.00511798967973752,0.00019010728920607474,0.0007690235682631893,4.90664058706166e+86,0.25992371803927106
YJR077C,7.0,0.00011709149577453179,0.004776280784098088,7.174565217822543e-05,3.6411651083808756e-06,1.6708010840911243e+86,0.2517329441809559
YMR056C,6.0,0.00012442120177246668,0.004754113272910825,6.392314600565118e-05,6.53976673289495e-06,1.8866280526714207e+86,0.24919868177508916
YBR085W,1.0,9.261838250148518e-07,0.00454867053061429,3.568363962723576e-05,0.0,1.045454861180003e+82,0.20630886530124085
YER053C,1.0,9.261838250148518e-07,0.00454867053061429,3.568363962723576e-05,0.0,1.045454861180003e+82,0.20630886530124085
YNR017W,31.0,3.875608500694547e-05,0.005239475550873814,0.00023236378532052234,0.0003223092306120596,1.830528358756796e+85,0.2622826190249929
YBL031W,3.0,3.817223756576333e-08,0.004584951690708955,0.00010449527732631187,4.221945979949894e-05,1.7729827670534854e+79,0.1994075572574236
YKR088C,5.0,2.5994176052328012e-08,0.004626996018673424,0.00012959774450226974,0.00010832435998551567,8.223444297055274e+78,0.20285913784866413
YHR127W,4.0,2.3905343459276186e-06,0.0046103112768270645,0.00013698236954618912,0.0009708323772529406,6.946227641890457e+82,0.22275130140026633
YHR131C,4.0,5.849577414680713e-06,0.00461397727113401,0.00012633357896503532,0.0009042073347574942,4.170303644623149e+83,0.2340669126065386
YJL080C,19.0,0.0004408423556541848,0.005260469905928626,0.00016438060924162985,0.00061023612041491,2.3679999501978112e+87,0.27594481103779245
YNL016W,28.0,0.0001387423953785566,0.005236371340996926,0.00021422657240898873,0.0006032792571308183,2.3439695211920852e+86,0.2698870581332812
YHR135C,11.0,1.3568333051164993e-06,0.004749895831619395,0.00014921122519368193,0.0002502351267088137,2.2384255230012616e+82,0.23528408848727675
YPL178W,96.0,0.0008959038738852274,0.00749802453940628,0.00044578860789363253,0.0033701972701513966,9.767384436287226e+87,0.2898550724637681
YML117W,3.0,2.3769445313394197e-05,0.004609569643881378,4.554767114979251e-05,1.199421129172582e-06,6.883607416642628e+84,0.24189307624890447
YPL184C,4.0,4.243979195280369e-06,0.004612596765131154,6.058574603318556e-05,3.91187558037197e-07,2.1918354345623673e+83,0.22587773140191506
YPR042C,9.0,9.352228835885221e-05,0.004796361935904621,0.00013021843147229946,0.0005642520137131807,1.0633223094746369e+86,0.24455077086656035
YBR153W,7.0,1.6997470483570197e-06,0.004669818595173531,9.478948759379278e-05,2.690544350885343e-06,3.521364892438103e+82,0.22060586683718328
YLR429W,20.0,8.720192422441726e-06,0.004968391506751403,0.00019472046295347163,0.0005436399243097453,9.261484010807751e+83,0.26415274919844955
YOL143C,18.0,3.7896262809000718e-06,0.004895273095128107,0.00019902384925441136,0.0008086895445587994,1.749033481792349e+83,0.2480341496292968
YBR241C,2.0,1.3464759667733726e-06,0.004567483460095657,9.455721935578128e-05,0.00036231884057971015,2.2102362922560802e+82,0.209003824164174
YOL066C,20.0,6.154768395974168e-05,0.004977396781898852,0.00018454339339841005,0.0004996820537056665,4.613774653589665e+85,0.24664879356568364
YJR092W,18.0,1.6814239869000122e-06,0.004893894935996722,0.00019701959639405813,0.00032335261893206375,3.443733913776844e+82,0.23729687903017796
YDR487C,11.0,1.8009031271066088e-06,0.004751031943740977,0.00013315476912356369,0.00020423581254084758,3.9527560464239804e+82,0.2339875376202789
YBL034C,11.0,8.740907194890242e-06,0.004779706309771626,0.00010305442652385038,1.1666311104888214e-05,9.30885336245714e+83,0.25223907877901663
YPR141C,38.0,1.5014345769885225e-05,0.005359586054940367,0.00033598346989070657,0.0022388958201909176,2.7443659716465707e+84,0.27678884821741967
YER184C,4.0,8.153040795965394e-06,0.004620433711931639,5.401451680061233e-05,3.820912311148488e-06,8.101333549537169e+83,0.24351508734780308
YML124C,34.0,3.166842450819969e-05,0.0052973378301865975,0.00028779313935666266,0.0018346236694018645,1.2217189681826024e+85,0.27938050409960524
YOR058C,31.0,1.159725482895588e-05,0.005259401416512677,0.0002210912139477713,0.00012900898304272316,1.6359184287413817e+84,0.2697156259161536
YEL061C,55.0,1.4960715559256161e-05,0.005787964701530758,0.0003781849888665658,0.000766127696841417,2.7194582871939523e+84,0.27485933376487576
YER016W,54.0,1.8300779398135503e-05,0.00572736636443622,0.00040206408627952854,0.0021350477397897565,4.074646550908645e+84,0.2806732089286622
YOL094C,23.0,9.55652660011991e-06,0.005082298475712765,0.00013639149261207193,0.00015141959307894676,1.1053730741822266e+84,0.2501586150638992
YDR082W,16.0,9.526937325895235e-06,0.004898802441445981,0.00011773406907267353,0.0002350961619843285,1.1026681725992835e+84,0.261425526876628
YIL139C,30.0,3.587246606799275e-05,0.005282941466613575,0.00017546508960038422,7.087147328080408e-05,1.5652537047787564e+85,0.2606601501629126
YBL036C,3.0,6.130676707921143e-07,0.004589203853698387,5.37901884222351e-05,1.4231846647597534e-05,4.576880031650803e+81,0.23067279565399082
YER023W,18.0,1.724324640861141e-05,0.004932332101234846,0.00015863041142459694,0.0003653110493802124,3.6176289557249594e+84,0.26553781027515877
YPL260W,5.0,4.129130735802374e-05,0.004672108791833022,6.321138203360207e-05,7.712332056673619e-05,2.0770861212766553e+85,0.24943515589697243
YBL037W,23.0,5.9844496158152336e-06,0.005011894010455907,0.00022806504886713943,0.00012688224330094957,4.364032097927218e+83,0.24060674745009153
YGR261C,12.0,2.949941788929764e-07,0.004775238264494583,0.00013325141808244952,3.929600425735528e-05,1.058567814720254e+81,0.22291321730000405
YPL195W,18.0,4.841082944685934e-07,0.00490519223377094,0.0001804512627471147,0.00029990046016075707,2.8516711344243145e+81,0.240093949806446
YJL024C,10.0,1.7529956424057138e-07,0.004732162639360354,0.00011696246081860758,0.0,3.739586295079832e+80,0.2135313914355344
YDR153C,20.0,1.7020450633614042e-05,0.004980708777604002,0.0001947168204362609,0.0001758625123512385,3.5298639248562135e+84,0.2634593356242841
YJR125C,23.0,1.299405457641862e-05,0.005023360435446045,0.00023099919426063168,0.00026802071209653625,2.057742003411973e+84,0.24424778761061947
YHL019C,13.0,2.1245275445890432e-05,0.004811133782315897,0.00014052936728139944,0.00042113964857179084,5.492673747491007e+84,0.24530062658312224
YOL062C,25.0,6.485559805508656e-06,0.005048711626557526,0.00027029439814843547,0.0007607522862130505,5.123744279368186e+83,0.24363331420752968
YJR058C,18.0,6.291106219817869e-06,0.004909940302148448,0.00018528245354104662,8.832954802478266e-05,4.821317272644962e+83,0.2411006770037126
YBR288C,11.0,2.0421136336532893e-07,0.004752475859097431,0.0001259497734330021,1.4588747582279807e-08,5.075286507854514e+80,0.21353965183752419
YKL135C,24.0,3.779497409708855e-06,0.0050254168345935536,0.00024808391443018567,0.0003703752059197358,1.7393477919079246e+83,0.24798957724965182
YPL259C,18.0,7.132742462194586e-06,0.004909579439039961,0.00018234883765042207,0.0003029530295130359,6.189679684616282e+83,0.2502379980960152
YPR029C,25.0,6.54319671074404e-06,0.005051361061997478,0.0002677234085373695,0.0008249035415653196,5.217191089641367e+83,0.2543192812715964
YJR005W,20.0,6.336099349562364e-06,0.00494840419558272,0.00020674945895176732,0.0001677062632077815,4.890421260866045e+83,0.24516988674217188
YLR170C,16.0,7.168506008267833e-07,0.004858390084419379,0.000168591655217802,1.900704274815964e-05,6.256983203846011e+81,0.22771337816096696
YDL202W,95.0,0.019170905134505024,0.020891076592351374,0.00021973361386375885,0.0011239404950460995,4.478728825204162e+90,0.29170850288009303
YOR187W,144.0,0.0313124485057544,0.031077425114694367,0.00037001947608034704,0.0038518654097064215,1.1946752022722651e+91,0.3137968279233699
YOL114C,79.0,0.01695132415920311,0.018908325000844734,0.00020469216839720487,0.0007502102400203318,3.5016275815339015e+90,0.2868724664795759
YBR185C,47.0,0.006840665122759891,0.010644428452944003,0.00019368689682743517,0.0008940910560533878,5.703307831371617e+89,0.26640926640926643
YLR179C,40.0,0.00727141582779159,0.01083119451090738,9.624057365656272e-05,0.0,6.444178968276434e+89,0.2579921480650589
YKL167C,91.0,0.01714825375479056,0.019303934637855992,0.0002039617719734669,0.0001301271665184113,3.583588240374664e+90,0.28416988416988415
YLR289W,99.0,0.027480170909226508,0.02716918387899889,0.00020834083856200537,0.0005225940232629702,9.201463046050364e+90,0.2893840104849279
YBR268W,87.0,0.018129681376034146,0.019952252794805,0.00018019171829558537,1.9659044002138504e-05,4.005463431891532e+90,0.2822085889570552
YMR097C,34.0,0.00464171621794557,0.008727955747491859,0.00012035211090425955,6.258471086876116e-05,2.625417634211056e+89,0.2729565346387776
YBL039C,41.0,0.005626682454378911,0.009653600703677484,0.00018808098460879679,0.0017381423007928882,3.8570857337813756e+89,0.29585164540679604
YKL216W,31.0,5.619406636539162e-05,0.005200843177269734,0.0004059510057053866,0.003293158876820974,3.845561722243022e+85,0.27366020524515394
YGR159C,53.0,0.006349244736930476,0.010607274800446221,0.0001375632384611157,0.00017074178622925794,4.90559136010839e+89,0.2787456445993031
YLR291C,21.0,0.0007260751991591251,0.005500510157379874,0.00015368414767732112,0.0006882279828657634,6.421746106596168e+87,0.26680844893421624
YFR004W,84.0,0.004277912281408302,0.009618713687404586,0.00039037569560993466,0.0037630754421478455,2.2297856249585623e+89,0.30598669623059865
YDR341C,35.0,0.0015435154305167055,0.0064351494582069995,0.00017730656099581595,0.00017759351836394213,2.9025570258634522e+88,0.27588964414234307
YGR124W,15.0,4.616152656607651e-05,0.00489282381463776,0.00013183729924154928,4.804677481686656e-05,2.596496913804609e+85,0.2542607093505297
YML056C,20.0,0.00048050160906688404,0.0053160023180744784,0.00015661908481671538,0.0003092712417761304,2.8122964201360047e+87,0.2673770888835069
YJR103W,21.0,0.0013333043455452797,0.005982621631562851,0.00014058454888032552,0.00029340201905579775,2.166057505735056e+88,0.28016038166776636
YKL024C,27.0,0.0019613327551603506,0.006588213227963938,0.00017564085838808264,0.0009185531959505507,4.68730118162558e+88,0.28844646496316034
YPL104W,17.0,0.00029146512535904414,0.005104956671599475,0.0001289665160175311,0.00038757716785343184,1.035153266753603e+87,0.2622701572670689
YBL039C-A,1.0,1.347101836485017e-10,0.004546463242101436,5.398876336691631e-05,0.0,2.1934135204820766e+74,0.1736395092796477
YOR161C,3.0,2.9091424968794948e-08,0.0045866695514077595,9.402714539551366e-05,0.0003637826620074254,1.0294362963053073e+79,0.21011762018956265
YBL039W-B,7.0,5.772966480307741e-07,0.004664143650221755,0.00018337420323110226,0.0016109239852424876,4.062711964689216e+81,0.21699819168173598
YEL020C,10.0,6.95926016465921e-06,0.004743040850446548,0.00013488010023412578,0.0011122432340477581,5.898565215403807e+83,0.2445941155618575
YKL065W-A,3.0,2.827428333579501e-09,0.004584881212202461,0.00013299987670204046,0.00036231884057971015,9.741569376573089e+76,0.17832913355301416
YIL089W,5.0,3.5145334453454365e-08,0.004623720102447613,0.0001588687224452655,0.0003185009410576617,1.5022200586464386e+79,0.20013777600522098
YGR168C,4.0,6.594546336404305e-08,0.00460626454638763,9.563753594594497e-05,7.563161896104941e-05,5.300703327565337e+79,0.20017406440382943
YGR028W,6.0,9.12498604687478e-06,0.0046642771379621605,8.629816943541818e-05,0.0004992392861002166,1.0148194173627851e+84,0.2466157351561453
YFR026C,3.0,2.827428335360953e-09,0.0045849596777075615,0.0001394080312521223,0.0007245063824311798,9.741569385418532e+76,0.1783406565003877
YBL040C,13.0,1.194223799291627e-05,0.0048091008175569225,0.00014363949798855644,0.00019119285436888504,1.738758485952624e+84,0.24407499115670322
YNL287W,40.0,1.3921192492957066e-05,0.0054001574982959,0.0003532060318705269,0.0008261433794097318,2.3621005831298236e+84,0.261301775147929
YCR067C,8.0,7.566666620178365e-06,0.004702613326978748,9.29026754266236e-05,2.5164016600528452e-05,6.977880038947905e+83,0.23483365949119372
YFR051C,29.0,0.00030729745208696557,0.005384741963116501,0.0002590210017073319,0.0013820895535910885,1.1508591964608128e+87,0.2753391859537111
YOR103C,18.0,0.0005444872641994077,0.00529707684027553,0.00014276596074468608,5.44812000261797e-05,3.6131901222561835e+87,0.24816796295463742
YDR414C,3.0,8.090894669597411e-07,0.004587712535977574,7.194115793749355e-05,2.1107680857128706e-05,7.959740049698216e+81,0.21309450277949352
YGL137W,29.0,1.5826590326618067e-05,0.005170194718252415,0.00025463897109778276,0.0003702126498464669,3.0530832538196935e+84,0.2623948281599087
YPL010W,14.0,1.3132709089049705e-05,0.004837927005702719,0.0001340051555468408,9.275002844045097e-05,2.1017473255417436e+84,0.24462663416795924
YDL145C,25.0,1.4366387837799725e-05,0.00507470429591338,0.00023141262065300093,0.00025264687596258847,2.5157512903686955e+84,0.25406176646568784
YER021W,52.0,0.001286682105371077,0.006696765455080585,0.00025294137707863493,0.000578716683989732,2.017350180212377e+88,0.2757380488535891
YDR363W-A,45.0,0.0012334165711541713,0.0064953975074333505,0.00022841714439640026,0.0005085481591256821,1.8537756437101756e+88,0.2759862006899655
YBR295W,16.0,9.106360585797722e-05,0.004961082764171261,0.00010445207150335109,0.00020240728757451614,1.0102569561970737e+86,0.23738872403560832
YFL007W,46.0,0.00023564801908922692,0.005750725434320333,0.00023740780545814937,0.0001918764198199361,6.766649779401565e+86,0.2587297867354113
YBR173C,29.0,0.0001529923788784557,0.005305439326665595,0.0001528752977343226,2.6283912357673188e-05,2.8520096980912267e+86,0.2486598495427722
YLR199C,24.0,9.751069506737564e-05,0.005137293906402017,0.0001323711394896055,1.3032264342331737e-05,1.1583983287465281e+86,0.23750107563892953
YFR010W,60.0,0.001341113140806981,0.0069068065028845054,0.0002980802525989735,0.0003544070338332848,2.191654731750843e+88,0.2828593389700231
YDL147W,54.0,0.0012897827578278182,0.006733903353908659,0.00026511942903043907,0.0005938059311342914,2.0270878555474254e+88,0.2729700326377213
YER012W,53.0,0.0012771482363522252,0.00672690338486896,0.0002472492797132925,0.0005282800914446423,1.987527397633664e+88,0.2828883308563522
YOR259C,52.0,0.0012964710741235818,0.006714063953360602,0.0002437421555376449,0.0003495717053201792,2.0481610110754344e+88,0.28228074661211966
YOL038W,50.0,0.0012348621439016944,0.006607340756744046,0.00023497071864283172,0.00021350263448950135,1.858124042508401e+88,0.27306455602275537
YMR018W,9.0,6.096910508062921e-06,0.0047206387031596434,0.00010619119730184446,8.697799972537072e-05,4.530526225234215e+83,0.22674991784423265
YOL147C,32.0,1.2797862058177647e-05,0.005206341053011574,0.0002726806993291945,0.0008727193613156383,1.996170625713036e+84,0.256053437239076
YOR261C,55.0,0.0018361444540497388,0.007172237097863858,0.00024512401495733495,0.0005583010406947089,4.1080059457491585e+88,0.27936636469456955
YHR027C,55.0,0.0015956057155486775,0.0069959432655359996,0.0002530057956107088,0.0002468134460763605,3.102173784299817e+88,0.282194161852666
YHR200W,72.0,0.0015424847845614514,0.007309181904558304,0.00038398689657950753,0.00262903558127487,2.8992408327989116e+88,0.2905416074530238
YGR135W,49.0,0.0012340299999778757,0.006585882199512257,0.00023391401714264743,0.0002445509181307476,1.8556201951208246e+88,0.2741631071818814
YBR222C,38.0,0.0005215533879603256,0.00592294828602971,0.00019050321162748286,0.001465856520806484,3.312508081681437e+87,0.2822951825713409
YKL206C,21.0,0.00022039615942910288,0.005168460276253252,0.00011546405319406202,8.27712601828522e-05,5.919592191726392e+86,0.24562808703777866
YBR057C,25.0,0.00012691178658143966,0.005194174246632478,0.00016131579089954769,0.00038037996572634056,1.962381114104618e+86,0.24970596218221297
YDL097C,52.0,0.0012928219388845198,0.006707440950048833,0.00024140750467079988,0.00032102505004775073,2.0366510134348448e+88,0.27947952002430254
YFR052W,53.0,0.001421934989448556,0.006824721861074644,0.0002546625371623877,0.0007831142072858464,2.4634577651949776e+88,0.281445979707337
YGL048C,58.0,0.0012948894524854792,0.006835646511714395,0.0002905629091118563,0.0011342785773897212,2.043165839429702e+88,0.28921722728701665
YOR157C,47.0,0.001234003107160725,0.006546981463466526,0.00021819359842673196,8.014599574244282e-05,1.8555387584937213e+88,0.2730240379859531
YJL001W,47.0,0.0012334503501174095,0.006544829101508682,0.00022397809589173938,0.00017453463322344645,1.8538769052735862e+88,0.2731456281854619
YML092C,48.0,0.0012349055586786143,0.006569202529202667,0.00022250351958496176,8.359599599265279e-05,1.8582541926284712e+88,0.27307806470762835
YPL112C,21.0,7.577691438318794e-06,0.004973033132834156,0.00020516702808179413,0.0007368409161204745,6.998386292347765e+83,0.24511545293072823
YPR108W,54.0,0.0012872680977579706,0.006739607866867163,0.00026709543389772533,0.0008546781388717375,2.019184847231618e+88,0.28107337440806557
YDR394W,51.0,0.0012749227456648282,0.006678600531310052,0.00023672969333994302,0.00018658273892949986,1.980622469797407e+88,0.27755430410297666
YPR103W,50.0,0.0012503602175353637,0.006622272240895011,0.00023316812424068798,0.0004320021979353839,1.9050658441009396e+88,0.2767194706236214
YDR427W,50.0,0.0012866264896895692,0.006660240222719921,0.00022979514991731164,0.00024825939604441793,2.017175859191613e+88,0.27888647501641994
YDL007W,53.0,0.0012869453668539147,0.0067230562786611435,0.0002495283535328467,0.000390479663340451,2.018175845824933e+88,0.2797911703583557
YLR421C,54.0,0.0019579615666789046,0.007228535714735225,0.0002460044278837448,0.00022523578043673705,4.67148019465941e+88,0.2785065590312815
YGR253C,49.0,0.001234223845987136,0.0065861452442929945,0.0002314060453732356,0.00021386804722853356,1.8562027904986496e+88,0.2730510486743174
YCR076C,15.0,8.68879020607286e-05,0.004939450724860313,8.797358288741931e-05,0.0,9.197066360636072e+85,0.23289173909374736
YER094C,47.0,0.001234003107160725,0.006546981463466526,0.00021819359842673196,8.014599574244282e-05,1.8555387584937213e+88,0.2730240379859531
YDR182W-A,38.0,0.0002157895561329684,0.0055665231899590635,0.0002293235249210303,0.0008170700009171907,5.674086065106823e+86,0.25447169463396646
YGL011C,66.0,0.003607531802015285,0.00880661901736874,0.0002501427146121228,0.0010029323539358708,1.5840337956530703e+89,0.2825842121429303
YOR362C,48.0,0.001234481332980155,0.006568778240855578,0.0002233400629516692,0.0001504101656174429,1.85697744817323e+88,0.27498256451130815
YOR117W,54.0,0.0012914532851003126,0.006745924637752974,0.0002521645972765983,0.00016986438390230357,2.0323322290596715e+88,0.27669172932330827
YFR050C,48.0,0.0012401774946659795,0.0065701318157688786,0.00022880563903535718,0.00019989905893237942,1.8741554389836854e+88,0.27299703264094954
YKL145W,53.0,0.0012824856470837367,0.0067169575719154264,0.0002566751699411934,0.00047646897273798507,2.0042127226203488e+88,0.28050205803140404
YIL075C,52.0,0.0012992687040133775,0.006714700833148127,0.00024285444818262676,0.00011480360031868946,2.057016165463269e+88,0.2787737993030655
YMR314W,48.0,0.0012340350183120226,0.0065661731448958364,0.00022992721895821752,0.001074779752846831,1.8556347384852695e+88,0.2741631071818814
YBL042C,3.0,1.3601651303742503e-06,0.00458742179063164,6.952117464741329e-05,4.750089912297493e-05,2.254910689052215e+82,0.2154903185509057
YGR130C,10.0,0.0002898626251871175,0.004940253942991927,0.00021680115418352839,0.002107853428252559,1.023797421864692e+87,0.25583982202447164
YPR027C,4.0,1.5022628836712782e-11,0.004604321569633744,0.00014413200688880446,0.0,2.7622581283374233e+72,0.1477713826796948
YLR296W,4.0,1.5022628836712782e-11,0.004604321569633744,0.00014413200688880446,0.0,2.7622581283374233e+72,0.1477713826796948
YIR040C,5.0,1.575117026484126e-11,0.004623868411751665,0.00016486599963573878,0.00035857627798728113,3.032279594520133e+72,0.15413397369670231
YDR215C,4.0,1.5022628836712782e-11,0.004604321569633744,0.00014413200688880446,0.0,2.7622581283374233e+72,0.1477713826796948
YDL189W,5.0,0.00023311647827995355,0.0048249011592442145,4.5316119524073836e-05,4.28494459499248e-06,6.619403921901642e+86,0.24903004601642154
YML120C,12.0,1.6476765708598696e-05,0.004815620773121038,0.00012582156969432248,0.00015891819873627795,3.3068978460336513e+84,0.25325747843641033
YKL150W,3.0,3.1305338104478966e-06,0.004596094300905893,5.575994703464964e-05,2.187120357732542e-05,1.1935023926920414e+83,0.23482366954524184
YDR375C,13.0,2.300580255034726e-05,0.004847427325109481,0.0001068513499467745,9.58430678164681e-06,6.444856164012826e+84,0.24380548562342652
YER004W,11.0,0.00013322492697999847,0.004900263311747972,8.549690003834492e-05,0.00012079144048783607,2.1603296969104307e+86,0.25549641286739183
YGR033C,26.0,3.6551948113780793e-05,0.005125331687532293,0.00019278608438477154,5.512790814016541e-05,1.6285583566534297e+85,0.2518248175182482
YBR255C-A,3.0,3.1259966054784005e-06,0.004596135522633806,4.5255816172702976e-05,0.0,1.1899304269436363e+83,0.2205441687642335
YJL143W,35.0,4.955563885359943e-05,0.005332458640258055,0.0002511517049386369,0.0002455361162746855,2.992469551901982e+85,0.26003391746749577
YDR178W,34.0,0.0001349046405901581,0.005416600677398584,0.0002266778193866936,0.0002033593765385442,2.217333461775245e+86,0.2623574144486692
YDR293C,19.0,0.0013099678346772104,0.005920535511807003,0.0001057967384197191,0.00037781461799081805,2.088182128122263e+88,0.256255512743141
YOL016C,10.0,1.0576097526123074e-05,0.004739633359741058,0.00015416510940414853,0.0005000356521130295,1.3631791263206152e+84,0.24641757064416767
YKR001C,16.0,1.13447261038598e-05,0.004898653541737247,0.00015311180656558712,0.0008022052048857746,1.5673396674478883e+84,0.2739862014195662
YPL204W,66.0,0.008219473603371698,0.012149813496381869,0.0003521106741893984,0.009293279431147437,8.227817296144631e+89,0.30610547329895194
YDR348C,4.0,5.01283447887271e-06,0.004612960598392626,6.275268148776293e-05,8.795101985931677e-08,3.0625577831650355e+83,0.22649870748020187
YBL048W,2.0,6.300713472900521e-10,0.004565999137219851,8.472125872124906e-05,0.00010951653466539979,4.8399773173462464e+75,0.1667572956316839
YBL049W,8.0,1.3548015227839865e-07,0.004685664637851202,0.00014990724413418714,0.0004963419160564258,2.237964222818782e+80,0.19811930227550067
YFL062W,4.0,1.017330274160199e-09,0.004603520956990168,0.00019523010910162372,0.0018382467999765906,1.2507059435893205e+76,0.17173791301101363
YCL039W,11.0,1.1856408095469404e-06,0.004744480817067649,0.0001779619686972219,0.00016314224947504988,1.7135620957960097e+82,0.21803531224078682
YGL227W,11.0,8.784343633552023e-07,0.004747438399627762,0.0001750013811224985,0.00016598641964090383,9.40494001943868e+81,0.221224751522924
YDR255C,9.0,7.049133803819675e-08,0.004704047333051703,0.00015184474862868733,1.2665772026213188e-05,6.056407837562447e+79,0.20126886895646467
YKR035W-A,22.0,1.7050877859171482e-05,0.0049930786164282485,0.0002159512809378284,0.00036140188877577695,3.543457521684097e+84,0.23547478884054263
YIL017C,11.0,8.784343633552023e-07,0.004747438399627762,0.0001750013811224985,0.00016598641964090383,9.404940019438676e+81,0.221224751522924
YDR486C,16.0,8.44090620627613e-06,0.004863300346925384,0.00016827216895447987,0.00027601232799379056,8.684019247485505e+83,0.2310106716886378
YIL097W,10.0,8.5056782746276e-07,0.004728273466680741,0.00015969792961670597,0.0001370253101632569,8.81754817415546e+81,0.2194220296537743
YDR189W,35.0,4.705624652336262e-06,0.005299384012185584,0.00028603341455301083,0.00025934520369395517,2.698515826563425e+83,0.2526431415625429
YOR070C,23.0,0.0001647318009622323,0.005140869851651427,0.00022842792905445055,0.0016688680091508886,3.3074399548994766e+86,0.26704078177156404
YER136W,20.0,1.3678114343687338e-06,0.0049569166500107575,0.00021109116743979163,0.0004885838896288426,2.2795142272428814e+82,0.24939007861209
YNL258C,27.0,3.131570983068483e-06,0.005108881937493445,0.00023240844094662446,0.0002460860605413745,1.194955947949651e+83,0.252389008275799
YBL051C,4.0,6.386493884412774e-06,0.0046126021900127784,5.933892463423671e-05,4.785471522226613e-05,4.962960722847743e+83,0.2222222222222222
YCL011C,15.0,0.00022394012223721221,0.0050370816753826046,0.0001037707006602156,0.0001440639763428322,6.103603175034117e+86,0.2576429404900817
YOR104W,7.0,2.09103467385367e-07,0.004666915951899546,0.00010643778207983955,7.853268924668232e-05,5.325094035035658e+80,0.2224102502115315
YBL052C,21.0,5.6439242856472176e-05,0.005122111286248483,0.00013371007456651154,5.4930083798189055e-05,3.872851433608701e+85,0.26555058449992786
YOR064C,15.0,2.521469269179135e-05,0.004922706816441949,0.00010912189734748207,8.421039671228352e-06,7.728464939597946e+84,0.2595692654942161
YPR031W,11.0,2.4588862670113064e-05,0.004832579582536287,8.422101216879416e-05,1.4185274697184297e-06,7.35026909697963e+84,0.25518931163607783
YLR455W,7.0,1.2999434308112953e-05,0.00471441372771272,6.517370903016411e-05,7.867011281743237e-07,2.0539067350303535e+84,0.2525622254758419
YCR042C,45.0,0.0004858685748926219,0.006072507100791107,0.00022000943218481123,0.0029891745510363145,2.8739708701099057e+87,0.2748045999900433
YOR213C,19.0,3.027966982261597e-05,0.005029251674602031,0.00012369872789016656,1.1456853244348783e-05,1.1144844304282448e+85,0.27457222443294865
YGR270W,16.0,6.22182728780191e-05,0.0049978231704143694,0.00010624935146955387,0.0002196824977650026,4.7099409436959216e+85,0.27329438558273095
YHR205W,46.0,3.9490304998901585e-05,0.005527780436403329,0.0004135941841360965,0.0030806518519485644,1.8996496505433794e+85,0.2862625110200695
YLR403W,13.0,5.1690037081551935e-05,0.0048450495771955844,0.00012191935289607606,0.0003346950532333306,3.2491174607422076e+85,0.26416539050535986
YDR169C,5.0,1.2644940898593172e-06,0.004631281679525978,6.589302726058539e-05,2.0673536853304414e-06,1.943352950903113e+82,0.23089471702848538
YLR223C,13.0,0.00042626636837994023,0.005124678563457653,0.0001003311847326585,0.0008305729960173246,2.210086118856467e+87,0.2524120901733047
YBL055C,1.0,1.2313804000828946e-08,0.004546972696628954,4.151538649175524e-05,0.0,1.8461729012045836e+78,0.1940382452193476
YNL123W,9.0,2.66680593424391e-06,0.004709301155216642,0.0001512390607541794,0.00041726672434777,8.664656145347643e+82,0.24074316367918358
YBL056W,5.0,6.93164707693635e-07,0.004632472577880261,8.595865339878863e-05,0.00012298623130944507,5.842443598636762e+81,0.23854796888504753
YDR071C,3.0,1.0209021777800247e-08,0.004585548002974846,7.983285046476104e-05,3.862091553938987e-05,1.2553204769704114e+78,0.19864689794155752
YLR113W,60.0,2.716010458959675e-05,0.005848460186228059,0.0005655290211194527,0.008287569106092615,8.976745584014193e+84,0.3001794551090326
YER089C,11.0,1.5084184351823125e-06,0.004758575420732018,0.00015620774325432682,0.0005640708333943124,2.7619641942927193e+82,0.2475669372561331
YBL057C,1.0,3.6102992451542165e-07,0.004546621850728943,6.278424351067853e-05,0.0,1.5897562477878034e+81,0.1823105885461391
YHR189W,2.0,7.823632907738889e-05,0.004624848576567091,8.267934391041954e-05,0.0003623188405797102,7.46121407873834e+85,0.22294923058281838
YBL058W,20.0,0.00034463469232983297,0.0052125161178726,0.00017585784874329358,0.000559064664710968,1.4470997592950375e+87,0.2722699023379698
YMR067C,10.0,0.00013024685017877256,0.004840667750826398,0.00010188802127252092,3.688804559652817e-05,2.066308321190721e+86,0.25044235742479926
YMR311C,6.0,1.0669937504371427e-05,0.004663427280214391,8.082153950852194e-05,8.064757021389363e-05,1.3870668161064587e+84,0.24796729706661874
YDL190C,23.0,0.0004897070557685746,0.005397514726917241,0.00016171142883629938,0.00015182582159880713,2.922045204935605e+87,0.2711864406779661
YFL044C,17.0,0.001041052503010367,0.005688471378343675,0.00012630997205935685,8.229082921860124e-05,1.320638780734905e+88,0.27045565899069085
YNL155W,4.0,0.0002447260574816841,0.004797265763439805,4.76437688428481e-05,8.140262869309476e-07,7.298439447556449e+86,0.24915368991198375
YPL179W,8.0,4.98912169434288e-06,0.004699245924924856,8.381912210115454e-05,8.46546402840035e-06,3.027540164055849e+83,0.23533424283765347
YKL213C,19.0,0.0008649862612600191,0.005599684984909991,0.0001350516441533581,0.00011731763863968586,9.116971911698966e+87,0.2726329826640984
YDR330W,12.0,3.1702600288135195e-05,0.004810625053167933,0.0001167632500415034,3.865276541085208e-05,1.224790436136201e+85,0.24918743228602383
YFR003C,8.0,1.0751665779371564e-05,0.004704725022021845,9.637184440556071e-05,4.936133864196329e-05,1.4083345399401862e+84,0.24854788599216535
YDR411C,18.0,0.00034677788368870103,0.00517441583417015,0.00016637044830298398,0.000431935718039041,1.4652782443763688e+87,0.266653784841312
YIL003W,14.0,0.0001392540219168023,0.004914499980703522,0.0001456413167871379,0.0001576681677251901,2.3625085781528167e+86,0.24988682661837935
YBR273C,8.0,1.5712296751789907e-05,0.004706967172807373,9.059200325341172e-05,2.2650258440152835e-06,3.0087517898231794e+84,0.24033437826541273
YKL193C,16.0,1.2340776896913059e-05,0.0048672319630608096,0.0001732002536615787,0.00021682432136167347,1.8554719821331812e+84,0.25393320452663537
YML013W,25.0,0.00014420015770371606,0.005156948881991214,0.00020899744054639206,0.00011802223550537493,2.534003591460771e+86,0.2589118198874296
YBL059C-A,3.0,8.255258233239876e-07,0.004589318528944391,5.7490684609363754e-05,2.188312137341971e-08,8.2867616049568e+81,0.21302871256560668
YHR116W,9.0,1.6441920566831223e-05,0.004730894431139442,0.00010682456656416217,0.00010570234498833163,3.2946602710717333e+84,0.24082718904061778
YLR218C,4.0,1.2462135316904867e-06,0.004613805644264605,6.572121817871335e-05,8.610706626984369e-06,1.8904875707389746e+82,0.2231204527081649
YBL059W,1.0,1.4033688668494184e-05,0.004562303532769701,3.5039729893643316e-05,0.0,2.4008386739739314e+84,0.23171857946436067
YBL060W,7.0,6.098116777308953e-08,0.004667486839020711,0.00011133291037668776,1.5234544614938137e-05,4.526429496016098e+79,0.21771712550287922
YPR095C,7.0,1.6034277157751846e-07,0.004669640063587252,0.000128939064932212,0.00037068823803008006,3.1309670440937273e+80,0.22515907978463046
YJR031C,13.0,4.388610637310969e-07,0.004803956644510231,0.000161862331469343,0.00023450426543947294,2.3456354337354897e+81,0.24192488057150371
YBR164C,21.0,1.005473979003346e-06,0.004954203133720384,0.0002582564780532696,0.00048118377360594725,1.2323492990908315e+82,0.23161163093190115
YDL137W,21.0,6.507399581379493e-06,0.00496715257227363,0.0002263599590400679,0.0003476256074436748,5.160786265337377e+83,0.2519512529097631
YOR129C,3.0,4.3384570365763805e-08,0.004587358973603966,6.055571010317114e-05,1.6410617236145293e-05,2.2857432706086784e+79,0.21558289396602226
YOR094W,15.0,4.471690928522035e-06,0.004850687676654862,0.0001896272950609176,0.0008487135872943025,2.435035165909776e+83,0.2630575676706062
YBL061C,8.0,1.4170579400035565e-07,0.004690371152735239,0.00011208250002702963,8.25693257221746e-06,2.44319492200728e+80,0.2247557003257329
YBR023C,26.0,1.172336745742449e-06,0.005052168025087116,0.00034143160220799826,0.0013300226809213694,1.673615604018531e+82,0.24510456906886904
YHR142W,10.0,1.7269303750990638e-06,0.004731828614866427,0.00014016329352826678,8.735484264984122e-05,3.632134904981575e+82,0.2363722005738021
YNL233W,12.0,1.0230751330919524e-05,0.004788660032964622,0.00013645223259848882,0.00020333981629072005,1.274936449570755e+84,0.2498528945819943
YJL099W,11.0,1.9166158967577597e-07,0.004750530136054674,0.00015064175636309485,6.593542372773069e-05,4.470660853684056e+80,0.23078852746885192
YBR038W,21.0,6.316057216826922e-06,0.004979062883078407,0.00023230874771261326,0.000695886226357693,4.858349169480392e+83,0.2632206380239378
YLR330W,14.0,2.661644110194215e-07,0.004812015234891485,0.00018215727226790718,0.00019971522624697273,8.624229528419619e+80,0.2360285628768119
YLR342W,37.0,5.520177676766749e-06,0.005303767845160598,0.0003815288664179196,0.0015714422143422984,3.712646580313318e+83,0.2597769306790908
YNL192W,13.0,5.258476236101445e-06,0.004808936347027302,0.0001667540865388122,0.0004526506797149757,3.367725162018729e+83,0.2601564709209162
YBL063W,30.0,1.1280343125914557e-05,0.00522513975930867,0.00021825661014602136,0.00023719096105627132,1.5480200937968242e+84,0.26709246625054434
YFR031C,22.0,4.741223404775655e-06,0.005021050119471785,0.00015245180468045888,4.667233715870573e-05,2.723500065332728e+83,0.24685836948258127
YPL155C,22.0,9.076873453301924e-06,0.00501118296463367,0.0001812790694458373,8.758308168154478e-05,1.0035126480957825e+84,0.25444823453489446
YDR325W,20.0,4.22015095939673e-06,0.004972901107299645,0.00014274582436828897,1.7001700295708055e-05,2.1595165423706725e+83,0.24082718904061778
YBL084C,48.0,1.1836225747563763e-05,0.0056306454471777515,0.0003217205086637055,0.0005087504584526704,1.7019485553791814e+84,0.26941285567865686
YPL253C,8.0,3.985508378391528e-07,0.0046999140171753995,8.079201394944899e-05,5.867211539503168e-06,1.9229205162432296e+81,0.2330588980367321
YMR198W,12.0,9.256099732153065e-07,0.004787710150017615,0.000109872667232463,7.542107208331207e-05,1.0398799276826867e+82,0.24379471778111475
YPL209C,50.0,6.515600475022448e-05,0.005745821245775571,0.00034262042186131104,0.0017937576415502192,5.167724606669002e+85,0.2856108035390904
YHR166C,41.0,1.1155452444513716e-05,0.005479182326983416,0.0002668637407370145,0.0001959033270601063,1.5116293770111268e+84,0.26378667686132085
YKL022C,47.0,1.638233635075265e-05,0.005605163832334022,0.00031424785140914997,0.0005853196729320933,3.265347973912882e+84,0.2682737169517885
YBL097W,14.0,5.00655774276293e-06,0.004838044515798426,0.00010922114612559969,1.396329125491034e-05,3.0445649001681767e+83,0.24184008762322015
YGL216W,26.0,9.648586480910453e-06,0.005103802956436483,0.00021259355403673846,0.00035252541162293687,1.133569707533054e+84,0.25970359915314045
YML085C,19.0,1.717528507979793e-05,0.004970090711442202,0.00016616038966805221,0.0002445710581187901,3.5939157548672085e+84,0.2714665092947772
YBL064C,22.0,1.3058204353702357e-05,0.004985608773020281,0.00022712642051652296,0.00015610570752775266,2.078782517106617e+84,0.24534423752166762
YGR088W,48.0,0.00010486390579518728,0.005621409775151592,0.0004557711412246694,0.0059741662691368425,1.340058821104107e+86,0.2828448452551752
YCL035C,6.0,7.926486022766551e-07,0.00465594713233048,7.970411511192387e-05,9.394699478910877e-05,7.65729458247848e+81,0.22842954686530106
YLR043C,25.0,1.4281939998826847e-05,0.005066398663843255,0.00023273032082415818,0.0004383117588369851,2.4852016648351394e+84,0.2618844292627384
YER163C,11.0,6.372125733345484e-06,0.0047542899069260925,0.0001597660075424566,0.0005259989645565087,4.944634325739614e+83,0.23626091422701592
YHR008C,28.0,0.002185481692220208,0.006759483979597178,0.00019244568664279977,0.0016294807850217115,5.8212899046286906e+88,0.2769416014449127
YDR256C,24.0,2.131680560690206e-05,0.005047115317906719,0.00021977818652696755,0.0006342489440839909,5.540796113827127e+84,0.2588753927683722
YDR513W,9.0,5.022888463624603e-07,0.004712353491020939,0.00013229867487088936,0.0003951700301558805,3.0749161603729002e+81,0.23010546500479387
YIL010W,8.0,6.705615363423281e-06,0.004703887058350755,9.155290657457532e-05,3.835522041993873e-05,5.478737833631635e+83,0.24412896377869178
YLR109W,16.0,1.154232716298318e-05,0.00486604007434188,0.00015737565493559866,8.461739903814678e-05,1.6242717700461814e+84,0.24237102085620196
YKL026C,16.0,1.2018490456849676e-05,0.004872066371339008,0.00016052769590415848,4.385414397115261e-05,1.761155506754263e+84,0.24993208367291497
YPL091W,36.0,1.3126273864064431e-05,0.0053045193606804444,0.00032939738029756687,0.0013661030151532578,2.099353069086112e+84,0.26352222275266146
YKL086W,10.0,1.1362265300720928e-06,0.004736234013021285,0.00011063641127744491,3.0334102266332813e-06,1.5737868191213615e+82,0.23021102677454333
YIR037W,21.0,1.593903607072468e-05,0.004975854388216552,0.0002189540047337653,0.00047451732295840805,3.0971548189362485e+84,0.26143790849673204
YCR083W,7.0,6.457785563773651e-06,0.004682823269668038,8.38836281471101e-05,1.9156417099556578e-05,5.081060335771285e+83,0.24225401562362855
YGR209C,26.0,2.4321484073110863e-05,0.005094363735235438,0.00023869234534104445,0.0004925258068696246,7.2094396383092705e+84,0.2630826422647984
YOL049W,12.0,3.01073048342292e-06,0.004785014332712426,0.00013107183656189,0.00012669696652875827,1.104082371434662e+83,0.24495229642777902
YIR038C,8.0,2.306267750836711e-06,0.004691294940611188,0.00011642829035919669,8.533399365695604e-05,6.479810753816579e+82,0.2315047810770005
YBR244W,15.0,1.1997996064603721e-05,0.004853934829461683,0.00014811070872481293,2.5763242533700816e-05,1.7551488880947679e+84,0.2507609140053605
YBL065W,3.0,6.112655238887592e-10,0.004584948258903894,0.0001269698461481294,0.0,4.559877709899705e+75,0.1597407107304086
YBR292C,6.0,1.312392869881598e-07,0.004642466915368069,0.00021645628510076197,0.0010210419798963811,2.1007311476874835e+80,0.18975592987280854
YJL119C,4.0,6.117018503789983e-10,0.0046039957832052425,0.00016007685689041755,1.510525441027457e-05,4.566327800019567e+75,0.16129974869966687
YBL070C,4.0,6.117018503789983e-10,0.0046039957832052425,0.00016007685689041755,1.510525441027457e-05,4.566327800019567e+75,0.16129974869966687
YBL067C,2.0,0.0002776652575661995,0.0047826536593368165,4.297498634910462e-05,0.0,9.393197910940303e+86,0.25249291007227154
YOL087C,4.0,0.00047033490748824605,0.0049733489298396825,6.233385794979263e-05,2.5598022786720673e-06,2.695362338988254e+87,0.25717480432351847
YBL068W,18.0,4.628094790473162e-06,0.0049191964539429455,0.00016278879298498632,0.00019989997567421773,2.609280147059154e+83,0.24237102085620196
YOR095C,30.0,1.5632087932162022e-05,0.005200764749697241,0.0002478065291886933,0.00032478772025506706,2.9780772532857614e+84,0.246891492977905
YHL011C,19.0,2.018650876134164e-05,0.00495468978183506,0.00016846591679522656,0.0006039600015016219,4.958736927304009e+84,0.25338535689694747
YMR105C,60.0,5.88680834491231e-05,0.005860964988943927,0.0005448446565603855,0.0038632095543329782,4.224908049780155e+85,0.2706545721990684
YKL181W,17.0,4.330502163168577e-06,0.0048978938454395,0.00015588327613377679,0.00017643196356969984,2.284678532356293e+83,0.24236037934668073
YOL061W,18.0,4.628094790473162e-06,0.0049191964539429455,0.00016278879298498632,0.00019989997567421773,2.609280147059154e+83,0.24237102085620196
YER099C,17.0,6.680431409078442e-06,0.004904239983556445,0.00015526603547307517,0.0007041574072007261,5.437051995469579e+83,0.25997268402957663
YMR278W,35.0,1.8530687646252755e-05,0.005309631624355623,0.0002923338937784381,0.0005999815739549569,4.1853215541017904e+84,0.253199394523187
YDR441C,27.0,6.474673306361181e-05,0.005149087086259278,0.00021525105489038292,0.00024983111883092356,5.10468074711376e+85,0.26090655574987004
YER055C,20.0,2.4207098938243073e-05,0.004974642574661033,0.00016737020362624802,0.0003116017481130029,7.13966514195458e+84,0.2629949020915718
YML022W,30.0,6.498393147079425e-05,0.005209029783693846,0.00024234323773585117,0.00047416082752169093,5.1421429955612424e+85,0.26250713334601483
YCR036W,20.0,9.701825494782166e-06,0.004969696962491585,0.00019346580871423174,0.0015917222538387422,1.1471991493556995e+84,0.24120603015075376
YKL127W,38.0,1.9211493065344965e-05,0.005373156395355321,0.0003147149666814372,0.0006344003066772105,4.498442697052423e+84,0.25476531130290303
YBR111C,11.0,4.044148677503764e-06,0.004760290682508088,0.00013374374017482293,0.0042230446303986235,1.991113671932336e+83,0.23578659604459443
YBL068W-A,2.0,1.0027678892367972e-06,0.0045696867763166,4.932987173749541e-05,0.0,1.2253042556141269e+82,0.20465668100252113
YDR169C-A,4.0,1.45336470824309e-06,0.004610320070375036,7.997336067696922e-05,5.88284562139343e-05,2.5708101480227525e+82,0.2192216044479746
YOR387C,4.0,9.440397313280035e-11,0.004604007060039457,0.00014530571946193432,9.12513896997432e-05,1.0796686075942638e+74,0.16688333282945852
YPR197C,11.0,1.8855354426817547e-09,0.004743773535455231,0.0002757620874405146,0.001151534780328765,4.3359811526726743e+76,0.16405623086753648
YLR339C,4.0,8.899038735034015e-11,0.004606001413377,0.0001319234050878913,0.001086562625554409,9.672465403409566e+73,0.14461240208535275
YGR200C,16.0,0.00020068862517027555,0.005088592325394391,0.00012379365139481236,8.432843401662479e-05,4.8996684007074327e+86,0.26826067939932935
YLR143W,8.0,0.0002536357278592771,0.00487389417243527,0.00011636668802989263,0.0003623188405797103,7.83956103638913e+86,0.24758914554832923
YPL101W,15.0,0.00019300260034320595,0.005054772674222083,0.00011702937483565323,6.514342818332066e-05,4.536872010485311e+86,0.2638623326959847
YLR172C,8.0,0.00025364956003026836,0.004875670961349108,9.548938944888875e-05,0.00015906768843153084,7.840415316321807e+86,0.24971725853879212
YJR097W,27.0,0.00037761020578126384,0.005375571574674587,0.0002033234710095119,0.0002474117444951626,1.737478619626944e+87,0.2642918701522551
YNR046W,29.0,0.0019394284760538766,0.006621647697431898,0.00016045740786078025,0.0006234300925280463,4.578147431429501e+88,0.27078734363502577
YHR187W,14.0,4.337178509966218e-05,0.004923965847196627,0.00011471384607907986,4.9708878075055834e-05,2.288462188904755e+85,0.26013195098963243
YLR384C,22.0,8.601244536229225e-05,0.005126603973506779,0.00017276588827632924,0.0004336219258994741,9.002423096360393e+85,0.2710266607747827
YJL098W,11.0,4.458807934443827e-05,0.00478487533333799,0.00013030141473732354,0.00011803742040295862,2.4205140788296064e+85,0.24925494445949606
YIL043C,5.0,4.042729382556609e-06,0.004631069446128631,7.775737803893091e-05,4.750408106475476e-05,1.9917733072973842e+83,0.23020142624796697
YPR063C,64.0,0.018159614421661117,0.019424324425558057,0.0001382869935998804,2.565701460612709e-05,4.017586971066372e+90,0.28450675188124935
YCR047C,64.0,0.013384912832001562,0.015984387910496122,0.00019986150873169952,0.002256592423533338,2.181909105838547e+90,0.2855960264900662
YEL037C,88.0,0.0059914814140451765,0.011030476844111658,0.00040744047340149787,0.00422917096315789,4.373643081297555e+89,0.304383788254756
YBL074C,20.0,0.00041866978131275954,0.005366479805985566,9.185292341528216e-05,3.294986656687104e-05,2.133889827338537e+87,0.2575708086416873
YHR156C,17.0,0.0001455381328540867,0.005096670417060986,8.038702062238421e-05,7.750272153086148e-09,2.576301886612493e+86,0.24057528873392897
YDL216C,43.0,0.0009960129310876416,0.006220109595774594,0.00024261909391585186,0.0010606203252111488,1.208727043021571e+88,0.27345685128306746
YFL014W,21.0,5.804300419300541e-05,0.00502390253778544,0.00019107476687325764,0.0007439121311250864,4.1072113030302364e+85,0.2694391565382926
YOR335C,33.0,0.0008217611564871276,0.0058458696762407406,0.00018207990759682067,0.0006160085006596935,8.229233379876888e+87,0.2657039711191336
YGR094W,45.0,0.0017237302918010737,0.006775154608991296,0.0002288216248948406,0.0007050497774682233,3.619300544913346e+88,0.27611044417767105
YHR019C,38.0,0.0008884973113621541,0.006007903855584148,0.00020308850783250904,0.00073451687299078,9.620704364932973e+87,0.26869158878504673
YER087W,33.0,0.0010027113482077889,0.005972572629157443,0.00018173638599711513,0.00011483707814007011,1.225246198675911e+88,0.2617726561388533
YGL105W,25.0,0.000693927539746138,0.005577711348148623,0.00014016810896820962,4.136930730541579e-05,5.868272233802622e+87,0.25199726089933805
YDR023W,45.0,0.0007912283836959944,0.006107223244742504,0.00023341721300281523,0.0013464597813391606,7.628869713622126e+87,0.2807874256065924
YIL078W,30.0,0.0007133900296783629,0.005698877267697116,0.00016070898248640017,3.12376105412126e-06,6.202133682658365e+87,0.252516010978957
YDL100C,19.0,0.0004509713322250609,0.005248594433113994,0.00021601838205367145,0.001691525301878975,2.4785756141443597e+87,0.26250713334601483
YDR268W,33.0,0.0010092894663679157,0.005988889394037466,0.0001955491246831998,0.0007368378594115082,1.2414327972805378e+88,0.26862621052119323
YKL194C,29.0,0.0007106244574573207,0.005676598868469709,0.00015545559430335198,2.607768619333552e-06,6.154151137604798e+87,0.25249291007227154
YPL160W,40.0,0.0011854973910013537,0.006265081403889078,0.00021662304403038453,0.0005364382491513587,1.7125121027781216e+88,0.27547659447050604
YCR024C,35.0,0.0007209459703664138,0.005804412613236429,0.00023666772316897753,0.0013336720369897244,6.334249271440045e+87,0.257847533632287
YHR011W,31.0,0.0007537913049563654,0.005755514214883555,0.0001667335134961667,0.00022093809793909447,6.924618899662457e+87,0.2617230098146129
YPR033C,38.0,0.0010235762055884042,0.006091647571516173,0.00021345436351956267,0.0004968478641723629,1.2767482692608001e+88,0.26662802492392407
YFL022C,8.0,0.0002426063546897719,0.00487670388219822,6.30136666755741e-05,1.2060256736264165e-06,7.172522537029334e+86,0.23569598633646455
YPL040C,32.0,0.0007289370113089212,0.005750902482002782,0.00017109019508865084,9.647140209330705e-06,6.475410863268821e+87,0.2527588259535693
YDR037W,42.0,0.0013515996106679767,0.006429620324423491,0.00021366722758071815,0.0005130877078677343,2.2262131825523967e+88,0.27564166583441524
YLL018C,15.0,0.00045705146555093595,0.005179839439796612,0.0001263619876638779,0.0004418291978066934,2.5457311489663226e+87,0.2490974729241877
YOL097C,33.0,0.0007340627120763151,0.005783414039008105,0.00017878455761139074,0.00013238126163734722,6.566780242992369e+87,0.26058631921824105
YHR020W,33.0,0.0010061146836203936,0.005976417502456913,0.00018164739625660907,0.00011886863983083056,1.2335793753763173e+88,0.2619217081850534
YPL097W,36.0,0.0007245228774390066,0.005833174544849519,0.00021101988038361034,0.00040388568524205167,6.3972192768418965e+87,0.26324574371691545
YNL073W,37.0,0.0010266557150232349,0.006085332155382321,0.00019474470361624502,0.0002073868870038402,1.2845088935837574e+88,0.26202117055109886
YNL247W,35.0,0.0010150175195091306,0.006026524163441598,0.00018814132888890966,0.000885069632857674,1.2555270780127736e+88,0.26459591601955706
YNL040W,13.0,0.0002464977317287968,0.004991401195046765,8.384934346141595e-05,0.0,7.404871714805335e+86,0.24274406332453827
YBR121C,19.0,0.0006018798919758394,0.005384947632270047,0.00011724176784570786,9.541559205833889e-05,4.41295383280771e+87,0.2552247087109303
YHR091C,29.0,0.000724463184339864,0.005690332546975668,0.00015556540733577352,5.566570679892338e-05,6.395927629430255e+87,0.2574506786064083
YHR113W,6.0,7.158850165363418e-07,0.004656708498114773,7.86680184387887e-05,1.4086448294804255e-05,6.237197288489668e+81,0.23749085746246182
YDL234C,12.0,4.397856384135297e-07,0.004773398709837777,0.00015367101897019515,0.000304212489618725,2.35589776521208e+81,0.24143813147880855
YIL146C,27.0,0.00014343515949498867,0.005210554697660995,0.00023630735723751949,0.0017553417123017685,2.500601778309969e+86,0.25982584137444104
YPL100W,26.0,2.3944057896178115e-06,0.005092776204300469,0.00021711175586544765,8.326045472721411e-05,6.984146074900803e+82,0.24814565070802427
YGL156W,15.0,2.941125276557475e-06,0.004846701150841137,0.0001585654782525723,0.00030930151788063003,1.0537617605994664e+83,0.25648173961527737
YCR068W,39.0,3.0898036280812615e-06,0.005368461823589837,0.0003388662172028862,0.0018311379480532295,1.1625452727184603e+83,0.2630199647400772
YDR022C,29.0,3.136171629981562e-06,0.005158205900943402,0.00023386634964730715,0.00011067089596602626,1.1968750197049425e+83,0.24882798413270826
YOL082W,36.0,4.341669683190379e-05,0.005322776048004641,0.00030094933536322976,0.00061845362774683,2.2947948759465237e+85,0.2635977269471372
YMR276W,40.0,0.003086051246085202,0.00776969666388401,0.00019798979946402366,0.0005224081330228134,1.1604840431410712e+89,0.292125317527519
YHR171W,31.0,1.4001423606616329e-05,0.005223710042661323,0.0002511279865220688,0.0007348266700808355,2.387957534817451e+84,0.2748182813900229
YNR007C,31.0,9.391282853097546e-06,0.005204921245976119,0.00024960311204170484,0.00031147350281121746,1.0747319322020567e+84,0.2601687326200688
YBR097W,25.0,2.21181325281952e-06,0.0050663222067308675,0.00021136637508394976,8.58339160415e-05,5.9602949968801446e+82,0.2444533014481201
YJL178C,18.0,1.5699489688534477e-06,0.004921401395227109,0.00015606572448743523,2.308120991098562e-06,3.0018216355690068e+82,0.24243488954279943
YLL042C,22.0,2.9313447698590785e-06,0.005007665572579127,0.0001823673380895973,1.0081187123156641e-05,1.0469525697496132e+83,0.24575931614798985
YOR042W,11.0,0.00022005368184404946,0.004937772250850563,0.00011707586509830491,0.0003884956286568357,5.900894934587755e+86,0.2691370063383715
YJL185C,16.0,4.1771481155035835e-05,0.004899940166967925,0.00014979785307048458,0.00029885864742509524,2.1241772399395263e+85,0.26075865652605223
YPL120W,33.0,3.1394924690848294e-06,0.00523641772803132,0.0002721855850714384,0.0001807894970814091,1.1994042258695651e+83,0.24979636166168884
YBR217W,30.0,0.00014768008640589597,0.005287496105434643,0.00023831561119518107,0.000507133780751254,2.657831361482093e+86,0.2668213457076566
YKR051W,2.0,4.0296377765601653e-07,0.004574119671434669,4.033818421620527e-05,1.9217060722305126e-05,1.9745135817045584e+81,0.2376851532897003
YNL223W,28.0,3.7477918372509537e-06,0.00513691008394276,0.00022660595300533646,3.434848272215348e-05,1.7097758494063282e+83,0.2492324363373668
YOL083W,12.0,3.949568624078813e-05,0.00481218142367186,0.00012322000547505753,8.661948711666754e-05,1.8988912275943237e+85,0.25444823453489446
YLR431C,25.0,2.4326612344464196e-06,0.005073995060585069,0.00020436415578395947,3.350182923681168e-06,7.208899331725063e+82,0.2447785020619928
YLR312C,8.0,3.9148035138683855e-06,0.00470070116056674,8.864870894495798e-05,7.039650701214289e-06,1.8659662006866572e+83,0.24120603015075376
YLR240W,44.0,8.927762256520315e-06,0.005470651213879333,0.000373649572083503,0.0014984228995415167,9.712429180002823e+83,0.26281959720039993
YLR356W,6.0,1.2154088207000906e-06,0.00465931082648943,7.829327662410156e-05,3.909286256274351e-05,1.794126528055565e+82,0.2384552248477256
YBR128C,29.0,2.2624507114912558e-06,0.005151744752263421,0.00024030046742328225,0.00010235437212220808,6.23609306028557e+82,0.24602219548067925
YOR152C,10.0,4.951705814398525e-06,0.004741208799068905,0.00010852920990932509,6.85298793041099e-05,2.9860777909688234e+83,0.2459016393442623
YPR185W,37.0,1.887505645085406e-05,0.005355999470740544,0.00029523255531908177,0.0008543485461419649,4.3406543979601105e+84,0.27170702894270526
YCL038C,17.0,1.2593258074008894e-05,0.004913333484598276,0.00019494237427167006,0.002363342813126862,1.932593273684474e+84,0.26561447406409394
YFR021W,36.0,2.5843702795845015e-06,0.005296328165130274,0.00029837864186295674,0.00024060036322201542,8.135593901894761e+82,0.25086347936738773
YDL149W,40.0,3.4601089867511432e-06,0.005396223755443115,0.0003304915683609101,0.0010176351374387247,1.4569792255096755e+83,0.261239943208708
YNL242W,27.0,2.4513854675823363e-06,0.005113790398816319,0.00022518604473946368,0.00010826536178977321,7.320403812314281e+82,0.24637357732648962
YPL149W,32.0,0.0001529904178921644,0.005346488180447605,0.0002660345560405264,0.0016123170661745006,2.8523643832414094e+86,0.2815033912999133
YPL166W,30.0,3.147131497177354e-06,0.005178788683699558,0.0002447617186061849,6.256014711561187e-05,1.2052700968061089e+83,0.2483130904183536
YKL103C,19.0,3.207569476855509e-06,0.004938021663279193,0.0001916054381949455,0.0007005041968856664,1.2530378465020708e+83,0.26078329475126377
YMR159C,27.0,3.190012085757585e-06,0.00512199111008214,0.0002206350728103093,0.00022555994698868727,1.239788289490324e+83,0.25485941179186483
YDR424C,33.0,9.505252035242342e-05,0.005319789139433732,0.00022445294027612672,0.0010366515013935534,1.1010586628243157e+86,0.2673770888835069
YML031W,13.0,6.23377841592553e-06,0.004815324791652028,0.00010806960941868657,3.927463430176686e-05,4.723724319368171e+83,0.23863046861490575
YDR458C,13.0,1.171978095789038e-05,0.004812595667968294,0.00011782332653214849,0.00013731793920175665,1.6695637937265516e+84,0.2429363612358067
YMR308C,47.0,0.0010052477618276478,0.0063660253473087165,0.0002728130096852769,0.002645781112175046,1.229719576189846e+88,0.2963758389261745
YDR227W,31.0,6.778955417450828e-05,0.005334364540067949,0.00019890665463864876,0.0004291823266343155,5.591220143334733e+85,0.2756691969636436
YER107C,39.0,0.0003222224435346135,0.0056438731491871225,0.00022715551979239268,0.00036208378172043607,1.2641927308390833e+87,0.27800161160354553
YBL080C,20.0,0.0010243222875810515,0.005705488031238315,0.00018488355979342507,0.001837265624750083,1.27856871660322e+88,0.27212225782597976
YGR102C,3.0,0.00021076805654793407,0.004742963445313741,4.4458031341288004e-05,0.0,5.413584476656212e+86,0.23047054402738926
YOR118W,1.0,4.7274990676266106e-06,0.004551111200024293,3.504759800712678e-05,0.0,2.724238420176615e+83,0.21392032243063092
YDR242W,8.0,5.606761215758021e-06,0.004706371391896776,8.428427038861691e-05,5.4542281322728493e-05,3.831840540549842e+83,0.23299987336963404
YIR023W,17.0,0.00024814408754707755,0.005060819639707512,0.0001687390450515632,0.0005956286509076363,7.503815993692396e+86,0.26085723737063465
YBR015C,16.0,1.8146819908807923e-05,0.004860164082811842,0.00021859626377777435,0.0007188220240185403,4.01481308072159e+84,0.236068938972758
YMR293C,9.0,0.0006181084667575999,0.005169257257255368,7.788934599433178e-05,7.259848061161927e-06,4.65590876668699e+87,0.24026115342763874
YJL186W,13.0,5.070473122242254e-06,0.004789007818322821,0.00020016654904201391,0.0005177555552516183,3.134074220173032e+83,0.2308560913387144
YBL081W,5.0,1.9866244109582314e-06,0.0046286683491993195,0.00013030571446002025,0.00047513559426108274,4.800411360285479e+82,0.22253577907679903
YDL167C,6.0,4.265372467026052e-05,0.004682868642376172,7.967869022493999e-05,5.900576251215957e-05,2.212016657991154e+85,0.22975110297178056
YPR022C,3.0,3.1786178349588583e-06,0.0045870446443603006,0.00011142391410156111,0.0003658134924642896,1.2311032924557982e+83,0.2085773663328925
YBR016W,1.0,9.180354405978596e-09,0.004546637719775899,4.945211833819915e-05,0.0,1.022820665838276e+78,0.1820340324495449
YBL082C,25.0,0.0001290151428891557,0.005132265072544753,0.00025589220553818686,0.00410721077001843,2.028717033638729e+86,0.24572649572649571
YGL226C-A,19.0,0.0003315860818160678,0.005164708909547941,0.00016364686648402248,6.438663069035795e-05,1.3400330226447389e+87,0.24874949303771798
YJR013W,22.0,4.179060062055921e-06,0.004977126919061748,0.0002734232216432139,0.0014355134617603038,2.1275478076971247e+83,0.24303262448817858
YBR243C,17.0,0.00024607590721883993,0.005059068017222513,0.00018211675278691675,0.0006544005646687633,7.376637281539722e+86,0.25179035715914794
YGL047W,12.0,0.00011690933262406007,0.004858736487868075,0.0001247957508371043,2.219377644469666e-05,1.6658144538497564e+86,0.23367057528679677
YBR070C,12.0,0.00011750873578655027,0.00485969127234798,0.00011996393305113923,8.85052798566109e-05,1.682917461856881e+86,0.23736830789077618
YGR227W,20.0,0.00013201103631144614,0.005038195591497385,0.00019010681797931845,0.00046770155064217693,2.1240956611840382e+86,0.24401025550349217
YCL052C,7.0,0.00014234614766136876,0.004782316961829407,9.344502357771394e-05,0.00041894434253972774,2.4661812864958933e+86,0.24219024219024218
YNR030W,19.0,0.00012851164479631732,0.0050116820967803935,0.00017433021675707425,3.826828570207886e-05,2.0129395611110566e+86,0.24167067991769187
YGL142C,24.0,5.468916854100764e-06,0.00501688304100661,0.00030329248155311063,0.0014965176583170675,3.6442175555989216e+83,0.24115334207077327
YNL219C,15.0,1.1323396623914918e-05,0.0048460652053076885,0.00015071692629937988,0.0003771756152301601,1.5615172353195288e+84,0.2427013717903623
YBR004C,24.0,1.416395899633553e-05,0.00502205101148947,0.00031931185285957194,0.00144748291694176,2.4457643904207226e+84,0.23611942852254256
YFL031W,20.0,2.31301689924095e-05,0.004960859639361573,0.0002067951635813677,0.0014405877849486878,6.521774041138323e+84,0.26352222275266146
YGL038C,16.0,2.1556871993139585e-06,0.004853063639490383,0.00021635408655720664,0.0019612966021082274,5.664071581210298e+82,0.24268003165391716
YDL096C,2.0,2.7596066376580454e-09,0.004566071717578501,8.399652907977855e-05,0.0,9.297914832278422e+76,0.16645056237372977
YML012C-A,7.0,2.760123920890298e-09,0.004661409149867704,0.00024834596180480694,0.0008703733742604211,9.301399576970736e+76,0.16691361011157813
YDR182W,5.0,5.761686597089661e-07,0.004637739550198121,7.876081023432908e-05,0.0001818530077006859,4.007682226476159e+81,0.23477373256209594
YMR119W,28.0,1.2542898030736475e-05,0.00514012787132504,0.0002314790234647236,0.0008478639708879518,1.9165974465537108e+84,0.2506015344804104
YDR118W,42.0,1.2760389103811754e-05,0.0054718004743209295,0.00028766911676963097,0.00035071375571065226,1.9815199400391086e+84,0.26202117055109886
YJL013C,34.0,7.873431431675533e-06,0.005325278200723097,0.00022770351984226258,0.00010493623095801782,7.526574782177822e+83,0.26493880489560834
YKL101W,30.0,1.0337997366966418e-05,0.00521251110533511,0.00022485587587454944,0.00032037814956082896,1.2996237325348096e+84,0.26646070670013516
YOR026W,38.0,2.4023569282777023e-05,0.005465542889452791,0.000245508246041383,0.00023027281004405633,7.014376814285515e+84,0.2726733847065797
YGR188C,46.0,2.988273368805935e-05,0.005647493743339497,0.00029625340227633,0.0005410693552687647,1.0856499686039842e+85,0.27784768711934366
YNL172W,44.0,1.53966145421575e-05,0.005531410248603261,0.00029915527012881364,0.0006533837552876379,2.8845749333475996e+84,0.2704424085052178
YDR260C,28.0,6.873249748096278e-06,0.005165973865867156,0.00019420293005147538,3.968465082292051e-05,5.74564584940065e+83,0.25255067026581873
YLR127C,34.0,0.0004742589303891985,0.005656191390179911,0.00023093038574599552,0.001343086845176591,2.7404297001511847e+87,0.27619333533473434
YDL008W,35.0,0.00021147612750408557,0.0054713827839523626,0.00023264623791339703,0.0003205183940920398,5.449377120643917e+86,0.26955757398183416
YGR109C,22.0,4.080857254489787e-06,0.005053090143331784,0.00016355527774591133,3.212048310452263e-05,2.0155891454787246e+83,0.25982584137444104
YNL008C,26.0,1.2457449362525012e-05,0.0050986292014590295,0.00020845825870493677,0.00029029431042237137,1.8905709561320574e+84,0.24614286988317133
YGL003C,47.0,1.688395559075518e-05,0.0056176926878870465,0.00031162349564446343,0.00019412328336078244,3.4654612647534246e+84,0.2678181553539372
YFR036W,28.0,6.651505468787614e-06,0.005157514711308992,0.00019467115504883477,3.3235140368798e-05,5.382348298323203e+83,0.24792274870873568
YHR184W,14.0,3.7080551498646855e-06,0.004839069164256284,0.0001249999339338292,0.0003666492849994435,1.6735590975662198e+83,0.22746002966869952
YOR249C,36.0,1.1978676731970112e-05,0.005342404529232183,0.00024701225213377074,0.00018863916062331464,1.7462044415787164e+84,0.2568397543271915
YGR225W,34.0,7.729084813342852e-06,0.0052996815667550835,0.00023682610714252604,0.0006270789043732704,7.25688897290189e+83,0.2615493958777541
YIR025W,23.0,6.266088894462978e-06,0.005044277196581895,0.00016438150890233513,6.554224457340699e-06,4.7788237304903413e+83,0.2443342776203966
YNL159C,25.0,9.150517031123123e-06,0.005074905677596739,0.0002012003714834371,0.0002332582870839898,1.0198760458038598e+84,0.24514811031664965
YIL046W,33.0,0.0002131917695433644,0.005416611194686417,0.00024006279444013348,0.0006054340554296821,5.538284232959872e+86,0.27153327758374735
YGL240W,37.0,8.3194723480079e-06,0.005366258493110206,0.0002490400506136258,7.893092655358588e-05,8.414260261846949e+83,0.2550124734362007
YLR102C,30.0,8.138288334911656e-06,0.0052186185443489205,0.00020767294856097293,0.00011967279700438014,8.054457924220783e+83,0.2611657834973505
YOR339C,17.0,0.0001962652805436566,0.0050539771737155015,0.0001214105484147601,6.190962479523816e-05,4.6938272643068536e+86,0.25561472563093307
YKR055W,18.0,2.601437927024772e-05,0.004942847398238415,0.00017381480999823046,0.00018196299025839154,8.24639079427212e+84,0.26398852223816355
YER008C,27.0,1.8038507077718196e-05,0.005144638962186873,0.000226901801950958,0.00044295317123382394,3.963754905363814e+84,0.268052250764823
YIL118W,27.0,2.744391255078917e-05,0.005148188391751512,0.00023336926308735963,0.0003466332905873027,9.176286955891052e+84,0.2686131386861314
YBR238C,1.0,1.0338083868065016e-05,0.004555392680137955,3.425856044621765e-05,0.0,1.3025097957262122e+84,0.2195966105740542
YMR124W,11.0,2.646317137297088e-05,0.004779302651111441,0.00011694261056902707,0.00012697092337305408,8.530570362665235e+84,0.24954792043399637
YOL070C,6.0,1.4759694528192467e-05,0.004658192442867587,9.136825467582186e-05,0.00013792601913472388,2.653998632984241e+84,0.23580674099705243
YMR181C,5.0,1.034476776981828e-05,0.004633298564606929,0.00011786882159365517,0.0007426720339769268,1.304187659000314e+84,0.22376261704973854
YBL086C,2.0,5.849564390643344e-09,0.00456543093132547,0.00012314085135157777,0.00036231884057971015,4.1412533639730685e+77,0.17237610467476502
YDL121C,1.0,2.7112530255296356e-11,0.004546375009451079,8.105141138521092e-05,0.0,8.823742811659234e+72,0.14703532044110595
YMR209C,4.0,1.2649522231892544e-06,0.004606036852122362,0.00013020385515868693,0.0007281143277999055,1.943534503684542e+82,0.2082547347770316
YDR361C,21.0,0.0017444724874190922,0.006298622770226086,0.00010102686820680408,9.9568748798783e-05,3.7048657940468496e+88,0.26427921673768373
YPL208W,12.0,0.00035497050122456833,0.00503066598663759,0.00014657521547174765,0.000417409452438941,1.5351914111451049e+87,0.25161819673625674
YDR292C,59.0,0.015524460552813493,0.01732880634382797,0.00013198275660202772,4.219464974467449e-05,2.9367970185389797e+90,0.27595860620906865
YLR022C,33.0,0.007815002060258872,0.011072659014206539,9.749558231314927e-05,0.0002098457685958917,7.440681407683292e+89,0.2833530106257379
YLR453C,19.0,3.3525712350779015e-06,0.004960974053873445,0.0001351943995133327,5.0366031414828196e-05,1.3564302847270295e+83,0.253455163230635
YBR275C,18.0,1.4308712732615181e-05,0.004949399332524931,0.00013120497395726054,0.00019803750262740598,2.4893263595437483e+84,0.26648643429564545
YNL216W,31.0,7.992836388111739e-05,0.005284812646532654,0.0002519101352805493,0.002565842599860182,7.767816107222092e+85,0.2799188640973631
YDL101C,39.0,2.0714410670987954e-05,0.005473566724769552,0.00024667628986770247,0.00039810808117690086,5.206268346053404e+84,0.2696629213483146
YDR369C,9.0,2.6436731962262242e-06,0.004739334223773078,7.676738044288828e-05,8.286009534510317e-05,8.465754529037154e+82,0.2490749932316578
YOR351C,13.0,2.320655287611479e-06,0.004814591927332473,0.00011500021827032269,6.726537323138533e-05,6.525400002461609e+82,0.24328969985455506
YHL022C,61.0,0.00024229673798277724,0.006115184032763787,0.00039974742727467863,0.00344169200180672,7.148424840161762e+86,0.290893760539629
YLR233C,25.0,2.9866961191000767e-05,0.005112504187589486,0.00016540698863262715,0.0003183095250243834,1.0839563279505984e+85,0.26038964102080286
YGR099W,13.0,2.9339090026301905e-05,0.004852824596491808,0.0001042727178746178,0.00013409720370382926,1.046935615331394e+85,0.26396327467482783
YML058W,15.0,1.0809253500963203e-05,0.004883534061604898,0.00010779711433446057,1.1769149215038295e-05,1.420097929601377e+84,0.24882798413270826
YBL089W,5.0,1.330681180440159e-07,0.004625131613297696,0.00014046544407931856,0.0018456881706522047,2.15873100917354e+80,0.2119652868443284
YKR039W,26.0,1.878267103731164e-05,0.005064515807834504,0.00032970201811288085,0.0032070484765105746,4.299698035888192e+84,0.2662807525325615
YOL020W,8.0,9.818767876218626e-06,0.004700661262588117,0.0001257363394888714,0.0007324356835630052,1.1749462910646737e+84,0.25408515535097814
YJR001W,4.0,6.192452809959609e-10,0.00460384100003084,0.00018105743143417973,0.0016093609071730598,4.675028119972514e+75,0.17572342660681883
YBR069C,3.0,1.9007182946026238e-07,0.004587649663455068,7.805803789250123e-05,0.00014769248287065058,4.400522652985132e+80,0.21995537137392412
YPL265W,2.0,4.0291810667775934e-08,0.004566389225267927,6.443174117326746e-05,1.8106763002948129e-06,1.9792925773301887e+79,0.19529453387581816
YMR225C,37.0,0.005579730842269223,0.009496255115059629,9.683658079239548e-05,7.227650278343556e-06,3.794549316981615e+89,0.2578957204260886
YIL070C,22.0,0.0015801138130798178,0.00618155738572163,0.00015045234588161014,0.0014885476894661923,3.0431426553015608e+88,0.273118598782841
YBL091C,13.0,0.003710700720751133,0.007591102876730872,5.682625926395418e-05,7.305660364503255e-05,1.677680342575565e+89,0.26784414576156046
YLR244C,16.0,0.004420848286757512,0.008184474716145473,7.360175805717225e-05,0.0001318959868385516,2.381273599603195e+89,0.26822157434402333
YML072C,6.0,1.6032665273604292e-07,0.004648915694679255,9.879574680023625e-05,1.0600326790239285e-05,3.1291057732581934e+80,0.22454541756498395
YNL087W,5.0,2.1363348847139542e-07,0.004630306094915663,7.511314350275376e-05,1.5535122126898244e-05,5.552753289905256e+80,0.22504892367906065
YOR086C,4.0,1.1906657422667707e-07,0.004607654730868573,7.451957424976929e-05,6.895776048732031e-07,1.7259738486942094e+80,0.2104380313369677
YJL153C,20.0,1.1570106150419197e-05,0.004958930577387754,0.00021927781307529804,0.0014183276072527616,1.6283507298980897e+84,0.26369846653609136
YHR073W,5.0,1.4812358363323755e-07,0.00463112915219541,8.53074638069004e-05,1.6910357062693534e-06,2.672397589563694e+80,0.22378983215762588
YHR001W,8.0,2.579602256996599e-07,0.0046920741287074805,0.00011249671480407678,5.563992958403698e-05,8.104674571580832e+80,0.2288462335724058
YKR003W,8.0,2.2932825212197464e-07,0.004689993322375379,0.00011672866442020987,4.928407088612799e-05,6.40500460633612e+80,0.22776975448731174
YGR202C,17.0,1.4073052454567395e-05,0.004895172842215689,0.00017554601710249987,0.0005805028020332351,2.408329445819759e+84,0.2568756107776071
YNL130C,24.0,5.896117757901888e-07,0.005032704194100466,0.00025133010255377875,0.00024086367036982062,4.22301194363021e+81,0.25048781594590913
YKL212W,36.0,8.746169866535633e-06,0.005283259153125062,0.0004209640348213681,0.0039811049803765005,9.318312377705858e+83,0.27669172932330827
YKL154W,17.0,0.0036372353843905944,0.007590125954690657,5.887497937257247e-05,6.442377012538201e-05,1.6120742461087865e+89,0.27370091233637445
YNL209W,46.0,0.0071760825096107705,0.010895692513954787,0.00019430384583061995,0.0003543715823166549,6.274324415980685e+89,0.29396101821280224
YNR021W,12.0,0.003550471832601734,0.007431204544377135,4.8036285837925695e-05,0.0,1.536036888648592e+89,0.26635784597568035
YMR315W,2.0,0.00032297710599393163,0.004809144423088325,5.354889838442663e-05,0.0006804258579673101,1.2709972002639386e+87,0.24744486282947822
YJR008W,1.0,0.00032296942188412214,0.004789692645890637,2.8857610836770818e-05,0.0,1.2709367025876867e+87,0.24668186083925459
YBL093C,53.0,0.0005186299765289477,0.006289218158165296,0.00023015341206193918,0.00041700327766113697,3.274406692190725e+87,0.27522935779816515
YHR041C,53.0,0.0005247862852177851,0.006305431262273577,0.00022261069353187913,8.850812207633186e-05,3.3525755242635987e+87,0.27738693467336684
YMR112C,48.0,0.0005139468733329508,0.006186538162877449,0.00019800423603448322,2.5196739795602705e-05,3.2155042790023375e+87,0.2707607789277481
YDR308C,64.0,0.0006890162053724443,0.006692063214447833,0.0002692500904917001,0.000270792475706283,5.779855968554708e+87,0.2820355610055181
YNL025C,35.0,0.0007155628784015322,0.005895903153875784,0.0001770342710143837,0.0007783930061559542,6.2376834412800985e+87,0.28708133971291866
YNL236W,28.0,7.302890166678193e-05,0.00524679707072983,0.00014309135156603396,5.092560472213813e-05,6.484371681776172e+85,0.25141191473856805
YER022W,72.0,0.0013421633489595474,0.00734924541174775,0.0002961534056213518,0.0004286910741356247,2.1940455438659196e+88,0.28844646496316034
YDL005C,26.0,7.5257660606828e-05,0.005204464593817406,0.00012936238424854552,2.0164555300673356e-05,6.887128465858363e+85,0.2548123528597147
YOR194C,57.0,0.000547107184433412,0.006440372689294349,0.00023327128469182085,3.3811439396850616e-05,3.6435617730993305e+87,0.27432660769307227
YOL135C,65.0,0.0015121210746990778,0.007335494255778585,0.0002564354252877222,0.00014390394045831696,2.784837686473951e+88,0.2828158622809714
YPR070W,33.0,0.000227895950240861,0.005525244356572921,0.00014972762854118934,2.1247989652464702e-05,6.32038995090705e+86,0.256005936369539
YPR168W,63.0,0.0013190641856162626,0.007130862439002804,0.00025585504701706877,0.00015259635291393263,2.11923208502271e+88,0.282021151586369
YOR174W,48.0,0.0005139468733329508,0.006186538162877449,0.00019800423603448322,2.5196739795602705e-05,3.2155042790023375e+87,0.2707607789277481
YBR193C,50.0,0.0005152381956499191,0.006231927179416693,0.0002118084751235927,0.0003637643771188841,3.2316902557956643e+87,0.2775961780236359
YGL025C,25.0,7.253185028277712e-05,0.005172856574186087,0.00012539169608025865,1.8770402868046094e-05,6.397670421006695e+85,0.24980766619903155
YHR058C,67.0,0.0015209146776343904,0.007378415737573312,0.0002662686310625797,0.00023027427062066128,2.8173057260888163e+88,0.2839944435869733
YNR010W,53.0,0.0005217832543457789,0.006302856116358789,0.00022063138888483216,4.991274851252125e-05,3.314281427335797e+87,0.2726868547152102
YGL127C,64.0,0.0007566001641322083,0.006743873079089351,0.0002629916704181222,0.0001250766933886847,6.969593283739583e+87,0.27723368992014463
YGR104C,52.0,0.0005212087446426862,0.006278454405328813,0.00021603324889091317,4.408968371575045e-05,3.3070048052688718e+87,0.2724311519099793
YPL042C,39.0,0.0007344594567860039,0.0059899260078190054,0.00021217079163731028,0.0008371279857106755,6.571366822214822e+87,0.28425768577166693
YGL151W,25.0,7.168012003172922e-05,0.005177487736872641,0.0001228007461683814,1.246656204968104e-06,6.247331499893333e+85,0.24474594306996542
YBR253W,52.0,0.0005212087446426862,0.006278454405328813,0.00021603324889091317,4.408968371575045e-05,3.3070048052688718e+87,0.2724311519099793
YCR081W,23.0,6.475712999912261e-05,0.005121255533569944,0.00011710065596883521,4.9429208923843816e-06,5.099321017265704e+85,0.24402104239423544
YLR071C,67.0,0.0015124839179666016,0.007374281123917784,0.00026745326167643536,0.0002571520400462516,2.786167128530209e+88,0.28465346534653463
YDR443C,27.0,6.509222612341805e-05,0.005210136717291901,0.00015323387381101675,0.0004147072615063958,5.152264111954254e+85,0.26183474053695094
YLR272C,11.0,3.064246722540199e-06,0.004774030722204434,8.903683805127908e-05,6.520140273317848e-06,1.1388733350257903e+83,0.23934440445735594
YLR086W,26.0,0.00024103992108301714,0.005301798214092155,0.00017125684102625705,0.0003701203663288807,7.075701055812609e+86,0.27034969144872173
YDL003W,31.0,1.1897968248448395e-05,0.00525269319582843,0.00019640285139045267,0.0001379639381979141,1.7177025984996992e+84,0.2613388883628444
YNL088W,38.0,0.00017112670849707428,0.005584428466760532,0.000219403816011073,0.0006201665538106867,3.5603084394800683e+86,0.27904155292690325
YLR383W,41.0,4.070351078763835e-05,0.005494714263119376,0.00025926577659318565,0.00029736449826353253,2.016479668187825e+85,0.2622078662359871
YOL034W,48.0,3.599665096410382e-05,0.005651927515233171,0.00029778421140506234,0.00040629595504764057,1.5763864189588866e+85,0.2644438056912906
YFL008W,28.0,0.00014711201287576696,0.0052673162600001275,0.00018453181552028584,0.00037169616952946834,2.6325539239071255e+86,0.26533358969428955
YJR089W,15.0,0.0002973884012207941,0.005075485004073509,0.0001392497182776677,0.0006444088285008036,1.0774968342353687e+87,0.2736737729300942
YJL074C,45.0,3.484200816682399e-05,0.005618387303237784,0.00028120188778981694,0.0007234291117215694,1.4745968695746683e+85,0.2695839031060754
YBL098W,14.0,6.339374253117931e-07,0.0048181034094093,0.00014621255891122058,4.628302797682295e-05,4.870576180387562e+81,0.2388783105418037
YDR428C,20.0,1.3149149864723042e-05,0.004974536928812395,0.00017038029779530706,0.0002316951703223532,2.1073458224397836e+84,0.23907488414396466
YGR260W,11.0,5.303376384532316e-07,0.004756657004123483,0.00014246869559329887,0.0003724207835471726,3.405593628170361e+81,0.23636207930119038
YLR209C,33.0,6.020068136788153e-06,0.005206844101171099,0.000316965148206411,0.0009455884604544035,4.4077054655381e+83,0.25223907877901663
YLR328W,25.0,2.1559589904569686e-06,0.005041685294959544,0.00024312209421374444,0.00016326107763688143,5.641353285361127e+82,0.24527882692734948
YLR231C,14.0,7.4916912222051526e-06,0.00482964738446563,0.00014092413503876967,0.00021413431071902244,6.838139260173968e+83,0.2507381330910743
YDL042C,55.0,8.880244301962258e-05,0.005899096311317289,0.0003904142624852457,0.005104884774330549,9.591072315514665e+85,0.29632810822417865
YGR010W,25.0,2.1559589904569686e-06,0.005041685294959544,0.00024312209421374444,0.00016326107763688143,5.641353285361127e+82,0.24527882692734948
YFR047C,18.0,3.427073211276796e-06,0.004901353488518537,0.00017731209955345863,0.000374913573549148,1.4280701981536712e+83,0.23646333104866346
YJL060W,8.0,3.772525041475871e-07,0.004694635329458996,9.230439393613407e-05,0.0001509198755906639,1.732540386592998e+81,0.23756240316749871
YHR074W,24.0,1.34907280705922e-06,0.005021041625194457,0.00023271660139208132,0.0001287458775423226,2.2075509368446456e+82,0.24238166330025468
YJR078W,13.0,6.380304540402486e-06,0.0048036098163762725,0.00013736622727271767,0.00015936255707546762,4.959243565302918e+83,0.24185068349106204
YJR025C,15.0,1.2118752464777585e-06,0.004842818360131003,0.00015255225032829295,0.00020580943769390642,1.78497161757526e+82,0.24711254364759602
YOR209C,18.0,1.5246283913088144e-06,0.004900657088217862,0.00017840404814681174,0.00011063651940006806,2.8264698319207984e+82,0.24274406332453827
YPL017C,15.0,0.00017730759111189294,0.005016516980691994,0.00011278983749023417,0.0003751889734497902,3.8310818281615647e+86,0.26629359834048916
YNL315C,8.0,0.00019337120943623064,0.004852638901265598,8.306256345373041e-05,7.167620534615281e-05,4.556942633225996e+86,0.2548829477767004
YPL119C,10.0,0.0003860271637980218,0.005066223067429306,6.471831230937671e-05,3.8199203814733494e-05,1.8157480739709503e+87,0.2582093741229301
YCR011C,6.0,0.00018329032356413175,0.004804455661711169,6.483480524257424e-05,0.0001733392114356506,4.0940788818437686e+86,0.2492324363373668
YDL181W,7.0,0.0001864736543575439,0.004830384515095163,7.555667895486066e-05,0.0002541141809153743,4.2375530016817e+86,0.24650560442995578
YBL101C,12.0,8.624461946741412e-06,0.004776892484402114,0.00017123645438365726,6.543934747596252e-05,9.064936694951993e+83,0.2438916626165334
YLR392C,12.0,8.557181577251947e-06,0.004775450724409068,0.0001825944663678046,0.00019877981337781037,8.924306476881863e+83,0.24076416452217908
YOR018W,12.0,8.849194660585444e-06,0.004782912224668021,0.0001630037831284634,0.00036573907715035004,9.543073534344378e+83,0.25349008082292435
YFR022W,6.0,5.97245591767889e-06,0.004655665098205921,9.986618000835753e-05,6.845299469412042e-07,4.347707690976684e+83,0.2333347423595553
YKR021W,10.0,8.551559457603542e-06,0.004737895766519752,0.00014478458394559038,1.0947759302156663e-05,8.912582171451507e+83,0.24113227328324305
YML111W,18.0,8.826710120368515e-05,0.004967682013466949,0.0002080297797839166,0.0006010651140596215,9.495163244970901e+85,0.2660112765649848
YJL084C,11.0,8.597376472645243e-06,0.004757952699405059,0.00017064681224615948,0.0003486856454911571,9.008366497415445e+83,0.24193548387096775
YGR068C,7.0,6.001596426775e-06,0.004674928398704351,0.0001140916665747601,1.5686183096161695e-07,4.390235245582793e+83,0.2328524424196406
YOL122C,11.0,9.877833634412625e-06,0.004770292940494936,0.00015488916602589595,0.0010663216783197997,1.1866682988460518e+84,0.2552011095700416
YOR322C,13.0,8.588280005060489e-06,0.0047950316910508415,0.0001986370844742163,0.0002176287202600345,8.98930879141589e+83,0.24116387784525317
YGL045W,16.0,1.083543858284237e-05,0.004858949094876393,0.00021435030586729585,0.00035087249984172526,1.4310260261337454e+84,0.24
YMR275C,21.0,0.00045305603348688283,0.0053049353373941285,0.00023630779871985824,0.0013895080346575776,2.500638445796284e+87,0.2796352583586626
YBL102W,6.0,2.6638360172570974e-07,0.004660463507410848,7.317148545559743e-05,4.835471916621033e-05,8.634515065535293e+80,0.2308271305511416
YLR262C,35.0,5.205105353221872e-06,0.005265767187615177,0.00033731813061919577,0.0014917794627829148,3.297790497199404e+83,0.2578836720392432
YMR292W,18.0,2.8699503670367963e-05,0.004926600233157192,0.00022015238006777086,0.0025933822560160564,1.0026855544252744e+85,0.27485933376487576
YBL103C,12.0,3.991197721267797e-06,0.004780567243607394,0.0001364010442688168,0.00024107821770274948,1.941044836491762e+83,0.25445996404370075
YKL062W,29.0,1.4412141688325454e-05,0.005167312885342405,0.0002601803717215234,0.0008143934186468813,2.5284647969870713e+84,0.28021726991217827
YER040W,22.0,2.75957054068879e-05,0.005020067067863153,0.00021926181262908972,0.0020154695855763775,9.273745648556215e+84,0.27665012780033077
YGL252C,8.0,3.815982161648683e-06,0.00469735767805719,9.684353780178877e-05,6.302927439529985e-05,1.7746401967682762e+83,0.24783369999551025
YEL031W,4.0,7.33177688375975e-08,0.004606700541091202,7.458953553465947e-05,1.5188783665726361e-05,6.547191817730683e+79,0.21749408983451538
YNL006W,33.0,0.0006201186313747695,0.005697108472587394,0.00026826650088953387,0.0016424777059922306,4.685682286175836e+87,0.2856108035390904
YNL076W,7.0,9.191588891950166e-05,0.004736107436152865,8.499345272418391e-05,2.296507220030059e-05,1.0292936588798878e+86,0.24603316099126404
YOL067C,9.0,3.845244168834635e-06,0.004716304442696157,0.00011306677838297964,0.00011751609528990241,1.8018219320694074e+83,0.24885041925885854
YER177W,20.0,2.5361735293719104e-05,0.004972429093106301,0.0002067343903000559,0.0014633696353096258,7.839104561711352e+84,0.2752979901251808
YBL104C,11.0,3.5738049946327346e-06,0.004759888149054697,0.00011714341745068261,9.768325218354e-06,1.5542782555953378e+83,0.23765445386834289
YJR138W,10.0,3.156792681297249e-06,0.004738932687077047,0.00011644660892581177,8.670330394591745e-05,1.2125007877227766e+83,0.23533424283765347
YML121W,38.0,0.00020894738615270876,0.005479603769201526,0.000296968858154623,0.00182295531710552,5.313440973359551e+86,0.27809965237543455
YDR128W,14.0,5.125567530350952e-06,0.004821287399209535,0.00014949750948588892,0.00015669709522902236,3.1961266905247254e+83,0.23841402841964324
YGR163W,32.0,0.00018172872895031808,0.005330007461489049,0.0002657364351402829,0.000815197151625071,4.019797847976888e+86,0.2689534203858897
YHL023C,11.0,3.2256870129344148e-06,0.004760500560155604,0.00011427102617273094,7.04636180053244e-05,1.26564373243789e+83,0.23983315954118875
YKL176C,15.0,8.226725803643162e-05,0.004902553220601026,0.00014615165781550627,0.0005390347949349974,8.247006984395818e+85,0.2577512140455734
YGR057C,14.0,8.5889209214789e-06,0.00482696948865916,0.00013886279135837256,0.00021065216973402152,8.978809657695459e+83,0.2522967228849582
YOL138C,11.0,3.1962824167849945e-06,0.004758902643083789,0.00012513873999815355,9.339801837820886e-05,1.2430111579498954e+83,0.23638232271325796
YEL062W,11.0,3.2453266333437755e-06,0.004759315278392241,0.0001243239230856423,0.0002150100320262587,1.281468245056913e+83,0.24101646072566912
YBL105C,51.0,0.00041973694166982494,0.005949384654660072,0.0004574159557627733,0.005390019808124041,2.1467467119271085e+87,0.2994466746229793
YLR425W,9.0,5.268330705554829e-06,0.004719193422574457,0.00011623745725466652,0.0001002467510386925,3.382981650804069e+83,0.24115334207077327
YGR023W,14.0,7.977329455607459e-06,0.004835245085880729,0.0001446073783598532,5.955466397816395e-05,7.753077538123883e+83,0.255165719040355
YOL105C,11.0,2.4094534484152622e-06,0.004763927377919848,0.00012165632953004698,1.4555619553629134e-06,7.072433337180926e+82,0.24134312696747115
YKL203C,60.0,0.0011932505424003296,0.006733119736579857,0.0004346904221226211,0.006811661693369662,1.7347291479237887e+88,0.30976430976430974
YNL090W,13.0,1.1870456023524733e-05,0.004821426227527143,0.00015574707576018434,0.0005323098341870287,1.7165000201649532e+84,0.26661514683153015
YNL283C,13.0,3.2901306408650106e-06,0.00480520265342193,0.00013915927148899543,2.1460643603123468e-05,1.3178300202148868e+83,0.24436672716809066
YDR389W,8.0,7.664670255024084e-06,0.00470614110037801,9.731758731287163e-05,4.794098239455499e-05,7.15790421257272e+83,0.2473894142428181
YLR332W,18.0,4.3134058771656476e-06,0.004907868044854344,0.00018947505981475803,0.0002405973535789988,2.2674070090364886e+83,0.24745595552965438
YGR070W,12.0,2.3060108454656414e-06,0.004778090404807161,0.00013703915725498533,4.054345153801946e-06,6.479497584394115e+82,0.2358571184412921
YGR229C,14.0,3.1291884280467503e-06,0.004825969243208892,0.0001703019179820161,0.00029899631625836205,1.1929768714847508e+83,0.24772247901988062
YHR030C,51.0,4.139960787739295e-05,0.00569779149964917,0.0004690175135940821,0.004693877405350803,2.0865867749573503e+85,0.2953767123287671
YMR036C,29.0,1.3907896134453806e-05,0.005203750064433396,0.00023068484169854798,0.000570460650035112,2.349577873114431e+84,0.26833892372757767
YPL268W,20.0,4.571864034865033e-06,0.004943790101146892,0.00022594667830233645,0.0006368910466968736,2.546851432798955e+83,0.2550596063210424
YLR407W,3.0,2.1960906382528594e-06,0.004591978814731233,6.174396598750745e-05,9.865033344397717e-05,5.87448281685296e+82,0.23752151462994836
YJL095W,31.0,4.181875600001854e-06,0.005194731272432256,0.0002990048135383605,0.0006776256266068697,2.1287282882255228e+83,0.2644944896981313
YDR490C,14.0,2.580198614925878e-06,0.004816538712954059,0.00019809891874936444,0.00044033465983125264,8.112581493593286e+82,0.2508292815922207
YOL100W,9.0,2.399502111370024e-06,0.004715239976459134,0.00013635628015820953,9.6811029753953e-05,7.016302599476397e+82,0.246000267391595
YPL089C,21.0,3.014621173837563e-06,0.004976947734288017,0.00021568939452235977,0.00014624767358697345,1.1060945439911092e+83,0.254730041532072
YDR466W,3.0,1.960280162279052e-06,0.00459172277471832,5.987251098430619e-05,0.0,4.6832398478721244e+82,0.23291139240506328
YJR017C,14.0,0.0002667200191886485,0.005051454106989932,0.0001064093306673401,0.0003891053311052764,8.667176077601604e+86,0.27685826060788443
YGR032W,27.0,3.163080192278325e-06,0.00509358157564244,0.00028949564419739765,0.0007781678984583332,1.218883649377493e+83,0.25681585558760583
YLR260W,13.0,2.184589836231293e-06,0.004795373936777628,0.00016496409948517889,0.00032387140494048716,5.81593216782357e+82,0.2410585615092362
YDL240W,12.0,2.264016672572953e-06,0.004779328063879204,0.00014361276176579613,0.00011988912209604809,6.245322815920468e+82,0.23746020820786373
YLR371W,27.0,1.6664651580201173e-05,0.0051194082652266815,0.0002824725497661863,0.0011233750993794272,3.3833722983359546e+84,0.2754628474474774
YBL106C,4.0,1.6631054783716073e-06,0.0046161737040212114,5.4619277881586854e-05,5.6966331121981815e-08,3.371444400369721e+82,0.22030651340996169
YBL107C,1.0,3.562580414658527e-11,0.004546455457883676,6.931897520412968e-05,0.0,1.5483170787704033e+73,0.15228426395939088
YBR056W,3.0,7.720063722278321e-09,0.004584795800081063,0.00014656795764113702,0.00036231884057971015,7.266727337388026e+77,0.17963487259591918
YBL107W-A,1.0,8.786850149795834e-11,0.004546617941437025,5.569747708630125e-05,0.0,9.43599586643253e+73,0.1597083586494228
YER138W-A,5.0,1.9051248669869977e-08,0.004623907471802551,0.00016700313969938567,0.0008726871409713685,4.42860251719464e+78,0.19005646605150806
YJR079W,2.0,5.729793102007242e-12,0.00456657255604187,7.69772359005659e-05,0.0001073897377191739,3.853412714275986e+71,0.159233831419835
YBL109W,8.0,1.3263027034029638e-08,0.0046821126864240595,0.00021383294909138993,0.0031734118850108646,2.1222483446755023e+78,0.19864689794155752
YPL128C,9.0,2.8581400851696673e-06,0.004710432206072942,0.0001752664975822322,0.005121710854494294,9.913606733342413e+82,0.2393340270551509
YKL225W,9.0,6.50051837628505e-11,0.004704988116389343,0.0002186576537249593,0.0013665802281424791,5.007933916864418e+73,0.16848788230266773
YBL113C,6.0,6.323039079024495e-11,0.004643730849742416,0.00017156818512296552,0.00013133056994425778,4.739305357113524e+73,0.16697419764663177
YBL111C,5.0,6.878223574454917e-11,0.004624854758126043,0.00014392786284385658,5.311468005560648e-05,5.6065324864377094e+73,0.1720859182591888
YBL112C,7.0,6.568300833348132e-11,0.004663513953274298,0.0001937629583246288,0.0001721920695780384,5.112275565861911e+73,0.1717753228566983
YPL283W-A,5.0,6.2853094479044495e-09,0.0046244165101769425,0.00014819955654454613,0.0004526802297708799,4.797960409672001e+77,0.1954535797748035
YBL113W-A,4.0,6.266649860526043e-11,0.004604738556923959,0.0001224052427739254,0.0,4.6564558083800175e+73,0.16657613615788522
YER189W,7.0,3.634905602015391e-12,0.004663593940924856,0.00019955108785565018,0.0001266809583418143,1.5351387863943022e+71,0.16119141480508103
YEL076C,8.0,5.395301777805444e-10,0.0046834041664170255,0.00021241939163725994,0.0007756321963939136,3.5229749631030304e+75,0.18822887540066835
YER190C-B,11.0,5.904469532562365e-11,0.004740939658193862,0.00030547398643561213,0.0006893957689226458,4.19090513810414e+73,0.16582054131995555
YCR108C,8.0,6.093904083134602e-11,0.004683948772613188,0.00022373900033338507,0.0004014061188439623,4.4624154922690816e+73,0.16677241004259946
YBR001C,6.0,3.305749350474036e-07,0.004651524046166787,8.118981052914368e-05,0.0,1.3320515570052894e+81,0.22337325995467788
YMR261C,16.0,9.802795266025574e-07,0.004860272325361404,0.00016942807270426012,3.071337068761862e-05,1.1713066033597368e+82,0.23395778587776553
YML100W,28.0,4.425113153109754e-05,0.005157939141518131,0.00025862389407170223,0.0006258638227354071,2.3875109451187187e+85,0.2633085289066972
YPR026W,9.0,4.885679371697749e-07,0.004711366561049306,0.0001360149227132652,0.0004384238900613671,2.9085042606598287e+81,0.22896013936704135
YDR074W,21.0,6.557027184343751e-06,0.0049801395765034446,0.00020639419491360022,0.00023950272859943957,5.241017349597207e+83,0.256136606189968
YDR001C,27.0,1.0280592880127837e-05,0.005113204368319226,0.0002448682021753137,0.0015114262813278934,1.2876628483366362e+84,0.27066784348337747
YBR002C,13.0,2.4001407592845936e-06,0.004795695961010181,0.0001543639250435192,0.00021021321265844158,7.022981661618223e+82,0.2383728462236041
YDL193W,10.0,1.1031151990513946e-06,0.004733163094588072,0.00012532415102139922,0.00012971428245329284,1.481138377926308e+82,0.23287208909888626
YBR003W,23.0,1.0683046354657894e-05,0.005009777781779851,0.0002483095267687722,0.0007033941884812545,1.3906011027841072e+84,0.257126886528787
YDL090C,15.0,1.3327781414336597e-06,0.004834928606612963,0.00017979228625674348,0.0004551512901828446,2.164747054838973e+82,0.24580309035044753
YPL069C,23.0,3.951839689149463e-06,0.005008466011919887,0.0002434536403579258,0.0005489571856375923,1.9033521832070334e+83,0.2539799392656667
YMR101C,11.0,1.796984069120499e-06,0.004753975085500151,0.0001365781638155036,9.741980992772424e-05,3.936274419426368e+82,0.23501362397820164
YHR190W,41.0,2.6160236618302422e-05,0.005412865058198267,0.0004232242143472673,0.003301509101150913,8.333926618929258e+84,0.27360594795539034
YMR013C,10.0,5.1431559993947685e-06,0.004733956949893346,0.00012065681955297249,0.00013519704539771801,3.22440844424445e+83,0.23099133782483156
YGR036C,15.0,0.00013035647089682371,0.004930742802594985,0.0001409572002986056,0.00024010676974549385,2.0711977874929644e+86,0.2412376540512193
YIL049W,5.0,5.067666037608173e-08,0.004626469188952897,8.031899241736427e-05,3.1558027164048956e-05,3.1287586535816616e+79,0.20894053522086378
YJL167W,32.0,9.244167449306044e-06,0.00520088739422866,0.0003164344612379634,0.0008395872554340893,1.0413602593786223e+84,0.26018099547511314
YKL019W,14.0,1.2795966103573579e-06,0.004811646184931102,0.00017546681548155684,0.00018441833662840215,1.9956497723540818e+82,0.2385273528649209
YPL117C,22.0,0.00034530693674260534,0.005251439187875697,0.0002098903276409421,0.0006177806597933392,1.4529341664535082e+87,0.2674029937509083
YGR255C,13.0,1.583193128268308e-05,0.004806846809532861,0.00018094997118793651,0.000508719057057629,3.054902803668572e+84,0.2520432856947171
YDR204W,9.0,9.351977448749276e-07,0.004709026912346634,0.0001243684434687845,0.0,1.0640769023339289e+82,0.22363570068468178
YGL119W,12.0,1.7796935277318437e-06,0.0047701385140109,0.0001654928295025446,0.00014947120754099118,3.854171498528804e+82,0.23439490445859873
YOL096C,13.0,1.866992142329856e-06,0.0047913354511675684,0.00017128176760748345,0.00022488175632728746,4.2418171071338544e+82,0.23797206414899122
YPL252C,43.0,0.00018355629688598588,0.005595880382187105,0.0003678225511659834,0.004533326836069937,4.103164854868483e+86,0.28745508514294643
YLR201C,11.0,6.667718783221906e-06,0.004758202494810612,0.00013821046965690619,0.00020092836438436847,5.415699417572105e+83,0.24841366275145133
YNR041C,22.0,4.1654690500201115e-06,0.004979408004929223,0.00028313663124100626,0.0015487108739580084,2.1137163315151446e+83,0.25679196129512466
YML110C,10.0,1.4904422459631061e-05,0.004743777465445313,0.0001327134277927706,8.403750788234915e-05,2.7076660466684283e+84,0.24187187801244414
YLR290C,20.0,0.00013117487359605968,0.005075442775551361,0.00020207127180189367,0.000928742150494979,2.0943214767907968e+86,0.26275704493526275
YOR125C,12.0,1.5444726932774985e-05,0.004782697266991787,0.0001587484262799725,0.00022365719739128966,2.9072623842402282e+84,0.24298983140379452
YDR376W,26.0,1.8178297687797252e-05,0.005101332286647756,0.0002497897872978665,0.0012758167842490847,4.026658820796125e+84,0.26953125
YNR043W,19.0,7.146429473124207e-06,0.004936434245375645,0.0001862387392638433,4.326284846262604e-05,6.224118331029616e+83,0.25061291201307545
YKL165C,11.0,1.466153453729039e-07,0.00475034887816454,0.0001588172297825918,8.781186765602135e-06,2.620630697526587e+80,0.20690430675812438
YLR088W,16.0,1.6827113902452945e-07,0.004850827351043703,0.0002152631155643766,1.5597175690496924e-05,3.45129885553555e+80,0.2112676056338028
YPL175W,18.0,1.6649828198118715e-06,0.004893406253777703,0.0002739602686368132,0.0017309661323182996,3.379843912460487e+82,0.2310396785534907
YHR188C,14.0,1.600956003289838e-07,0.004811009584396566,0.00018991368090533843,1.0544014837921652e-05,3.12394447096974e+80,0.21119485786433026
YDR302W,16.0,1.5650881713599306e-07,0.004849955067194653,0.00021816532855281864,3.1350102643837626e-05,2.9856159896279917e+80,0.20992584141471762
YLL031C,19.0,1.4996840919043493e-07,0.004908843441447541,0.00028971951519343313,0.0007879794135660526,2.740254550082193e+80,0.21011762018956265
YNR073C,9.0,9.51303772873785e-08,0.0047075727015099215,0.00014996089900984252,9.876846335795102e-05,1.1034569420944051e+80,0.20641687233565179
YDR434W,15.0,1.6832679252563406e-07,0.0048297626290001484,0.0002241914739756032,0.00037449105782412837,3.4527448566773433e+80,0.21210374639769453
YGR216C,14.0,4.5699822996206665e-07,0.0048177450256745875,0.00018199251197391654,0.0006026884625280582,2.5310908656462627e+81,0.2330884215860147
YNL038W,17.0,1.5937248581580572e-07,0.004872887384031633,0.00022354981195042817,0.0001356507114680803,3.095138139461982e+80,0.2212868310282622
YMR281W,19.0,4.81595920081737e-06,0.004914631852740247,0.0002495312710829589,0.0005798613282486101,2.827514000698429e+83,0.2254073257380865
YPL076W,16.0,1.7457598115914873e-07,0.004852909119924232,0.00021281107425682533,0.00014859860088053766,3.7143511984962196e+80,0.2221864434068588
YOR149C,10.0,1.1487435885677114e-07,0.004731008756709708,0.00014403459825845926,2.535895842779432e-06,1.6086215474034996e+80,0.20542592385843475
YNL158W,1.0,6.535810819640069e-08,0.004548271968777567,3.8518371632772e-05,0.0,5.211174990094943e+79,0.19102328961483891
YDR437W,17.0,1.5947280518456538e-07,0.004873215931605232,0.0002239604500861563,0.00014150466198572208,3.099008445650782e+80,0.22129570237331622
YDR331W,20.0,1.879484222515084e-07,0.004929547838241822,0.0002662831158015968,5.5707810888768405e-05,4.3051248112447005e+80,0.21364709525099662
YBR005W,1.0,5.775797350947005e-06,0.004556372570875511,3.6639449042353634e-05,0.0,4.0660552232176146e+83,0.2325189553496209
YBR006W,31.0,2.8478054708889807e-05,0.0052558261229826405,0.0002199700325338872,0.0002188840968366899,9.880350940105093e+84,0.254730041532072
YDL170W,7.0,6.6710162244592136e-06,0.004682629928160922,8.156130946051409e-05,5.3792666239523675e-06,5.425103090972988e+83,0.23200100870003781
YDL210W,9.0,4.784511568695673e-06,0.004717360012655611,0.00010893194838672082,7.137758514474306e-05,2.790638091916623e+83,0.2369098712446352
YLR164W,21.0,2.4231104316193168e-05,0.005036884066026697,0.00014706806264451117,6.161910833823212e-05,7.147580272658726e+84,0.24915368991198375
YBR007C,1.0,1.783613623867316e-05,0.004560650779894576,3.1959664597945873e-05,0.0,3.8782002507464547e+84,0.2152802152802153
YML116W,1.0,1.1486072982822891e-09,0.004546805606065859,4.611505973835508e-05,0.0,1.595103333239333e+76,0.18352894238122153
YNR055C,4.0,1.463707859028978e-09,0.004604196175893411,0.00013733047987870482,4.6216043418161406e-05,2.5942576706260714e+76,0.1854464825639992
YPR124W,6.0,0.00015477239779233132,0.004778979423922564,0.00010471085688860775,0.0007716620902104656,2.918546032568123e+86,0.2559347181008902
YGR274C,37.0,0.0003438802085373779,0.005749002453458446,0.00018007437881949437,9.541327608352009e-05,1.4396732778854973e+87,0.2772058454276101
YLL002W,26.0,5.448250820414011e-05,0.005235371666731516,0.000167118329994615,7.900274499909304e-05,3.6091769982356775e+85,0.27100004909421177
YGR121C,9.0,0.00015757351693144133,0.004846036020654987,0.00011320674187035077,0.0015448665057678041,3.025159632272622e+86,0.2703232125367287
YMR168C,19.0,5.3967654187670486e-05,0.0050649025742293555,0.00014849177883971882,0.000664860125592075,3.5436877521745334e+85,0.26835196888672824
YKR101W,16.0,0.0001825154583768735,0.005056626342098186,0.00010543864252875935,9.797670457111505e-05,4.058324962232948e+86,0.26936026936026936
YOR025W,23.0,3.8497029566349194e-05,0.00513573140169815,0.0001743321852281724,0.0006596577543153912,1.8018980974945857e+85,0.2677791791986029
YBR133C,13.0,8.872442591002913e-05,0.004925618146613548,9.90881014702061e-05,0.00046607456497686436,9.578826022211117e+85,0.2745995423340961
YBR081C,28.0,9.277996038132216e-05,0.005311780092220527,0.00015945629163651717,0.00026146624048340366,1.0473391819750964e+86,0.27791763165844324
YLR095C,21.0,5.763632565711981e-05,0.0051038155739972155,0.00013392380259985467,7.943327957668403e-05,4.040538418302284e+85,0.2652061112712597
YGL145W,21.0,0.00017528937240655215,0.0051400681915812095,0.0001835858181317981,0.0018123637571582087,3.7433118811438105e+86,0.27232363098174645
YDL139C,12.0,4.7491747408538756e-05,0.004896135655654877,9.350690438952855e-05,1.373328814123999e-05,2.7441349207966736e+85,0.26240730176839705
YLR449W,27.0,0.0035200173596705393,0.007872584603046403,9.473490076316511e-05,0.0003098419482887643,1.508008893876213e+89,0.2800750925972906
YOR266W,11.0,0.0002141118086855816,0.004936959307299769,9.342648822574889e-05,0.0003263622677148583,5.586353986483146e+86,0.2711731184908626
YPR133C,22.0,0.0003375131106018387,0.005409505255612083,0.00011195701680838784,3.446937698101818e-05,1.387099138196429e+87,0.27461320332321776
YHR207C,8.0,3.652944975255385e-05,0.004780361385078125,8.402340602446191e-05,8.006515479727229e-05,1.6237577368034385e+85,0.2571388643033493
YPL001W,25.0,0.00041550136179305936,0.005451670203594435,0.00014567174735291333,0.00017399383072461927,2.1028043671823634e+87,0.2700587084148728
YER051W,10.0,4.830879372327286e-05,0.004841658889001292,8.278765980783701e-05,2.2224072819447933e-05,2.840589486446788e+85,0.26482440990213013
YNL246W,13.0,4.862119974365879e-05,0.004925294474703426,9.524206526514742e-05,5.099588525661782e-06,2.875495656912959e+85,0.262594548308834
YLL022C,12.0,5.8405819358219775e-05,0.004929314379038899,8.189064113248853e-05,4.208484124883042e-06,4.149527120085347e+85,0.26143790849673204
YDL070W,6.0,2.4452687512617636e-05,0.004716037239712093,5.343732011363033e-05,7.809592358613461e-07,7.272569258457982e+84,0.250852079072938
YEL056W,18.0,5.260032669600184e-05,0.0050392015579109875,0.00011622134205337094,4.5822352356976966e-05,3.364926183078155e+85,0.26387494622113866
YMR069W,6.0,0.00017055129077854836,0.004807227892153028,5.46514048329614e-05,8.675727462845608e-05,3.544361337834897e+86,0.25374643743679326
YBR272C,30.0,0.00016025612919602378,0.005349113083913141,0.00015820640975315636,0.00017695028811186243,3.129509835652871e+86,0.2643171806167401
YGL133W,12.0,2.1095987138803062e-05,0.004818121173655338,9.814188599639945e-05,1.5396563254247493e-05,5.413089500302205e+84,0.2513432292140971
YDR310C,18.0,2.618544935408318e-05,0.0049499269639176335,0.00015114512470187534,0.0002796010628395642,8.347654229072364e+84,0.26784414576156046
YMR127C,33.0,6.962693060282626e-05,0.0054107570030398015,0.0001968923586993099,0.00011269165543448496,5.895271428821315e+85,0.28151774785801714
YJR035W,31.0,0.0009246958103350304,0.006061962381037377,0.0001585782410425262,0.00022460474804192486,1.0415572353717533e+88,0.2850356294536817
YDR096W,12.0,2.820444412338519e-05,0.004844496498715667,0.0001125005880293576,0.0001892630938530953,9.682453691185913e+84,0.27196137360201017
YDR191W,14.0,2.1861950350365155e-05,0.004880043410989904,0.00013114107117476648,0.00022311226920681784,5.812845836418726e+84,0.2590576309367374
YBR112C,31.0,0.0004021382093558405,0.005529742749683966,0.0002705790302586637,0.002741905261231571,1.9702247903516564e+87,0.29786315562270665
YFR013W,13.0,2.027400898532805e-05,0.004845725790328679,0.00010302318141140949,2.547086832452564e-05,4.998088094312064e+84,0.2578836720392432
YKL160W,31.0,0.0008178446025300007,0.005966550078570076,0.0001402295578973578,6.462219807238917e-05,8.144769776173132e+87,0.27871749558192377
YDR034C,9.0,2.193838502944137e-05,0.004773113798155648,8.912584412477161e-05,0.0003233666294350405,5.856742350907809e+84,0.2658959537572254
YPR161C,27.0,0.0002135478903466759,0.005360152257991802,0.00014353868577001184,7.93583351424306e-05,5.552291431092965e+86,0.27833803953206937
YPL015C,10.0,9.478173255298391e-06,0.0047636213727398355,0.00010989194017652738,0.00011325645602467898,1.0928210164637108e+84,0.2564340797175509
YMR044W,10.0,2.7881491908347954e-05,0.004803419856467652,8.348648576635872e-05,1.258100035367875e-05,9.456378546967066e+84,0.25399162563843003
YGL043W,67.0,0.0012213119332366025,0.007194269552672543,0.00026438484645450165,9.430791022182913e-05,1.8160042172011286e+88,0.2825408199825971
YDR176W,30.0,0.00014541815527288282,0.005346096873708451,0.00016667905203797493,9.38822331739297e-05,2.574949890368009e+86,0.2709734426390457
YMR020W,16.0,2.2164222901433954e-05,0.004930897966381087,0.00014755386325278455,0.0015875090583753902,5.976385048520969e+84,0.27201498053515993
YOL086W-A,8.0,2.079037136430048e-05,0.0047580350861537194,9.168643123085341e-05,0.0003506828607576802,5.2575044991108776e+84,0.2556028894239674
YCL010C,38.0,0.00018273754849570915,0.005567980745743208,0.00021065267953021988,0.0004869795245904044,4.0653099983534446e+86,0.27747059414898967
YJL047C,25.0,0.00022343762336485444,0.005276321672372236,0.00017507849061804378,0.0005388103730131119,6.081878517575463e+86,0.2755591054313099
YER169W,9.0,3.409641814154041e-05,0.004787230372805559,7.890945666718814e-05,1.3812247014627004e-05,1.4150639376466001e+85,0.26091888825865
YPL036W,4.0,6.234195854246576e-06,0.00461272727138897,6.129887057091871e-05,2.4294558127160656e-06,4.737720805160347e+83,0.23235256976891022
YPL066W,2.0,2.9939136064984114e-06,0.004569828629379799,4.516542013936811e-05,0.0,1.0927269212016662e+83,0.22116270683921632
YBR012C,1.0,3.3851410319504476e-09,0.004546463115569427,5.472617545491313e-05,0.0,1.3846478756627748e+77,0.1768550557477893
YPL034W,3.0,7.316321334610646e-07,0.004586639094521925,9.631347991022527e-05,0.0003685681445730545,6.498577526186835e+81,0.21484451017786946
YBR014C,3.0,9.993097038641431e-08,0.004587560865614545,7.467173240082548e-05,6.124248376188321e-05,1.2172817040129954e+80,0.2088930936613056
YLR364W,2.0,2.781645932137731e-09,0.004566043708243622,6.096901461634861e-05,1.6258503233948618e-06,9.418203423716461e+76,0.18708059377753677
YDR483W,12.0,2.47587766941407e-07,0.004763246514752266,0.00023107036931343722,0.0008008481349859223,7.479492631720846e+80,0.21311095668288163
YER001W,11.0,3.568764366815938e-07,0.004746217012228935,0.0001824674518796811,0.0002618999381647515,1.5540244160678782e+81,0.2090750700704492
YKL201C,6.0,1.2098116989018313e-07,0.004646712454459874,0.00010916689362828647,0.0,1.7856179852603358e+80,0.20550240125088418
YPL053C,9.0,2.4091141673745855e-07,0.004706116110605097,0.0001565412964467345,0.0002040532323779934,7.081192780926438e+80,0.20861678004535147
YJL139C,4.0,4.586707601337403e-06,0.004613735457990413,6.382425749402445e-05,4.0614001303053254e-05,2.564496065465122e+83,0.22801437481928208
YBR017C,30.0,9.69660951248066e-05,0.005251850761218006,0.00020211997292949175,0.0006929504418164313,1.143583667437005e+86,0.26854779858915107
YJR132W,14.0,3.3843453007264046e-05,0.004857197989183581,0.00011046525176667036,9.782253719123362e-05,1.3924916707494389e+85,0.25725870345341845
YGL238W,13.0,3.285871855948768e-05,0.004840607696084246,0.00010281369359210155,0.00017134729686846966,1.3125189136277956e+85,0.2614626752557787
YGL016W,21.0,0.0005064419147957057,0.0053619335990847325,0.0001347107243725692,0.00013131490512768683,3.1250263381236676e+87,0.2717605356439543
YDR161W,17.0,0.001995381804617352,0.006402099880851716,8.325024333926291e-05,0.00012892325276653687,4.849587413266723e+88,0.2786471479050984
YDL063C,56.0,0.006852348840058998,0.010987975836790016,0.00015955756772694283,0.00029817882927033487,5.715008137817421e+89,0.2709867452135493
YKL205W,32.0,0.0002608127643332307,0.00540456068979014,0.00023800057064749387,0.001557292033290094,8.27836487046758e+86,0.2789005658852061
YOR160W,19.0,3.939511446999679e-05,0.004963421182944862,0.00013977509982438527,0.0001881407665494497,1.886958067041904e+85,0.2590819487468319
YDR335W,30.0,0.00034231819277989777,0.005433811974339819,0.0002243330283912969,0.0026767897094344428,1.42655839830533e+87,0.2785206115343862
YDR062W,36.0,2.576330706786774e-05,0.005307222146046937,0.00037647603614347796,0.003939598401002954,8.086268443938975e+84,0.2794370760352334
YGR218W,47.0,0.0013880537011404265,0.006617951737145434,0.00028175838154585704,0.002812360316827893,2.345596281227567e+88,0.299511665762344
YDR002W,25.0,6.845895424609212e-05,0.005130222570937538,0.0001935895232388916,0.0006978533365643384,5.7059207721789325e+85,0.2752019144481005
YOR185C,23.0,0.0005290595018407067,0.0054278359506949436,0.0001468103908190972,0.0002195288283131509,3.4097212547055243e+87,0.27938050409960524
YGL122C,31.0,0.00032981769958756116,0.0054670050092250275,0.00018170143664120498,0.0003633600107746297,1.3244040275255299e+87,0.27009835102999463
YBR018C,11.0,1.2162429794981653e-06,0.004758403950665382,0.00011859822503468016,4.831014609857422e-05,1.8011796547134174e+82,0.23951056536642512
YEL058W,12.0,3.3330827605604788e-06,0.004780877824759599,0.00012767945355130966,0.00011597030374626179,1.3539541884086526e+83,0.23469387755102042
YLR081W,13.0,5.6207338567600895e-06,0.004813747663432378,0.0001322873363312991,0.0001070322382897381,3.848021060011178e+83,0.263208086973107
YHL012W,19.0,2.0906817948232825e-06,0.004930954133361009,0.00018538603962485418,7.443082028042768e-05,5.328372252209437e+82,0.2378490175801448
YBR020W,21.0,8.848973006521404e-05,0.00506556325023548,0.00018661657351785985,0.0006880650654244706,9.540085098692042e+85,0.28525657588755104
YBR019C,29.0,3.191792348968165e-05,0.0051953186108074775,0.0002469915606731128,0.00100412201639861,1.2411383701510782e+85,0.2720551996057171
YDR009W,7.0,1.0785459465887543e-06,0.004674800456220348,8.429778240793705e-05,9.945366736942867e-06,1.4162958718745047e+82,0.23862015302814163
YPL248C,23.0,4.395072517866711e-05,0.005085725349904735,0.0001847674250746568,0.0007542188064668892,2.3511725672091122e+85,0.2794370760352334
YML051W,8.0,3.518854400216931e-06,0.004699198695897999,9.26111700545694e-05,2.054300461043776e-05,1.5079740888798754e+83,0.2533969886154976
YER014W,9.0,2.1424295124729933e-06,0.004708641783822903,0.00012519102722122387,0.000175251811779954,5.59546892378217e+82,0.22889368054403716
YDR516C,42.0,4.420635935114033e-05,0.005491630112161266,0.00032434188116080883,0.0007169635708075085,2.3815759826796986e+85,0.26905829596412556
YDL103C,10.0,1.202295975822016e-06,0.004735478028677752,0.0001149241564311804,0.00012479033121070847,1.7610107219901474e+82,0.23416620710134475
YER003C,21.0,1.3752066151313224e-05,0.00499525333073263,0.00017739342955158115,6.602291100103097e-05,2.3047535449168662e+84,0.2512860199389994
YIL162W,28.0,9.812873432065084e-05,0.0052006331803272935,0.00029374446304729893,0.0023293111268001578,1.1733973899859711e+86,0.27568296459072067
YLR446W,37.0,4.120571938499483e-05,0.0053771378913435456,0.00028719521645959153,0.0005979102251894815,2.0692020761792383e+85,0.26836501531430795
YHR053C,6.0,4.2237224877754805e-06,0.004660487113480346,9.170951736400216e-05,0.00019914552217489942,2.173714104193952e+83,0.25468303035895545
YEL063C,27.0,0.0003536240823837229,0.005393218544462974,0.00023209287374355213,0.002009836088052394,1.5236952339246482e+87,0.29207894597597756
YHR055C,6.0,4.2237224877754805e-06,0.004660487113480346,9.170951736400216e-05,0.00019914552217489942,2.173714104193952e+83,0.25468303035895545
YBR021W,12.0,9.449541401809066e-06,0.004783283828542416,0.00015488448732388436,0.00046632007942706437,1.088223965074654e+84,0.25207781532560053
YML052W,8.0,3.428803861997848e-06,0.004693645072957942,0.00015281979445756283,0.0014480482415319047,1.4327768855523367e+83,0.245584375139031
YGR055W,10.0,6.769903239132886e-06,0.004732946255239748,0.0001875302007218419,0.0010716786890990248,5.586308637938522e+83,0.24176594253679046
YJR102C,22.0,1.5995495595256858e-05,0.004993779529556587,0.0002142277437947921,7.3526414355581e-05,3.118332782140521e+84,0.24070117298216545
YPL002C,19.0,7.679254534108298e-05,0.004978384434820001,0.00018275565334995963,0.00023124025649767094,7.181086847207198e+85,0.24925494445949606
YOR275C,19.0,7.920304680086038e-06,0.004916854945077175,0.00023596636278230238,0.00039837343736870466,7.64545825628611e+83,0.23242105263157894
YBR022W,1.0,1.2364914272852739e-08,0.0045463836471995,7.150745208104649e-05,0.0,1.8663226504527144e+78,0.16639035418236625
YMR087W,2.0,2.680038872757936e-06,0.0045675101405136835,0.00010169003209415951,0.00036231884057971015,8.759225104127618e+82,0.19959502458779288
YLR307W,7.0,1.6625947702328759e-06,0.0046705196701937405,0.00011699110010205178,0.00014365283728824007,3.366626197190661e+82,0.22784496635984644
YOL003C,4.0,1.6930289781959118e-08,0.0046068124988292,9.055449791431185e-05,0.00010337902716388307,3.486408230988129e+78,0.20873511060692002
YLR308W,9.0,1.6705682010360596e-06,0.0047089863675211395,0.00016380286294009062,0.0005534606733878693,3.398981761387616e+82,0.22818403538506055
YKL104C,22.0,0.0001697822287135036,0.0051278145663136996,0.00019457666629736045,0.001175640877281023,3.512132944253681e+86,0.26462128475551294
YER096W,1.0,5.417201764969761e-09,0.0045483970854417475,3.839586795301521e-05,0.0,3.5659623686048946e+77,0.19686162624821682
YKR027W,7.0,1.1343296789061277e-07,0.004669571249312355,0.00010889270848908646,3.307732172992843e-05,1.566798364816325e+80,0.22834450235790518
YDL117W,13.0,1.4485799397311325e-06,0.004808862574371638,0.0001422374190900112,7.439217549762305e-05,2.5547816829802223e+82,0.2421158822755384
YPR159W,11.0,1.3520124831797764e-06,0.004750871454258569,0.00016615938881028915,0.00018780394227091793,2.229217012798584e+82,0.22508563040287066
YMR237W,7.0,1.1343296789061277e-07,0.004669571249312355,0.00010889270848908646,3.307732172992843e-05,1.566798364816325e+80,0.22834450235790518
YOR299W,7.0,1.1273945400206963e-07,0.004669900496397207,0.00010750612370360243,4.10299723713075e-05,1.547636277305651e+80,0.22837284349013282
YER058W,10.0,3.57039345273498e-06,0.004737429605205,0.0001068312525808319,4.7174939550601626e-06,1.552882553272255e+83,0.2307017177247461
YNL259C,14.0,1.6486946554979397e-06,0.00481352817363413,0.00017515247231446408,0.0002456587906921789,3.313781773396373e+82,0.2338586680223691
YDR079W,7.0,1.5264043409577502e-05,0.004689682958346576,8.12464930843839e-05,2.1700571843121543e-05,2.839729235355084e+84,0.24125874125874125
YBR025C,3.0,0.00017566854268740361,0.0047155624386129285,4.3523178953205786e-05,9.793773584406226e-07,3.760466958139128e+86,0.23167967766305717
YER007C-A,8.0,0.000595433627188389,0.005132300204184556,9.0500115504767e-05,0.0003756883243348831,4.319294937716963e+87,0.2596791645105142
YBR026C,8.0,3.625287015798789e-05,0.004715554149154379,9.285927117445937e-05,2.7504261011688194e-05,1.601941016960903e+85,0.23249936820823858
YPL231W,17.0,1.377615970900624e-05,0.004879979114472292,0.00017747824105892473,0.00010697085900183746,2.3136088789883025e+84,0.23317703713090862
YKL182W,20.0,1.61447254744633e-05,0.004958363905850891,0.0001896739145680472,0.00020822422657869042,3.177449400364392e+84,0.24174476657615837
YKL055C,7.0,1.2716943940887316e-05,0.004676883639669534,8.828524362665066e-05,1.2644438517876865e-05,1.971507194863606e+84,0.223129471684385
YLR281C,33.0,0.007660654702843787,0.010990773827364823,0.00012298724194652623,0.001110573541969831,7.151162044411211e+89,0.27413587604290823
YHR067W,10.0,1.4118090266944717e-05,0.004739953986362312,0.00011252942285284052,4.376795926808828e-05,2.429905783756665e+84,0.22996167305449092
YER061C,16.0,6.057709639318276e-05,0.00490383768731884,0.00016422581521255913,0.0005460299329882948,4.473124367888597e+85,0.25601780993460416
YKL126W,20.0,1.5289148107574665e-05,0.004951234501402758,0.00027650987596077747,0.002632243497573465,2.8474156427411816e+84,0.25819729641236727
YJR066W,71.0,0.0011938484109648246,0.006988395431121096,0.0005000346327534477,0.010619674930555422,1.736477143994833e+88,0.31485284052019163
YPR113W,37.0,2.3119891411165877e-06,0.005290431250288259,0.0004036304843775174,0.0030158494968486335,6.507162783486017e+82,0.2619465666967209
YCL004W,15.0,4.2492702968998563e-07,0.0048352462324962805,0.00018172388072686696,9.531951400900364e-05,2.1956988175240703e+81,0.2366762423358916
YGR046W,12.0,3.6895222515559244e-07,0.004773363693781713,0.00015182816919664098,0.0002064063270884346,1.6572468623503413e+81,0.23826995295031725
YGR157W,22.0,5.394407744880503e-07,0.004989024055068304,0.0002291512752851871,0.00018069364690676706,3.533056571766733e+81,0.24913120007221196
YER026C,39.0,3.556607419553532e-05,0.005390733331288025,0.00038183992169879907,0.004866585637866301,1.5388062820069705e+85,0.2830624070560484
YKR031C,24.0,4.6364368274765095e-06,0.0050561282825456865,0.00025176473169200464,0.0021601173135045357,2.617208651863861e+83,0.27328085548789544
YGR170W,21.0,4.6227988768480697e-07,0.00496376648696833,0.00024544761366847463,0.00045440230839835835,2.596029921740588e+81,0.24462663416795924
YHL020C,19.0,3.278483029157892e-06,0.004926227795947057,0.00021662943573845481,0.001567442026901456,1.308508356235758e+83,0.26407692675692485
YJR073C,24.0,8.126996355907736e-07,0.005030549869709798,0.00024895238890252605,0.00041571936453461224,8.030966145203615e+81,0.2535133645632406
YNL169C,29.0,1.9277301471846997e-05,0.00514376411394208,0.00030844643791835835,0.0014485586074668487,4.53059397649364e+84,0.26029141321261845
YBR030W,7.0,7.72971157944543e-06,0.004670170331002879,0.00011049981618414313,4.634444019171234e-07,7.270284581431586e+83,0.2118920578864535
YLR137W,10.0,1.0676822389685782e-05,0.0047313638598917174,0.00016942340173452158,0.00013102794117992044,1.3874161581417345e+84,0.21846677484465904
YDR257C,5.0,5.9046050962557845e-06,0.004629824594831601,8.710786246658508e-05,0.0,4.240698746335171e+83,0.20983008324780478
YDR198C,7.0,7.72971157944543e-06,0.004670170331002879,0.00011049981618414313,4.634444019171234e-07,7.270284581431586e+83,0.2118920578864535
YIL110W,12.0,0.00036584663526675166,0.005042368931988689,0.00014980659531431645,0.0004736695134457614,1.6307169166561585e+87,0.255024255024255
YBR261C,8.0,3.137775297073701e-05,0.0047096628903384565,0.00010531845081919797,1.7683400228652594e-05,1.1986924047789809e+85,0.2254994076555415
YDR465C,16.0,0.0008975336629422629,0.00555034290192137,0.00014557758835678046,0.0007146791491847812,9.80355780417537e+87,0.25442477876106195
YBR032W,3.0,8.72952630438735e-09,0.004584971874915674,0.00010258600705711731,0.000197307306395398,9.29632766515799e+77,0.18165065157298935
YDL242W,4.0,1.7819282690988351e-09,0.0046042841836421,0.0001368245757431809,0.00024787923753522023,3.862642829647141e+76,0.1840674914135183
YCR041W,6.0,1.8898974139162253e-06,0.004647539459658804,0.00010991666978281425,0.0004975381701036517,4.354483433346658e+82,0.21601314862643814
YHR089C,45.0,0.005321851248408313,0.009580869133396572,0.0001467980031123108,0.0008871614024215943,3.4474246938873587e+89,0.28225187912256483
YNL112W,42.0,0.005564797886348182,0.009749312829823727,0.0001125721820850369,0.00011451913224689739,3.768661829371456e+89,0.2763454317897372
YDR432W,30.0,0.000591528541287851,0.0056814569639367304,0.00015664023880133403,0.0002477270492882219,4.2590699692490624e+87,0.26850860978694424
YHL034C,9.0,0.0002676917860140623,0.0049341628971669325,6.448236498593919e-05,7.717047490096454e-06,8.717311182240085e+86,0.25180184289754587
YOR021C,9.0,3.242581699021383e-05,0.0047308442220870585,9.502775373761927e-05,4.6852317954961125e-05,1.278541350196591e+85,0.23162134944612287
YBR035C,15.0,3.842576133422175e-07,0.004830255661765861,0.0001789404423189529,0.00017080539811667448,1.7987471047769307e+81,0.2134323164366083
YEL029C,15.0,2.7406132448358274e-06,0.0048404576419174465,0.00017058095524151776,0.0005899542673101046,9.138645112175643e+82,0.23324600692977268
YNL200C,6.0,4.312740549814471e-05,0.004689475497572179,9.531315266062714e-05,0.0007674211562851964,2.2673988734426825e+85,0.24955920249559202
YNR027W,15.0,2.7406132448358274e-06,0.0048404576419174465,0.00017058095524151776,0.0005899542673101046,9.138645112175643e+82,0.23324600692977268
YNL332W,11.0,1.1304714665095413e-07,0.004750743954173956,0.00013547425194200248,3.59642265382177e-05,1.5528638045120306e+80,0.20778438605736657
YJR156C,14.0,1.3941636641608867e-07,0.0048098082214172245,0.0001816426755425795,0.0004568190700944503,2.3627638264984828e+80,0.2091463645663623
YMR096W,22.0,6.4742472387975885e-06,0.005009762519701228,0.00022011571369386524,0.0008507313200852019,5.105509635304615e+83,0.24161778867197758
YFL058W,15.0,1.6925071770583413e-07,0.004830958052579205,0.000176845070123955,0.00011328269648332315,3.483550599876162e+80,0.21074332837017523
YDL244W,10.0,8.772488609805724e-08,0.004730039127314217,0.00012698878364463974,2.8661281847834638e-05,9.344139386037598e+79,0.20777656491135618
YNL333W,21.0,5.484139971029477e-06,0.004984308686666311,0.0002045622748049146,0.0002667423600204493,3.665758542548961e+83,0.22997125359330084
YFL059W,21.0,5.484023324972614e-06,0.004984223027437937,0.00020487618820737177,0.0002819154535859277,3.665603041979943e+83,0.22997125359330084
YNL334C,23.0,5.485345432635376e-06,0.005023273685257867,0.00023114334274773797,0.00043760037101618653,3.667363692495831e+83,0.23022062810193103
YFL060C,21.0,5.484295842533266e-06,0.004983805788742638,0.00020931496715424265,0.0002842850608626575,3.6659704643637074e+83,0.23008628235588346
YPR127W,4.0,2.7991917094048318e-08,0.004607757218866308,6.792212609788745e-05,0.0,9.494824865599303e+78,0.19158018949779612
YGR017W,15.0,1.861558196436311e-07,0.004829668173539685,0.00019702329531137315,0.00038538532906498785,4.21613452869545e+80,0.20377274908634502
YMR095C,21.0,5.484417341961657e-06,0.004984050147200475,0.00020985613092973262,0.00032697750503380926,3.666132371544191e+83,0.23020142624796697
YBR036C,9.0,2.6667742694478625e-07,0.004709394284429731,0.00013866207642868414,0.00011986965519779397,8.662958237629408e+80,0.22361758152724326
YMR296C,37.0,2.530411866883402e-05,0.005325383791040328,0.00039379230191772445,0.003968423041764699,7.80110520909163e+84,0.2785768357305072
YBR265W,12.0,2.559671992339605e-07,0.004770587781281249,0.00015915062676794112,1.4343770565544854e-05,7.980119764723957e+80,0.2217223650385604
YKL004W,12.0,2.475861263670743e-07,0.004768895475161727,0.00018372819601635202,0.00046835632345571427,7.465907876138727e+80,0.22374447732155162
YBR161W,3.0,2.6537284102920266e-08,0.004586763438290513,6.726767660428495e-05,0.0,8.585248766003071e+78,0.19758035650368674
YBR058C-A,9.0,2.862972713922124e-07,0.004712787878686098,0.00012647030579553486,4.11811011453377e-05,9.982074562449369e+80,0.23315733896515312
YMR272C,11.0,4.0082393369727915e-07,0.004756417704385312,0.000142171544361759,0.00020735920850974067,1.9572084760633096e+81,0.23284262032311132
YPL057C,7.0,3.827708939990817e-08,0.004666400521035406,0.00011845579241847896,0.00014382543940975062,1.7853819219772523e+79,0.20869565217391303
YJR104C,34.0,0.00011901716007834757,0.0053291131854997795,0.0003298454205931743,0.0035809041599645544,1.7271755008527275e+86,0.2727677027227356
YLR306W,13.0,0.00020321368939617976,0.0049462116087494,0.00012072485481883966,0.0001272124140688279,5.032225200062204e+86,0.25441305249573676
YGL064C,12.0,0.0006198702703005055,0.005275213328252315,7.485961370803514e-05,0.00014646885245022355,4.682232694096826e+87,0.2705749718151071
YBR040W,6.0,4.929888972918025e-08,0.004646063211679679,0.0001200520553585569,0.00035612522152217067,2.945128808566849e+79,0.2144188937228092
YIL037C,2.0,3.4157508853359357e-10,0.004565770031643656,6.56151898625438e-05,2.1161234961273016e-07,1.3956464730599794e+75,0.17657784459870127
YCL055W,9.0,5.303210497364625e-06,0.004728202485635179,0.00010495871887848833,0.00043070946570752006,3.41858499171449e+83,0.2486038551612322
YCR089W,7.0,1.1263067448643263e-07,0.004668002810920667,0.00011288827929319153,7.075992437969725e-05,1.5436955965242976e+80,0.21656400800345246
YML047C,3.0,8.34104798889822e-09,0.00458653554042498,7.50434889571075e-05,1.9026964123770817e-05,8.466813515893976e+77,0.19367061960564172
YBR041W,16.0,9.364171071627993e-07,0.004856504121943422,0.00018776105329831294,0.0008090299121197495,1.0665913616045366e+82,0.24236037934668073
YMR313C,23.0,1.213914767025555e-06,0.00500717281251898,0.00024400849024180485,0.0002523491754664458,1.7932438459714532e+82,0.24432346301951932
YIL009W,10.0,7.839563627466118e-07,0.004734521585569222,0.00011603017621171429,1.1446058343239787e-05,7.475679166339336e+81,0.2267685481883165
YHR072W,26.0,6.156247858269652e-06,0.005075398785064187,0.00025656076563919915,0.0002465205099570179,4.6185522190997204e+83,0.24845838772111445
YPL147W,9.0,8.765371279379106e-06,0.00472043236372902,9.647608553563507e-05,1.9692828176069356e-05,9.368734264974837e+83,0.23154362416107382
YKL140W,11.0,6.178768153355155e-07,0.00475635171300966,0.00015356307879198022,0.0003982879910965922,4.640334905020051e+81,0.22808032394017022
YBR177C,4.0,5.605486376541347e-09,0.004605486504311345,9.713659228827393e-05,0.00013193457349059732,3.8096006650552074e+77,0.19918449824991882
YOR317W,20.0,1.963589164380819e-06,0.004949375040712615,0.00020082429655138203,0.00021082995602250327,4.696881537917443e+82,0.2412903789832583
YKL094W,28.0,0.00012028828624355186,0.005208143145828519,0.0003000916617432904,0.003696981246669453,1.7610640408659982e+86,0.2686785105865174
YER015W,17.0,1.2243761805861533e-05,0.00489016330545816,0.00016301377438076884,0.000212683210545566,1.8267664843443124e+84,0.2435258305024926
YMR246W,16.0,1.3404253966726633e-06,0.004862990662611442,0.0001678564185570405,6.568853114582484e-05,2.1879721736901607e+82,0.2331868874619804
YLL012W,6.0,2.98877769232332e-08,0.004654745394942153,8.357397254968386e-05,8.196977048212303e-07,1.0823140058943473e+79,0.21105758201422345
YPR140W,8.0,4.449093109673606e-07,0.004690681127600812,0.00011267520831480514,0.0001519747971158892,2.3990293189714487e+81,0.23067279565399082
YBR044C,9.0,1.8803933037714872e-05,0.0047492455512558,8.231104697125473e-05,9.304903929592187e-05,4.307661673769531e+84,0.2603036876355748
YOL071W,11.0,7.775622901336662e-06,0.0047684956573411,0.00010709571534694103,1.8152208717516447e-05,7.355033409253118e+83,0.23363101536377873
YJL008C,28.0,0.00030228391292403686,0.005373812483038389,0.00021301156490304902,0.0010511201931407978,1.1118326467009036e+87,0.28555170451606227
YBR045C,11.0,1.033968268331668e-05,0.004757392497501876,0.0001591501088423754,0.0004827376527027452,1.3026984370520569e+84,0.24149094408959665
YDR403W,6.0,8.571784622786916e-08,0.0046443875237921145,0.0001686009163926941,0.0007280843468969419,8.950113131144234e+79,0.21390374331550802
YHR139C,4.0,4.939457534107637e-07,0.00460619182685999,8.642418374043774e-05,7.241327910715594e-05,2.9726920860188587e+81,0.21528861154446177
YBR148W,5.0,3.2296155802673135e-05,0.00464957279024626,9.363389262058026e-05,0.0003799020134205311,1.2702854371600096e+85,0.223862438153946
YDR130C,15.0,1.0926189456408957e-05,0.0048779730204919795,0.00014324791293247877,0.00026189789114463885,1.4533050965920892e+84,0.26405166228175075
YBR050C,9.0,1.0182797123556366e-05,0.004719337363080719,0.00011615605947665005,9.152334491976496e-05,1.2634812213467583e+84,0.24073266463148713
YER054C,15.0,9.450721288691741e-05,0.00490826162921784,0.00015745292680418706,0.0002123836811059368,1.0884187423319063e+86,0.25180184289754587
YOR178C,15.0,9.356418812646365e-05,0.004903490659454997,0.00016133496483226038,0.00010451197480614591,1.0667990325059624e+86,0.25012460918029816
YLR273C,12.0,9.301811953635619e-05,0.0048443467856465776,0.00013242722838951732,8.230505509228301e-05,1.0543819084979675e+86,0.24861505201999728
YJR014W,36.0,0.007849679632121674,0.011127692389839617,0.00011250886132269366,0.0001290983577345839,7.507240683242622e+89,0.2834112029573343
YBR049C,12.0,1.1286232862258352e-05,0.004795198889744284,0.00011637736889762415,0.0009310056660741838,1.5508416708027364e+84,0.26664090426045794
YKL112W,22.0,9.439500562353833e-05,0.005101517821340339,0.00015483864782983434,0.0008782659480926278,1.0838959683416328e+86,0.2616609783845279
YDR110W,16.0,4.114620314579576e-06,0.004895266203358069,0.0001535252572640749,0.0004519309968320863,2.0482286602711768e+83,0.2552365099181579
YJR060W,19.0,1.1858644010687566e-05,0.004939418112167067,0.0001907991785344671,0.0016193670544974548,1.7117847571299e+84,0.26850860978694424
YLR176C,13.0,5.2992020336179665e-06,0.004822217404682286,0.00010843869705960078,4.481811140628007e-05,3.407682137984546e+83,0.25490648810898175
YDR028C,12.0,1.1126846388917442e-05,0.004791551289802575,0.0001374429448500767,0.00014220902896555675,1.5085035494808182e+84,0.26132651611986935
YBR298C,9.0,1.7344588730149782e-06,0.0047052132441887315,0.0001505091932669489,0.0002345051353368711,3.667077359795031e+82,0.2190736992499107
YBR052C,5.0,5.410558444439724e-07,0.0046280422450214655,0.00014022776530737835,0.0008984541547815287,3.548694870063398e+81,0.21155099068715746
YDR032C,2.0,2.5269503276238623e-09,0.004565602225998988,8.96933688605374e-05,0.0,7.631472403460973e+76,0.17462275790073076
YLR376C,27.0,6.260958758516146e-05,0.005230233367634361,0.00018053762908111945,0.00090484677953699,4.770176694059247e+85,0.26471011365271185
YCR004C,2.0,2.5269503276238623e-09,0.004565602225998988,8.96933688605374e-05,0.0,7.631472403460973e+76,0.17462275790073076
YDR078C,25.0,5.271687290330874e-05,0.005179974096489133,0.0001698204997601064,0.0006515822542073293,3.3807891645643446e+85,0.26183474053695094
YGR008C,10.0,3.617300072005333e-05,0.004759750377923363,0.00014924141247029535,0.0005742349903710745,1.595467873812012e+85,0.2388473021504911
YDR248C,8.0,7.053824993999436e-07,0.004691988201460804,0.00010861611397474681,0.00020282884140693464,6.0642412099978906e+81,0.2209679356310796
YBR054W,4.0,7.799977759516699e-09,0.004604741913936156,0.0001455694291781441,3.907399386948927e-06,7.382939381249778e+77,0.18876312279861848
YGR138C,8.0,7.926805818570292e-09,0.004680865655222992,0.0002867527181292823,0.0005540606530527697,7.62519274391176e+77,0.18979507633062853
YNL160W,3.0,1.344730681636673e-08,0.0045852230589647925,0.00010799597074252597,2.1153248616105935e-05,2.1985289931246285e+78,0.19269033406639438
YPR008W,10.0,1.658756891517402e-06,0.004725062833972342,0.0002933578301413292,0.0034739388916974474,3.346613322218466e+82,0.23195226489620976
YPR156C,5.0,7.74059091346349e-09,0.0046238687730809185,0.00018522772748044122,0.00027706250325497693,7.271013720092973e+77,0.18887292137138165
YMR235C,25.0,0.0001813033139920874,0.0052242725278091075,0.00015489390456868067,0.0005502145570003328,4.002951887385542e+86,0.27784768711934366
YMR302C,3.0,3.96795586106182e-06,0.004595425339163839,5.177942517033768e-05,3.5937888128710215e-05,1.9125700434506166e+83,0.22154438914753571
YFR005C,21.0,0.00016282761204297833,0.005209973556231273,9.300407421325728e-05,5.051206576912173e-05,3.224546591649107e+86,0.24812334247314244
YNL196C,2.0,6.146893989050275e-07,0.004568606256089126,4.256436496875675e-05,0.0,4.601367411476484e+81,0.20730837120216322
YGL192W,9.0,6.230053343072635e-06,0.004722575190172514,0.0001047848446833438,0.00024113616545394352,4.719005673716442e+83,0.24316109422492402
YGL036W,3.0,0.00029210552461965763,0.004807783457446389,3.6434048318689474e-05,1.1814778765516e-05,1.0394896703249522e+87,0.24452910427925934
YLR073C,25.0,0.0014633019709014647,0.006185211532615731,0.00013169578058868059,0.00017912953993665155,2.6090688329457588e+88,0.26957073790105973
YER151C,22.0,0.0004471953277665204,0.00537645509811011,0.00014656635353223159,0.00109048964453866,2.436307884143182e+87,0.29164685370106197
YHL013C,8.0,2.5457161409383066e-05,0.004707518035085524,8.638555881263143e-05,2.9135570073792586e-05,7.898205642813119e+84,0.23957293520246517
YMR304W,17.0,0.0016743744086691287,0.006140780660387206,0.00013043115731769885,0.0009704993345139389,3.416203852899556e+88,0.2755728620638011
YOR124C,23.0,0.000985784644026188,0.005774633834707666,0.00018453151952734702,0.0007997422065026522,1.1840766104767601e+88,0.2864407659177002
YKL210W,37.0,0.0013113759920767066,0.006325891393264101,0.0002887763137295948,0.0024338404361503386,2.095537433166494e+88,0.28658948133534085
YJR099W,12.0,0.001225224722454648,0.005717129280278445,7.875910634586172e-05,8.469737826643993e-06,1.8292462273948747e+88,0.2632708541994563
YGR038W,14.0,5.872653715618196e-07,0.0048143394606787755,0.0001880964265365427,0.00047802426158060577,4.2012921263678116e+81,0.24048096192384769
YKL008C,21.0,4.037812267156936e-07,0.0049489130723341926,0.0002590196533755336,0.0003657339747751512,1.984328001049032e+81,0.23655453181915578
YLR350W,15.0,5.601886905043539e-07,0.00483394535476805,0.00019411131735467787,0.0002723139594403389,3.822549541686506e+81,0.24053335657327116
YMR298W,5.0,1.2468960655952258e-07,0.004629889477094265,8.067954567227228e-05,2.2508353412660276e-08,1.8934304769831368e+80,0.22029772119567387
YER144C,3.0,0.00019342562324331167,0.004739627370082874,5.481409248633252e-05,3.0488191360195705e-05,4.559100539137605e+86,0.25106886200309286
YGL050W,8.0,0.0001273969913211082,0.004785163092604534,9.609358437891145e-05,6.940841363296098e-05,1.9780943055532853e+86,0.23368046736093473
YPL030W,8.0,5.3014358544312286e-05,0.0047328536783977524,6.971914345483719e-05,3.942961299653377e-06,3.4177635572349604e+85,0.22771337816096696
YMR259C,9.0,6.285845954691246e-05,0.0047633805391389394,6.95466652536638e-05,3.724643728791547e-07,4.803476912872823e+85,0.229693741677763
YOR274W,10.0,5.681618479171946e-05,0.004776259440172322,9.651953481701353e-05,0.00017161674881742254,3.9315125688230104e+85,0.24567181449997774
YOL125W,4.0,2.367831989797167e-05,0.004627236943506793,4.8358800361131625e-05,7.199216673430659e-07,6.818380676877948e+84,0.2226704316256555
YPL183C,14.0,0.0006274581145302597,0.005301652739181833,8.99732854239054e-05,4.3890317346119965e-05,4.791857788798688e+87,0.24946897455597233
YBR062C,3.0,0.0005066191426643185,0.0049706395741692284,4.125164199839027e-05,1.8171302810212668e-05,3.127361096692382e+87,0.2576188920520838
YNR032C-A,23.0,6.893817861483902e-05,0.005177174965373647,0.0001247709374054289,0.0003634641195607067,5.76395678230328e+85,0.23490361291969872
YBR066C,2.0,1.6014940798276202e-07,0.0045717945859882385,4.7639642696416576e-05,0.0,3.1175906610036795e+80,0.2275913251422446
YDR043C,13.0,2.7806352900175785e-06,0.004800833891021534,0.0001646911536711044,0.0002951838637406743,9.407626817017307e+82,0.2532923415775708
YDR477W,64.0,3.1884263035648155e-05,0.005883383333931042,0.000723228316612098,0.008842465607362062,1.2379394330569848e+85,0.2934609250398724
YBR068C,8.0,4.028307588929113e-06,0.004699364714211688,9.973451094227967e-05,0.00018766070269912982,1.9776332257071804e+83,0.23614973262032085
YFR029W,11.0,3.0356879645135446e-07,0.004748200191727641,0.0001559960599484717,0.00012188189092575447,1.1222194535221587e+81,0.22146439317953862
YLR355C,15.0,1.040961633484259e-05,0.004862602014830969,0.00013399262676066384,0.00012278541531002038,1.3207151695670297e+84,0.2497850581474275
YLR451W,14.0,4.777604782641255e-05,0.004861076275363456,0.0001345986104132276,0.0003375217635532719,2.7793578112931826e+85,0.26436781609195403
YKR093W,8.0,5.6869095292182294e-06,0.004688365383510314,0.00017223378346568766,0.0005417446183464027,3.94182292383538e+83,0.22624805311910812
YCL025C,6.0,1.1569879954804018e-07,0.004645061391520252,0.00013511146485340275,0.00013099701331360504,1.631890162645399e+80,0.2134735865109444
YMR037C,35.0,1.677996278360524e-05,0.00528668608008634,0.0003327855294190914,0.0030373555631926646,3.428330586877147e+84,0.28212204845139527
YDR533C,15.0,9.624046654109322e-05,0.004917353029642692,0.00013409408230454474,0.00020798216651575943,1.1286207557147275e+86,0.25730667039574884
YOL052C-A,9.0,2.2560624210264057e-06,0.0047171803715670025,0.00013626903326370904,0.0022114238267902887,6.205932466773797e+82,0.2345542619189258
YLR327C,4.0,9.257644693505024e-07,0.004610125124999031,7.731506740746931e-05,5.1133962565420335e-05,1.044469500441927e+82,0.22587773140191506
YCR021C,10.0,1.6675904168808857e-05,0.004756311999430533,9.893907364056411e-05,3.30330194922372e-05,3.3890187829391e+84,0.25994819872851427
YER179W,25.0,9.416758512055163e-06,0.005099201601932446,0.00019232423272154522,7.771058706342393e-05,1.0767987972728424e+84,0.2536415016312089
YHR079C-A,11.0,2.646204774758838e-06,0.004775312799827171,0.00011077008020423079,0.00017878718061081363,8.487625264767003e+82,0.24323609764695514
YGL183C,14.0,2.9107063580088124e-06,0.0048383907308758144,0.00011549741856874311,2.4955480803297957e-05,1.02649319017331e+83,0.24619776102760804
YOR191W,13.0,7.691264345746108e-06,0.004843937275784305,0.00010182599282517618,0.00013556730526334256,7.186057114182597e+83,0.25742666604486314
YBR074W,1.0,8.134088615832949e-09,0.00454654260524842,5.149083106969804e-05,0.0,8.074826001354241e+77,0.17607655502392344
YBR286W,4.0,1.7630086654757067e-06,0.0046057731814149955,0.00011356954655938656,0.00038769558236466725,3.789763715632936e+82,0.21369672099415432
YBR077C,20.0,0.0001749834365974906,0.005075531812365206,0.0001645938634353643,0.00018088650024022173,3.7267819724496075e+86,0.2630951813545589
YHR186C,34.0,0.00032095770943150803,0.005489067032371761,0.00030185126451809363,0.0016773324530157372,1.2551464458339025e+87,0.2807731434384537
YDR211W,19.0,0.0007038947439268975,0.005448747607794873,0.00013253382747471443,0.0002145820402445194,6.035365706241077e+87,0.268639283628577
YPL180W,25.0,0.00018903774668460518,0.005236092684011673,0.0001910322095005007,0.0005586304252563221,4.3517349166504365e+86,0.2691763787974838
YKR026C,21.0,0.0007603580181638073,0.005532100912377984,0.0001455985322674069,0.00031687951126014826,7.042726958597511e+87,0.275133330010467
YCR075W-A,7.0,0.00014172538890634153,0.004784011939809266,7.326836852795089e-05,5.621646643860227e-06,2.4443174873316143e+86,0.2440318302387268
YOR260W,20.0,0.0007042857859012717,0.005468873297735016,0.00014277514015657324,0.00028992395985492767,6.042063206109392e+87,0.26975516786394954
YGR083C,19.0,0.0007491288287584444,0.005484946107922821,0.0001310164303154948,0.00010793605596945183,6.834052003570341e+87,0.26635784597568035
YLR039C,13.0,0.00015839378201399978,0.004919125974207661,0.00011206026814581887,0.00016474579097817643,3.053313491267692e+86,0.25002264697889304
YDR137W,12.0,0.00015838918205894457,0.004898493368534021,0.00010386667854482128,5.090619612974559e-05,3.0531365709846414e+86,0.24968337253482903
YGL023C,7.0,1.1227890394772792e-05,0.004688180810247659,7.645635731710226e-05,5.603534524929169e-06,1.5348379904366746e+84,0.24607703281027105
YBR078W,4.0,6.173690652806985e-08,0.004605879470957279,9.671033821973739e-05,4.7664992183506866e-05,4.649263110103744e+79,0.20593941202805552
YBR162C,6.0,1.4016343436342858e-06,0.004646981560139585,0.00013538840824634215,0.00019888111317812432,2.3949518608270267e+82,0.21924772609921753
YOL030W,4.0,2.5040754393632235e-07,0.004605124575728131,0.00012014744010029253,2.0839745437348186e-05,7.632771876693936e+80,0.20390824129141885
YMR012W,4.0,0.00045159461916545603,0.00494309573552319,3.5070477556795617e-05,0.0,2.484686000521954e+87,0.23498361074454047
YBR212W,7.0,0.0001593566760132371,0.004796018304605652,6.702300911284646e-05,1.6662778525485124e-05,3.093720455883482e+86,0.24171300958970093
YDR179C,12.0,0.0006598125372319218,0.0052604562515103336,8.582829387014299e-05,9.270536235142826e-05,5.304138208255748e+87,0.24185068349106204
YMR079W,18.0,5.535821794699829e-07,0.004895228374100871,0.00023684536661459723,0.001276595687163712,3.727696202722825e+81,0.24578120130014694
YNR026C,17.0,0.0002485970219958637,0.0050858623693681975,0.00015255049321434441,0.0004108665357851063,7.530491492571016e+86,0.26999266324284665
YDL058W,28.0,1.0833555525373225e-05,0.005146023059474614,0.0002491329106866645,0.00044258681694723346,1.430210683348807e+84,0.25616037867186414
YOR023C,21.0,4.807188210085003e-05,0.00505198606553239,0.00012216118228919684,2.2543443081588458e-07,2.8115865407814455e+85,0.25172146472707374
YOL148C,22.0,5.815275080016928e-05,0.005091727261732742,0.00012598505588481035,1.2343254395429052e-06,4.1142754628723745e+85,0.25660096690219414
YCR082W,20.0,3.796468887409772e-05,0.005013027413950296,0.00011845954846586106,8.641511724857872e-06,1.7535724963597482e+85,0.24970596218221297
YDR392W,35.0,7.717971981755367e-05,0.005390621268143092,0.0001989445503055682,0.00015253619315601851,7.245831270197423e+85,0.2665121668597914
YMR236W,60.0,0.0005909653423897779,0.006449776548007236,0.000287859407866318,0.0013104119181888752,4.25289383381784e+87,0.29562982005141386
YDR167W,72.0,0.0005415183111783182,0.006729081694616747,0.00033521137265319034,0.001023041522617471,3.569721480044502e+87,0.284140629021465
YDR145W,68.0,0.0005277235291716013,0.0066280980074475615,0.0003165121753483648,0.000714164674444383,3.3902497053207754e+87,0.2878598247809762
YEL009C,65.0,0.0007785824462537061,0.00652061944669355,0.0005049784488859226,0.008784315486507027,7.385486037126585e+87,0.30791543481898814
YLR055C,23.0,5.962357650707544e-05,0.005119962792554324,0.00013061162294809178,3.324316510081826e-06,4.324799159594624e+85,0.2586570451244084
YPL254W,22.0,5.815275080016928e-05,0.005091727261732742,0.00012598505588481035,1.2343254395429052e-06,4.1142754628723745e+85,0.25660096690219414
YGL112C,63.0,0.0005282069028250055,0.006528125321453989,0.00028137174919030754,0.000269366481383536,3.396430733750257e+87,0.283760859507531
YBR082C,26.0,0.0005615417596615147,0.005529268091829968,0.00018206765816367222,0.0007516084333821499,3.8420983263827833e+87,0.2807160292921074
YOL133W,43.0,0.001064078431863269,0.006290428482422145,0.0002761224938069287,0.0013222616942679714,1.3796366377107463e+88,0.2934765271944282
YDR266C,17.0,0.0018660200328653326,0.006264546763659656,0.00010669079271534765,0.00030740072702501657,4.242660100320488e+88,0.27247149415074784
YDR177W,15.0,0.0010340272575830296,0.005644397411221731,0.00010800875960688056,9.445377635685676e-05,1.302867199010151e+88,0.27457222443294865
YKL010C,16.0,0.00023528487915028503,0.00504102032222203,0.0001587476261851431,0.0008274002510353912,6.746075103073798e+86,0.2645451931371609
YDR510W,49.0,0.00044307342758581516,0.005969606784281567,0.0003327412981908477,0.0029212581548860176,2.3905689392814085e+87,0.299511665762344
YIL030C,30.0,0.0002560001786558797,0.005350730393348623,0.0002513506455009314,0.0011563657469451684,7.986659717511336e+86,0.2717471569930586
YDR059C,11.0,0.0005034766022005131,0.005156199783454011,8.814508014537846e-05,4.713930233468382e-05,3.0885591958659525e+87,0.27109321284746096
YLR084C,9.0,1.4777505709375252e-07,0.004708871208611949,0.0001239562393780398,9.279036462557097e-05,2.6553006995454373e+80,0.2288462335724058
YHL027W,27.0,7.666736133375875e-06,0.005093126837181088,0.0003183499852919862,0.0028901927483654063,7.160197962738924e+83,0.2614750603950547
YKR077W,6.0,1.5713863779034622e-06,0.004659353667556719,7.24774070922451e-05,1.229175340133243e-05,2.9957491018627276e+82,0.23833167825223436
YMR016C,12.0,1.8260804251023354e-05,0.004790777264785702,0.00013565246246857374,0.00011948980776569166,4.05217824905669e+84,0.25223907877901663
YOR241W,8.0,3.6683025015195088e-06,0.004695113853640662,9.238111383009912e-05,4.680341140909288e-06,1.6388150646578205e+83,0.23405698778833106
YKL132C,9.0,3.711185996217944e-06,0.004714826299745372,0.00010186763217958606,9.940389447449751e-06,1.6773606887787128e+83,0.23462404896501893
YNL256W,17.0,4.48542192142634e-06,0.004883458798158996,0.00017178215238910382,0.000230597761651563,2.450284793118041e+83,0.24437754559943334
YER183C,9.0,4.041026350457416e-06,0.004718476710657582,0.00015297233515268585,0.0023752900619073893,1.9888113318024817e+83,0.23511372348581652
YBR085C-A,1.0,1.1359160421497658e-06,0.004548425749211771,3.630326998592281e-05,0.0,1.5717355221598156e+82,0.20115151956854457
YGR142W,25.0,0.0003584062309428499,0.005345204613606963,0.0002045817481091893,0.0014297921736575404,1.5651806478399044e+87,0.2794370760352334
YCL016C,22.0,6.419332581029591e-06,0.005050579981359641,0.0001353730873317652,0.00011205350905117565,4.977629555598649e+83,0.24993208367291497
YFR027W,32.0,1.3162112152595203e-05,0.005274255555926816,0.00019881369956989395,0.00021228274456259533,2.101200519571886e+84,0.26209581691277717
YHR191C,22.0,6.061647913888802e-06,0.005061396172533379,0.00013658800046176324,6.724274717943572e-05,4.435288263428198e+83,0.255047821466525
YMR167W,40.0,5.160604722740977e-05,0.005530093961841696,0.00023937011083651673,0.00042680133588375303,3.238135123529841e+85,0.2668729452717076
YGR276C,10.0,0.00032671028611484066,0.004979612054822061,0.00010791149397899701,0.00019964637374880268,1.2995036545057566e+87,0.24680318340338014
YER041W,26.0,1.335222219254114e-05,0.005192562763092371,0.00015993166442605642,0.00010560426726012144,2.162202832380931e+84,0.2668471429952625
YGL087C,27.0,0.001038383173033011,0.005954734721913634,0.00016193448294733823,0.0003115105549959864,1.3138253270507916e+88,0.2778616732105104
YLR107W,6.0,0.00016817428591220257,0.004782080886271693,7.78432815035086e-05,0.00010362946207955461,3.443198754734794e+86,0.24525703114586572
YNL072W,21.0,6.324862385422692e-05,0.005104960151336538,0.00013119612185883678,0.0002450312814226683,4.870310436257291e+85,0.27106658809664114
YDR279W,11.0,7.479928756830013e-06,0.004808541794476172,8.340315848700199e-05,7.64314668759776e-06,6.788850363909338e+83,0.25036284470246734
YNL218W,7.0,5.9318230639147245e-06,0.00471000586732544,6.0651826903389544e-05,3.292062146956082e-07,4.2748384118771065e+83,0.24258404746209625
YIR011C,4.0,2.7988900409388515e-05,0.004643991823093413,4.8767229670921986e-05,2.003396683788257e-05,9.539809023861506e+84,0.2529905128557679
YDR409W,29.0,2.962619172106938e-05,0.005219710141404241,0.0001947460274873032,0.00017740340582683313,1.0679753436282905e+85,0.26497695852534564
YOL080C,23.0,0.0021642353978627753,0.006702499334961491,9.073616925495118e-05,0.00015721121094674427,5.699264320170653e+88,0.26576793452094366
YOR346W,28.0,0.0004970785026223274,0.00557779708799213,0.0001631449566653221,0.00019614702726563046,3.0103092273567396e+87,0.2753117206982544
YNL082W,26.0,4.7782810630395015e-05,0.005192881121740846,0.00017667390616756416,0.0004096257830413529,2.7772216531874233e+85,0.25944726452340666
YDL064W,42.0,4.098403364749808e-05,0.005494367805205649,0.00029667062102846234,0.002192068834029364,2.044053847990893e+85,0.2799188640973631
YDR092W,26.0,0.001500037509208683,0.0062626494808823195,0.00015261435596188006,0.00048158722843724835,2.7418249977913052e+88,0.2818627450980392
YBR089C-A,16.0,5.410884527991371e-05,0.004920775113417832,0.00012309445642422572,0.00011681293321686471,3.5587159465399575e+85,0.2493675460787857
YKL032C,3.0,1.4544901031009075e-06,0.0045912330637233045,4.9295363324322554e-05,5.826849573349707e-06,2.5734475607778192e+82,0.2258684888907075
YPL063W,36.0,5.457969584612201e-05,0.0053546468372077756,0.00026099752208101244,0.00020197356138784643,3.630956018521259e+85,0.26199629787839956
YHR005C-A,26.0,3.36331800138165e-05,0.005114661733123111,0.00020817839523595995,0.0001650544785090706,1.3789543610447728e+85,0.252008765522279
YGR029W,26.0,1.0740313066260225e-05,0.005081151559467731,0.00023260952227583344,0.0009386220221021546,1.405862237322317e+84,0.2557568456655701
YKL195W,37.0,8.570622118943497e-05,0.0053799679626932795,0.0003264119541631933,0.001476699604883401,8.955689183740406e+85,0.2618099032441662
YLR008C,47.0,0.0001445124143827729,0.005649943705310524,0.0003189469213488595,0.0007645519882568555,2.5443721096022757e+86,0.2658831462838977
YOR297C,19.0,1.3680176792037886e-05,0.004958392499747411,0.00014422478585161195,6.0262666114341996e-05,2.2786798105062116e+84,0.2454533327404509
YJL104W,19.0,1.257005354020069e-05,0.004950178907663633,0.00014915150151596665,4.195220667830283e-05,1.9255978765604403e+84,0.2501699524133243
YJL054W,23.0,1.658848141274652e-05,0.0050421965877165565,0.00017587084330678514,2.7416776952786535e-05,3.3536478004164458e+84,0.2486598495427722
YIL022W,36.0,0.00034588935992165297,0.005570845919334028,0.0002535243786982747,0.0004436235296393579,1.458114644113307e+87,0.27353815659068387
YBR094W,4.0,1.5631990000175486e-05,0.004627915533940293,4.951283015867186e-05,0.0,2.97523050287055e+84,0.23107836570663096
YFR019W,21.0,4.299354996649727e-06,0.004969552929494823,0.00020407302863793478,0.00046130284967097737,2.251210175457043e+83,0.2524467209366139
YLR386W,11.0,3.2269570599568695e-07,0.0047612171072393085,0.00011019696417763453,0.0002121320010589942,1.258758313040158e+81,0.2303647441782823
YNL054W,10.0,1.2020749400886622e-07,0.004736594526960222,0.00010493095978030754,0.0,1.7574692546631152e+80,0.2171945701357466
YNL325C,13.0,1.8221868623820094e-06,0.004796882419893465,0.0001336289806749051,0.00012055294360951585,4.043725799516879e+82,0.23474378056559642
YLR360W,10.0,1.2020749400886622e-07,0.004736594526960222,0.00010493095978030754,0.0,1.7574692546632052e+80,0.2171945701357466
YLR211C,16.0,3.3336332616480165e-07,0.004867759181590559,0.00014792371760006701,2.4287133348276143e-05,1.3519065214159979e+81,0.23286226534486396
YBR098W,29.0,6.515447023596044e-06,0.005232788098153041,0.00017725640868192905,4.089079555348349e-05,5.126479993868651e+83,0.25468303035895545
YLR154C,6.0,8.641299476850645e-07,0.004668103161139227,5.937104499445287e-05,4.85577819707102e-07,8.986683789593263e+81,0.23473379826501106
YDR363W,16.0,3.760260674534155e-06,0.004901972400387407,0.00011491951255559519,1.8966109683860655e-05,1.7119407704450434e+83,0.2485814644690624
YPL164C,30.0,4.6826349538449964e-05,0.0052832579198183235,0.00018092995831012426,0.0003140887377714007,2.666912146215651e+85,0.2658191274198209
YBR102C,19.0,2.591894830856314e-06,0.004956722226469664,0.0001677318662475983,0.00033981712723837724,8.156999594502032e+82,0.25944726452340666
YDR166C,19.0,3.364816249891331e-06,0.004948290301577679,0.00016351190658515723,3.663565926162487e-05,1.3781455210659637e+83,0.24298983140379452
YLR166C,21.0,7.444380186280176e-06,0.0050089579278009225,0.00017477777738020387,0.00011357729452372576,6.747244970288982e+83,0.26439314110546985
YPR055W,20.0,7.546750714490799e-06,0.004988490894006512,0.00016897627356856476,7.894784096242925e-05,6.93410677943893e+83,0.2644184709714505
YIL112W,11.0,1.3410130514500698e-05,0.0047705474029408135,0.00010135584792188602,9.189746221911265e-05,2.1915458594072666e+84,0.24932249322493225
YDR155C,39.0,0.0026866201877286497,0.007384750609655708,0.00020645902983866703,0.002015193880387183,8.796410392965049e+88,0.2977025132132456
YOL068C,19.0,2.6350156965244967e-05,0.004945814503959251,0.00017336615923188228,0.0003359717707928633,8.451070025638319e+84,0.2542607093505297
YHR124W,23.0,1.5829054989395856e-05,0.005030333049686379,0.00018400029788405092,0.0003025692121278207,3.051906482381718e+84,0.26240730176839705
YBR105C,12.0,3.177688813636927e-06,0.00477575992768103,0.00016617568159848012,0.0005074365120853327,1.2307886361718945e+83,0.23180615630118004
YIL076W,19.0,7.04846622068634e-06,0.004943428732704958,0.00017712258302252646,0.00038967529013182186,6.055867999502737e+83,0.24777807702666307
YGR066C,8.0,1.1605289543099778e-06,0.004689277641376582,0.0001271718187067628,4.984063755173662e-05,1.6415100644652198e+82,0.218925993495677
YDL176W,5.0,3.1041415514452915e-08,0.004626145764171948,9.316382152272889e-05,0.0,1.1738314729620344e+79,0.193643443485582
YMR135C,12.0,9.381098440489245e-07,0.004768264591454683,0.00018678389173107648,0.00028812846666826004,1.0722740781866806e+82,0.2272259498621002
YBR106W,3.0,1.7728758623652408e-08,0.004585162838355477,8.662164958620844e-05,1.9898965664336392e-05,3.834007421330371e+78,0.1933179239335995
YLR065C,8.0,3.8087961706295015e-06,0.004689663425410155,0.00013636131740712122,0.0006950426476033936,1.7686356478489674e+83,0.23092369477911648
YDR186C,3.0,1.7661200404141236e-08,0.004585065177262108,9.231550418949399e-05,3.244661691046213e-05,3.805373042141709e+78,0.1892290288300024
YJL117W,5.0,1.5409901370740172e-08,0.0046273816408325084,0.00010884700098252013,0.00018813045974721567,2.8668006153559565e+78,0.21500350549193736
YDR014W,24.0,6.2867482950104565e-06,0.0050742530151429675,0.0001558249061510207,5.854600956239653e-05,4.784800837425482e+83,0.2460441274793849
YGL061C,16.0,2.9451383427237324e-06,0.004872823728937354,0.0001311434918450487,3.3882528088627906e-05,1.0548888347907305e+83,0.2412271118297426
YKR037C,20.0,9.190326881551114e-05,0.005020337828348672,0.000159879036453636,0.0002941683708012336,1.0295164529073462e+86,0.2511031251421553
YKL138C-A,12.0,2.4868432291046434e-06,0.004782242149376136,0.0001060023916929429,0.0,7.525197039616551e+82,0.22680581806228942
YGL071W,37.0,2.4781963026293834e-06,0.005268540708439161,0.0005359164912713886,0.004602432906893635,7.471218435146929e+82,0.2499094530967041
YGR113W,23.0,9.16437400873095e-05,0.005090484086797802,0.00017028849837962798,0.0001710275429889366,1.023659207109736e+86,0.2528514497732582
YDR374W-A,12.0,2.3937198533325968e-06,0.004792044151781969,9.310481655927194e-05,0.0,6.932729387529874e+82,0.21631789325182224
YKR083C,17.0,3.7974602807681886e-06,0.004894997413779296,0.0001346025938371945,5.2396423137005026e-05,1.7518267105975544e+83,0.24125874125874125
YBR233W-A,16.0,9.136520135108834e-05,0.0049346543062901375,0.00012731122417096428,0.00010036078024166217,1.0174953670235773e+86,0.24969466684760483
YDR201W,15.0,9.079490738337158e-05,0.004914460771669763,0.00012042878911551477,6.751138080147535e-05,1.004844786412459e+86,0.24694671856126693
YBR194W,2.0,4.046772122701599e-07,0.004569797767162389,4.283736808556155e-05,2.035886005060254e-05,1.964600846177432e+81,0.20458083166555482
YKL166C,27.0,3.153416440416333e-05,0.005154452110849983,0.00023259151671394727,0.0005699875297214477,1.2114390326212048e+85,0.2838192194971464
YGR217W,16.0,7.053354940592077e-06,0.004852226186105469,0.00027366895269636193,0.0026719844808629767,6.063054136328912e+83,0.24608800320984353
YFR014C,4.0,5.455834037968284e-06,0.004615786169081427,6.085841955581157e-05,0.0,3.627776049383193e+83,0.23422582424576738
YDR373W,11.0,0.0002761592744756761,0.004962940248861114,0.00011382466188443599,0.0004336486585457071,9.293532337147795e+86,0.2668471429952625
YGL006W,12.0,4.3732120717669275e-06,0.004774945486759356,0.00018268507008523745,0.000820351239526132,2.3306735808591243e+83,0.24704618689581095
YLR443W,6.0,3.552483285405644e-06,0.004651368788180952,0.00012466888141928422,0.00036911850752420093,1.5379728673627484e+83,0.23773633662087085
YOR087W,9.0,6.906047501280585e-06,0.004716633831714149,0.0001435946079010121,0.00036473566436595665,5.810665571656293e+83,0.24591259411057156
YJL164C,31.0,3.183488994822571e-05,0.005238948521634183,0.00026576120567947746,0.00104440245406781,1.2346505057916004e+85,0.2876498176133403
YNL027W,22.0,4.4127164587035704e-05,0.005019403609115717,0.0002595056419231205,0.0014756203907697705,2.3707954759743812e+85,0.26427921673768373
YNR035C,19.0,1.1830154758873494e-05,0.004953449268021809,0.00019995395825359258,0.0004442811702609438,1.7043203618537732e+84,0.26358513991022825
YEL070W,17.0,5.597420054506173e-06,0.00488837470692005,0.0001852030613993223,0.0006896491644954242,3.8184883596704e+83,0.24066968957098012
YFL045C,15.0,1.2877627246000493e-05,0.004865963884980437,0.00014398832703276768,0.00031558666855647084,2.0213320247310217e+84,0.2518363064008394
YDL055C,13.0,1.9499175059269714e-05,0.004818585551049718,0.00012078463180345648,0.0005282887064615167,4.631450990681905e+84,0.2606724593879864
YJR142W,3.0,3.4189365970187653e-06,0.0045912880265835225,5.2763906987790776e-05,5.646579336958963e-05,1.4228358029728742e+83,0.21846677484465904
YNL139C,37.0,0.00028374395698450535,0.005611921017740118,0.0002068260517140711,0.0020255075360855594,9.803848040237737e+86,0.27333498390690764
YPL072W,6.0,0.00028781130970985207,0.004887608311063455,5.354684856412838e-05,3.817392438717894e-06,1.009182913967395e+87,0.2616609783845279
YGL089C,13.0,1.3503724502052259e-05,0.004807266023977148,0.00015679499780958458,0.0003649520440900506,2.221659172584133e+84,0.24849194201854685
YDL122W,10.0,0.0007569228495029972,0.0053296433788749265,7.14014502833972e-05,1.6000209067229338e-05,6.981085700526007e+87,0.2667439837634097
YDL084W,37.0,0.0005237728316694517,0.0057643824625559234,0.00023631973485148524,0.0035576122122752333,3.339118387766722e+87,0.27427208585908774
YPL187W,23.0,0.0003849270441359851,0.005283802704789873,0.00022651688295573534,0.0017715978303484018,1.8057589233874355e+87,0.2653846153846154
YOL072W,5.0,1.1950544769811582e-05,0.004646049973856641,5.598709522935922e-05,0.0,1.7400606392376964e+84,0.2377465759324662
YJR084W,12.0,2.571428449441524e-05,0.004798151531313298,0.00011467764425378361,0.000125892358935614,8.057254733760516e+84,0.24078516902944383
YNR044W,7.0,1.0435278315082971e-05,0.004682391258204946,9.573952800285586e-05,0.0002039225356664813,1.32645797724562e+84,0.2366762423358916
YGL035C,23.0,1.351645531977735e-05,0.005015337092054227,0.0002533788964813006,0.00037586667810967305,2.2257149045675467e+84,0.2651678916270356
YDL138W,14.0,5.976587359682482e-06,0.004832311536642164,0.00015750101075514503,0.00027439598937724515,4.3524301996632057e+83,0.25433099889421307
YKL038W,17.0,3.8087396926531336e-06,0.004880806692939974,0.0001993386858653476,0.00027644545311450826,1.7668126395796303e+83,0.25681585558760583
YDL194W,16.0,6.067140687191653e-06,0.0048726125458171295,0.00017463627431103058,0.00027035437623490764,4.485217690176111e+83,0.2569593147751606
YMR070W,11.0,3.187407723925504e-05,0.004779029190241747,0.00012803539709225069,0.0009020729613977827,1.2378575666407859e+85,0.26007067137809187
YCL067C,14.0,0.0002597243801871058,0.005004077197185041,0.00016870364529575035,0.001024618131762206,8.220485544248046e+86,0.2597769306790908
YOR047C,15.0,4.019542263837611e-06,0.004837020912180153,0.0001798672221327303,0.0003148438126949511,1.9679384202758685e+83,0.2513203423784374
YPR065W,13.0,0.00024010795722288487,0.004968942271411932,0.00015568221590801491,0.000999804909261245,7.025767905241179e+86,0.2682867557715674
YCR039C,12.0,0.0002592674946996392,0.004961685358735011,0.00015254895138795712,0.0008452264001893201,8.191602920590856e+86,0.2566725564958616
YGR182C,12.0,1.8213822607051103e-06,0.004765216663819163,0.0003379870644342119,0.004257750491528566,4.0375895446562945e+82,0.21885655380223615
YMR245W,8.0,8.725603871947929e-09,0.0046823292411189215,0.00024103402686260431,0.00013071488941320973,9.247840150911006e+77,0.17966995410604433
YJR012C,5.0,6.172585117940552e-07,0.004624607028238928,0.00014312647267805928,0.0002804051113093911,4.642250687401122e+81,0.1888987748956266
YPL182C,7.0,1.150432341322425e-08,0.004663440976019438,0.000202305550321552,6.298835455687218e-06,1.6089239203262749e+78,0.18118558392962647
YJL199C,7.0,1.150432341322425e-08,0.004663440976019438,0.000202305550321552,6.298835455687218e-06,1.6089239203262749e+78,0.18118558392962647
YER121W,7.0,1.150432341322425e-08,0.004663440976019438,0.000202305550321552,6.298835455687218e-06,1.6089239203262693e+78,0.18118558392962647
YDR525W,6.0,8.668495258006735e-09,0.004644308226309903,0.0001773507159259527,0.0,9.127427100482379e+77,0.17965825874694874
YIL132C,27.0,5.3282670401457664e-05,0.005231301689761818,0.00016187178166807747,0.0001249659457272431,3.453523498078074e+85,0.26229508196721313
YFR025C,6.0,5.8769730200532595e-06,0.00466912821114249,6.576078934422675e-05,5.26253319181686e-06,4.206067436888478e+83,0.250852079072938
YGR003W,17.0,0.00028170482410564703,0.0051098710694711755,0.00015373980471861869,0.0008772153520533704,9.670276123241055e+86,0.2783801502849362
YGL026C,91.0,0.001334400884555527,0.007467593492314954,0.0006850250711771008,0.011303779111478398,2.169387602346545e+88,0.3067177862977163
YIL116W,36.0,2.4855337470322247e-05,0.005335803589139044,0.0002911861450698535,0.001110652214596398,7.5256643860329456e+84,0.28004667444574094
YBR248C,31.0,2.4071465364640547e-05,0.005235751913423412,0.0002452745756726675,0.0008483032592331866,7.0572498609218185e+84,0.2807731434384537
YHL006C,27.0,5.3219835161415115e-05,0.005230442817599986,0.0001620311643178548,0.00011978993467100162,3.445363212496935e+85,0.262182958107723
YPL046C,35.0,0.00046575204659235773,0.0056900067097442756,0.00020413822137263862,0.0006085252402206007,2.642757689763668e+87,0.2819203268641471
YDR030C,10.0,4.748325451014994e-05,0.004803486898712791,7.17348305752034e-05,1.6905509088334014e-06,2.744451933053884e+85,0.24768913219061295
YIL020C,18.0,2.87036939133309e-05,0.004954943444955718,0.00015072860484196746,0.0003872750073505967,1.0027975530167779e+85,0.27181406342328146
YPL189W,2.0,4.362915581161436e-05,0.004607846423880904,3.977558594249385e-05,0.0,2.3202935838881664e+85,0.2447567951048641
YNR050C,13.0,9.969892534828345e-06,0.004800937317373143,0.00014612481704801385,0.00042595910059368096,1.2087385308147888e+84,0.2487382840663302
YOR093C,5.0,4.363722421608453e-05,0.004665814087926054,0.00010773798104914785,0.0009464994527612295,2.321152059141034e+85,0.2458906855539222
YNL268W,2.0,3.739446207238556e-07,0.004568965962697717,5.1630626525239714e-05,2.1651553119248737e-05,1.7045276659150242e+81,0.22496637730773933
YMR226C,3.0,5.753981800718343e-07,0.004592570702778201,5.0464893079704926e-05,5.028206036961474e-06,4.0350658194318615e+81,0.22840119165839126
YIR034C,10.0,1.153735774633574e-06,0.004742218631289199,0.00010317047451691486,1.510219359201619e-05,1.6205813334626896e+82,0.2395937323668562
YNL277W,28.0,1.9730693104453052e-05,0.005155115578316679,0.00024345740513917577,0.0007842726912649054,4.743253192684668e+84,0.2734433050973399
YGL084C,4.0,4.363401470406026e-05,0.0046491326987572424,7.309666623919946e-05,0.0003081889619699718,2.320808788449756e+85,0.24917618381257617
YGL202W,31.0,1.3791487596079297e-05,0.005194412870253405,0.0002810357403543054,0.0010944460467708392,2.317327067776065e+84,0.25842696629213485
YBR116C,2.0,1.1997375183025782e-06,0.004572313672823652,8.996759731133517e-05,0.00036231884057971015,1.75444122929318e+82,0.21709206748731663
YIR016W,1.0,5.538143569585423e-09,0.004546403602758806,6.587217671656562e-05,0.0,3.738177026155632e+77,0.17837523427906676
YDL204W,20.0,4.0598900060227785e-05,0.004978343372038594,0.00023379209164916374,0.001774325381653035,2.0097596044520486e+85,0.2579559792513669
YOL056W,20.0,2.9976375420089844e-05,0.005001359732496897,0.00015760298526373544,7.372702346636876e-05,1.0951916657727613e+85,0.25493003278991366
YGR248W,28.0,4.92861141102405e-05,0.00517628234629764,0.0002656644120837815,0.0010388751647546495,2.961481155898653e+85,0.2648752399232246
YGR256W,28.0,3.29858126755906e-05,0.005179532049730616,0.00023110418564477482,0.0004446395202148647,1.326065221071736e+85,0.26393803194032706
YDL021W,22.0,0.00011808798917328027,0.005115250820712952,0.00016689417814002715,0.0001228738410276466,1.6994032988099382e+86,0.2636103151862464
YLR070C,13.0,7.384541400894509e-06,0.004823358243016631,0.00012115623757951691,2.0880091099242072e-05,6.646640302949084e+83,0.23209855779338182
YMR099C,18.0,1.800392577758919e-05,0.004957241553909891,0.00016217680562301986,0.0002522428274147423,3.9504626653345445e+84,0.2500792823811897
YPL223C,10.0,3.423182827027159e-06,0.004744363951043198,0.00014478570980608457,0.0004640862790747688,1.4284179097816925e+83,0.235766454533806
YHR104W,20.0,1.015903297890419e-05,0.004979107421347974,0.00017380517104796436,9.229452776459176e-05,1.2579951030401882e+84,0.24436672716809066
YJL121C,24.0,3.883694066958329e-05,0.005106264183014077,0.00018777493017700948,0.00024478835819528096,1.838176978254187e+85,0.26490066225165565
YHR096C,10.0,2.6873734796441723e-06,0.004742504216408763,0.00012465449816930965,0.00010268303680941417,8.801316220530973e+82,0.23829052449816535
YHR163W,11.0,9.769314447396365e-06,0.00478777235495122,0.00010254553550218424,4.756785730967712e-05,1.1628932274603369e+84,0.23942745608327912
YDL223C,3.0,1.3893103589016279e-06,0.004593333607795364,6.72301436053733e-05,2.7679435173310514e-05,2.3530458939281545e+82,0.22259859666102105
YMR175W,9.0,1.8511260516092944e-06,0.00471079371599664,0.00014799582281071626,0.0001601387459268856,4.178162448439836e+82,0.22687106982861371
YDL246C,14.0,9.295259298766652e-06,0.004853395178172663,0.0001230752440791205,8.377085018152679e-06,1.0531029457705928e+84,0.24054383824298414
YGR194C,20.0,1.888435322952254e-05,0.004988434063474104,0.00017483100585139326,0.00022874136078871536,4.346340159657503e+84,0.25976470588235295
YJR159W,14.0,9.295259298766652e-06,0.004853395178172663,0.0001230752440791205,8.377085018152679e-06,1.0531029457705928e+84,0.24054383824298414
YHR183W,30.0,3.760150599477167e-05,0.005231117257094273,0.00023551071148367417,0.0003660927151639527,1.723152527364382e+85,0.26602409638554214
YOR076C,27.0,0.0023991016103275206,0.006885683474335009,0.00013715901479232793,0.00036475334777215146,7.007629201639768e+88,0.26779216998981226
YIL064W,14.0,0.00028701053309390537,0.0050208799376053135,0.00016371671300805812,0.00047986378875837374,1.0034650981770566e+87,0.25427242157630475
YGR001C,7.0,8.241554762516191e-05,0.004728110354967673,9.767017364929468e-05,0.00017981435212222272,8.274292299734287e+85,0.24727859158715226
YPL157W,17.0,4.543870153302903e-05,0.00500645914519295,9.281643903625257e-05,2.7577435237588558e-05,2.5030690806189968e+85,0.239251040221914
YLR116W,30.0,0.0001754737151774578,0.0054230081536897025,0.00013588454793218293,3.9200123033658e-05,3.7395915539413436e+86,0.2521123544188171
YKL012W,38.0,9.980481463493275e-05,0.005611270788228121,0.00015258585231859095,1.6479331037910803e-06,1.2070814500992197e+86,0.2447785020619928
YHR086W,79.0,0.0007266300978809777,0.006978348375424257,0.0004018781554590425,0.002939175615687563,6.424864913767197e+87,0.2844774273345702
YDR235W,40.0,0.00018948006487088436,0.005724464423309616,0.0001649165853448877,8.297079157963035e-05,4.3618970239370817e+86,0.25101177754535947
YHR121W,9.0,4.516594074855071e-05,0.004767069457109852,8.935560347960429e-05,9.301989217627951e-05,2.4835594486734328e+85,0.2502379980960152
YDR240C,40.0,0.00010238226193700714,0.005654181920662781,0.00016438292996869117,4.975387169134057e-05,1.270350607963469e+86,0.24785595617619324
YDR206W,10.0,1.997988111948957e-05,0.004764711331130348,0.00012846563336893512,0.0024243500104870475,4.852700927899024e+84,0.24441000664157628
YGR013W,39.0,0.000103003905635854,0.005632796667991113,0.00015682394155356092,2.554675445335246e-06,1.2858835468387702e+86,0.2444533014481201
YML046W,39.0,0.00010270198751045873,0.005638407387630295,0.00015575786648447965,1.7515999292991923e-06,1.2782139114950985e+86,0.24478935698447893
YNL187W,5.0,0.00012350876662450374,0.004746560440576963,6.883008169836356e-05,0.0003178073779760415,1.855110162754806e+86,0.24447495460383542
YPR057W,16.0,5.1447306678408163e-05,0.004998740041312518,8.431308752164822e-05,2.7353293408126947e-06,3.2100092980446864e+85,0.24101646072566912
YDL087C,40.0,0.00019286028925732544,0.00572802588144997,0.000159268812735954,5.762391147514113e-06,4.5190362673192593e+86,0.2506470508105163
YNL124W,14.0,0.0011014208857236833,0.005683414177031988,9.656330934844972e-05,0.0008985199647657822,1.4763049083476926e+88,0.2550596063210424
YKL074C,56.0,0.0003266273972024741,0.006207468123246495,0.0002341807514249479,0.0002709777132080746,1.29573327721214e+87,0.2584390654993211
YNR051C,11.0,0.0006828073621037145,0.00530493775226236,7.42077651466185e-05,0.00011234898815313503,5.680371022834059e+87,0.28094462540716614
YPR152C,34.0,8.188300143958147e-05,0.005478556855958925,0.00015362209568986563,0.00024037257303724882,8.12322856220596e+85,0.24171300958970093
YBR120C,5.0,1.5774281589500278e-05,0.004643266162717567,7.638188261081192e-05,0.00011502664041927323,3.033026563757053e+84,0.23570605064264058
YOR330C,3.0,5.25691065895782e-06,0.004595700783175798,4.543020319753759e-05,2.067875976233279e-05,3.367203513802757e+83,0.23068243553846796
YPR081C,10.0,4.173426528645818e-05,0.0047726797287017675,8.205863355430489e-05,1.3220278027175859e-05,2.1226892372030626e+85,0.23381904439173162
YDL150W,35.0,0.0010148739673528694,0.0061471246813958325,0.00016144903187375996,0.00014741052140146752,1.2543446150968157e+88,0.26465934698182864
YBR125C,4.0,8.988184230548338e-10,0.004603775824319102,0.0001204121779542578,3.878113271349619e-05,9.76373771457561e+75,0.18716305564032143
YDR247W,2.0,1.1633809418229388e-07,0.004566168392086437,6.404010399269623e-05,0.00011478185623333075,1.647257860284183e+80,0.20912259433247463
YHR076W,6.0,4.9901297408745824e-08,0.004645689795794707,0.0001195341288738344,0.00028838566938010294,3.025979379551824e+79,0.2221417360859592
YMR306W,17.0,5.776659091072959e-07,0.00488021019931296,0.0001898812411434518,0.00011545608131496724,4.066496023644784e+81,0.23829052449816535
YFR015C,23.0,6.6681019786334095e-06,0.005020546525243587,0.00021992306369328704,0.00011775710708754947,5.420252059024729e+83,0.24325753569539926
YEL011W,27.0,0.00010625670656694197,0.005184965624686651,0.00025570277143516755,0.001335616157493151,1.375943051756766e+86,0.2706413022161208
YKR058W,19.0,3.698504897702758e-06,0.0049230421088066086,0.00019236058689130664,3.7996496040695146e-05,1.6675467157833877e+83,0.23367057528679677
YJL137C,15.0,1.982665478827228e-06,0.004842780821442653,0.00015464321749986167,1.4570022167546877e-05,4.7923679121899834e+82,0.2331868874619804
YLR258W,28.0,1.7546449674083344e-05,0.005138286595768695,0.0002651642287042996,0.0009734480862928247,3.75231616037411e+84,0.2656016936919598
YPR098C,3.0,4.2479018354130647e-10,0.004584470394410359,0.00014538993463088476,5.274755326207699e-05,2.185833091779974e+75,0.16645056237372977
YPR170W-B,20.0,1.5175542923478935e-05,0.00495631112250569,0.0001715781774414072,0.00030404328843635254,2.8073556222271336e+84,0.23239169789079275
YCL005W-A,23.0,2.055489593940843e-05,0.005024198607643036,0.00018877966440989695,0.00015936871750714098,5.150386535369473e+84,0.23512373812667717
YGR106C,18.0,1.5043208704965646e-05,0.004916948833604813,0.0001452200971825736,4.619536349996002e-07,2.7586656485256404e+84,0.22216855831924656
YJR033C,9.0,9.673028103155208e-06,0.004725400332330247,0.00011613855768214895,0.00041794337966867876,1.1403660526874405e+84,0.24095333711641712
YDR202C,4.0,6.4085171708316355e-06,0.004619435905747402,5.710826008406813e-05,1.0428382926067165e-05,5.004729400269886e+83,0.2368285567187232
YBR129C,1.0,8.092265517862279e-07,0.00454876225259403,3.459679527864324e-05,0.0,7.975851366369775e+81,0.21404474776067314
YBR131C-A,3.0,4.762149723738445e-12,0.004584951783855158,0.0001269359718602623,0.0,2.66824039492168e+71,0.1571664483799328
YLL066W-B,8.0,1.0077283258889537e-09,0.004681403410475237,0.00025738610557075154,0.0010885788616722023,1.2292719065989424e+76,0.18645499071102853
YJL077W-A,3.0,4.762149723738445e-12,0.004584951783855158,0.0001269359718602623,0.0,2.6682403949214588e+71,0.1571664483799328
YLR123C,3.0,4.762149723738445e-12,0.004584951783855158,0.0001269359718602623,0.0,2.6682403949214588e+71,0.1571664483799328
YBR135W,18.0,6.842515599618191e-06,0.004957774072694262,0.00014372783667563116,2.0612765007323648e-05,5.686735758842011e+83,0.26004616761671456
YFL029C,10.0,8.417124013943197e-06,0.004779352967171115,8.390764986069315e-05,8.890924056028155e-06,8.60126188015205e+83,0.25463603653473565
YLR263W,20.0,1.6349164831501464e-05,0.0049633536759507895,0.00017842928556723617,0.00034544180624911536,3.2544960312969556e+84,0.26003391746749577
YEL019C,34.0,3.133148923796117e-05,0.00532653949165419,0.00022946111429545876,0.00023364856955335726,1.1948928122304283e+85,0.25994819872851427
YLR437C,10.0,7.45428494125212e-06,0.004758735923262258,8.527291086851674e-05,3.00799899343901e-06,6.760187004519896e+83,0.23939630497007547
YML058W-A,8.0,5.802846803358831e-06,0.004715925791748516,7.204668196740641e-05,0.0,4.095214353732553e+83,0.2385273528649209
YBR137W,8.0,2.087405470995069e-05,0.004708650986044428,0.00013943435571960112,0.0011003745352048053,5.310737392430572e+84,0.24797843665768193
YOR164C,12.0,2.2659695686003977e-05,0.004793347535962158,0.000156762484740574,0.0005165673575820461,6.258313213349241e+84,0.2557686961356686
YDL026W,3.0,9.678143230746676e-08,0.004585063775892909,0.00011247047101137713,0.00018753619267592253,1.1421726956672488e+80,0.1990552089719087
YDR249C,3.0,9.678143230746676e-08,0.004585063775892909,0.00011247047101137713,0.00018753619267592253,1.1421726956672488e+80,0.1990552089719087
YBR138C,1.0,5.5397332632848675e-11,0.004546612181286039,6.92100879990231e-05,0.0,3.6820779932181605e+73,0.16085322143544017
YHR202W,5.0,1.1942201823182885e-08,0.0046225209367900845,0.00023787983117741767,0.0007393900607461257,1.7281122308305316e+78,0.19167997777623447
YBR139W,1.0,2.306380623593946e-08,0.0045467848524019935,4.226353527605096e-05,0.0,6.475635098566383e+78,0.20294117647058824
YBR280C,6.0,4.99454772742645e-06,0.004664084878637491,0.00010643104190574457,0.0009187328209300498,3.0392143344708315e+83,0.25460080254600803
YLR310C,24.0,0.0007151919806210654,0.005590144868800823,0.00021148523380627648,0.0013979065274946894,6.232256775896371e+87,0.2893840104849279
YOR360C,27.0,6.018063480972707e-05,0.005152238624781647,0.0002165273705793646,0.0007036033979658503,4.409952191623844e+85,0.2722161948910149
YBR271W,22.0,0.0003831870932287843,0.0052487657166326316,0.00021933536917824,0.0007551079069852735,1.788302834636552e+87,0.253199394523187
YJR129C,8.0,0.0002729007845754141,0.004889198974811664,9.63837808987864e-05,6.498208084275408e-05,9.074903530492914e+86,0.2482907520690896
YLR063W,13.0,0.00026187149863808547,0.005004767195192359,0.0001434355943500644,0.0031199459287946513,8.342877377849091e+86,0.2616609783845279
YMR239C,56.0,0.009162960185241497,0.012632644771403948,0.0001516162747337298,0.00037341481530470745,1.022983903967155e+90,0.2816326530612245
YHR077C,19.0,0.0003440654859750716,0.00520185467069811,0.0001417377977461344,0.0007624893665536846,1.4418884769672096e+87,0.2750647797488539
YDR140W,9.0,0.00021522365958428648,0.004870037051210467,6.70195416017462e-05,2.312501683290121e-05,5.64164379610456e+86,0.24304332511447693
YML068W,4.0,7.237468000028111e-05,0.00466301584063731,5.72116064485016e-05,6.846926826933064e-06,6.382539717714513e+85,0.2430647291941876
YER049W,7.0,0.000449235561045606,0.005008994388701359,6.559525642503394e-05,6.343175906014389e-05,2.4591016363705766e+87,0.264190676749306
YMR080C,33.0,0.0011075750508708372,0.00608105298953225,0.00018500350681774835,0.00077912126517937,1.4939599025120684e+88,0.27421758569299554
YOR046C,18.0,9.563797775684418e-05,0.005015483940328012,0.0001222501632626719,0.0004235950164286825,1.1137914733361285e+86,0.2751059058061301
YGR072W,18.0,0.0002962375012412912,0.005151000200779615,0.00013581861638957047,0.00034901935424679975,1.0687761594574937e+87,0.2648117054449508
YBR145W,15.0,7.517124385124862e-06,0.004864145186225727,0.0001262311908266996,2.1595440925920334e-07,6.887411074951402e+83,0.23578659604459443
YDL168W,18.0,7.607556109230032e-06,0.004924039239526508,0.00015182243474655998,5.597409342564914e-05,7.05408837061287e+83,0.2368692070030896
YMR083W,15.0,7.517124385124862e-06,0.004864145186225727,0.0001262311908266996,2.1595440925920334e-07,6.887411074951402e+83,0.23578659604459443
YMR228W,11.0,0.0014117383417362847,0.005824212231367391,6.723721828066181e-05,6.025703867977765e-05,2.4284151594108674e+88,0.25810071538785245
YOR180C,20.0,0.001587281938517748,0.006155233891056196,0.00011538807335300264,0.0002634567668413093,3.0709414455302175e+88,0.2582456140350877
YJL197W,10.0,0.0009106014198943366,0.005428113021591313,7.529756539462591e-05,9.739565898035567e-05,1.0105823881843958e+88,0.2673382409918636
YGL143C,38.0,0.008816228251561158,0.011960814732085184,0.00010260330284451248,0.00015018856456453712,9.471570286193889e+89,0.2752019144481005
YBR147W,1.0,3.615779142568968e-09,0.004546542377501745,5.407557768266503e-05,0.0,1.5855994064014683e+77,0.17446821960238945
YCR075C,4.0,7.823787037202179e-07,0.004605718358987685,0.00012476414969390026,0.00037530936593006847,7.441704746100003e+81,0.2113323124042879
YGR059W,7.0,2.553808699957574e-07,0.004670208539080682,9.735458816119134e-05,6.019263639174536e-05,7.918641570631194e+80,0.22147327876745307
YBR197C,5.0,3.032191560671146e-06,0.0046259221047293035,0.00015775523079063303,0.0007591790040160533,1.1207643544952406e+83,0.1956336830167281
YDR218C,7.0,2.4949602862345325e-07,0.004669053520771686,9.928618767137166e-05,5.234543676798045e-05,7.56042186942849e+80,0.22085300472113306
YBR151W,2.0,2.5946738334057285e-07,0.004567981794650607,7.956234830113555e-05,0.0003593268540850526,8.194067110283573e+80,0.21504538548443647
YDR102C,2.0,1.210555510046078e-09,0.004565591072978683,9.663909664709282e-05,2.0259453260303958e-05,1.780733195914403e+76,0.1778923622300999
YMR227C,27.0,0.00030910535280880507,0.005456728271011552,0.00013376169258648554,2.25947386302282e-05,1.1633941670734447e+87,0.26939970717423134
YLR243W,22.0,0.0006211135066455682,0.005551821147405606,0.00013015074921601626,0.0002181500662129068,4.698842392193671e+87,0.2622078662359871
YEL003W,17.0,4.067760122896173e-05,0.004920145979216536,0.0001397173511919196,5.674050189708805e-05,2.0134135233875e+85,0.2549182599057911
YPR025C,59.0,0.0006829181270115507,0.006583608728499941,0.0002523655939213792,0.0004542538696632586,5.678201218870029e+87,0.2842284125431234
YHR034C,16.0,0.000827480685190876,0.005531374132136527,0.00011187657207378587,0.00019013475686837888,8.333902268731622e+87,0.27345685128306746
YJR072C,13.0,0.0004034123701921071,0.005158793121340189,9.668514185092836e-05,0.0001546488156567356,1.9824597421118182e+87,0.2611287194285444
YKL144C,31.0,0.0010831958777113696,0.006127032777031149,0.00012909696111767474,0.00010807097177250936,1.4287469410821434e+88,0.26997945808471097
YCL026C-A,6.0,0.00014577361695610692,0.004816773853664212,4.6819965897143e-05,0.0,2.587264121116862e+86,0.24263736263736263
YDL115C,16.0,0.00041219849019184633,0.005268839079731729,8.980386199728877e-05,7.813301161775556e-06,2.0690835834708898e+87,0.26053712181998395
YPR093C,16.0,0.0006733581156524896,0.005481357691453291,9.165856387882473e-05,0.00017947423585739307,5.523009976007263e+87,0.2744903033316758
YER139C,23.0,0.00041973827924083327,0.005453481063972494,0.00011833851769949027,1.5980358291669963e-05,2.14555156948637e+87,0.2647608998033479
YPL041C,9.0,0.00016243115668874655,0.004909771516718112,5.81227458998306e-05,7.988615375806465e-07,3.211862438302818e+86,0.24603316099126404
YLR200W,15.0,4.1801914266034524e-05,0.004884665117564858,0.0001249168088846198,5.744931240164674e-05,2.126010612058347e+85,0.2566725564958616
YNR003C,31.0,0.0010380674461561384,0.00608023294983543,0.00013158489417977077,1.1450274641022312e-05,1.3122705031124009e+88,0.2645198389879241
YFL023W,10.0,0.00013132242630977257,0.004864551967180482,7.79164754956033e-05,3.0909868551609674e-05,2.1000174829919143e+86,0.2550949674199362
YMR277W,31.0,0.0004083163751631133,0.00560382142676841,0.00016785437189797714,0.00026264448460622887,2.0303999363602593e+87,0.27329438558273095
YDL108W,57.0,0.0005351414961821325,0.006398528082544779,0.00027505207405834775,0.0006680149771185881,3.486241188718204e+87,0.2799330594857751
YCL026C-B,6.0,0.00014577361695610692,0.004816773853664212,4.6819965897143e-05,0.0,2.587264121116862e+86,0.24263736263736263
YDR045C,37.0,0.0011351372701390763,0.00632078691677469,0.00014747581400507932,1.323933323040325e-05,1.5689566354113917e+88,0.2667439837634097
YKL005C,17.0,0.00039853269496448255,0.005298307106604665,9.748517331937051e-05,0.00022834499167517116,1.9343288080384278e+87,0.26401377463171993
YML098W,41.0,0.0004795780987378638,0.00598785108111422,0.0001774503788520154,1.3984491395997068e-05,2.8000169345432075e+87,0.27214909037124685
YKR025W,29.0,0.0010525423160613388,0.006041040900591231,0.0001221393884011936,8.24593963831174e-06,1.3491093366035944e+88,0.26455787203450754
YML015C,43.0,0.0004957904777154393,0.006049247907852662,0.00018398323474366144,1.4047695910451799e-05,2.992516733232561e+87,0.27204179192745553
YKL117W,17.0,3.8092230092526264e-05,0.004929199115899885,0.00014575243936782532,7.442955930945756e-05,1.7682646553066087e+85,0.2668213457076566
YDR168W,17.0,2.698218452327357e-05,0.004932580961683778,0.00014334482769214388,0.00018281902842889896,8.868068655949014e+84,0.2700058696928194
YBR156C,22.0,1.0077357219870732e-05,0.005034715509183082,0.0001672727481827173,0.00016635028250374694,1.2337963961438281e+84,0.2623075460938985
YHR199C-A,3.0,1.720522345371236e-06,0.004593280067840195,4.737258120207968e-05,0.0,3.603516503512677e+82,0.23008628235588346
YDL175C,18.0,0.001102807446637023,0.005740399238127522,9.292978281248658e-05,8.133125397581573e-05,1.4805959224877058e+88,0.25806451612903225
YNL085W,7.0,2.2381172272533435e-06,0.004670409465018417,9.156536267375842e-05,0.00012759031811039926,6.099579431331225e+82,0.23860983833318924
YER124C,8.0,1.1527973977983396e-07,0.0046847237267655375,0.00014430505387989694,8.020690599331532e-06,1.6177744672853426e+80,0.2060931899641577
YNR067C,8.0,1.1527973977983396e-07,0.0046847237267655375,0.00014430505387989694,8.020690599331532e-06,1.6177744672853426e+80,0.2060931899641577
YHR143W,8.0,1.1527973977983396e-07,0.0046847237267655375,0.00014430505387989694,8.020690599331532e-06,1.6177744672853426e+80,0.2060931899641577
YNL327W,9.0,1.2932823567305964e-07,0.004706049327225344,0.00015257340926395267,6.586173499230015e-05,2.0311940173453608e+80,0.2164790776108867
YGL028C,7.0,1.1442987901961564e-07,0.004665586948677412,0.00012771031086526084,0.0,1.5940610966252034e+80,0.2058165548098434
YLR286C,15.0,2.607458675513384e-07,0.004824189849970646,0.0002474963496469121,0.00035844931022137235,8.259204306834381e+80,0.22267941425632337
YNL066W,10.0,1.952225639786332e-07,0.004723814441403388,0.00018651541556512674,5.579096391382908e-05,4.6426630356116464e+80,0.21255294570658453
YBR159W,14.0,3.6722930756484846e-06,0.004813514556420561,0.00017706088241007528,0.0005129643161893014,1.6425138099344818e+83,0.24438836498871033
YLR372W,15.0,5.998177677044193e-07,0.004832844465102106,0.0001818872351044074,0.0005468805748788374,4.384640033232362e+81,0.2422752808988764
YOR028C,10.0,4.163989401723369e-06,0.004742770195936402,0.00012520286716925812,0.00013075078223558995,2.111382867968214e+83,0.2526431415625429
YLR100W,20.0,6.038057972888816e-06,0.004953871470591112,0.00019951972438360095,2.02379698049578e-05,4.442950055351888e+83,0.24542059398897387
YHL009C,2.0,1.943583888821892e-08,0.004567463814382195,4.93855703209619e-05,0.0,4.589550686635408e+78,0.20156284232819688
YGL001C,26.0,0.0006854195736197357,0.005592351900276855,0.0002397372150453527,0.0018136871135934882,5.723957194790383e+87,0.2729565346387776
YJL196C,10.0,9.585671951315388e-07,0.004730922040618757,0.00012690598284662897,5.201426683532321e-05,1.1203347675204359e+82,0.2291882914677185
YCR034W,8.0,3.7522724045766985e-07,0.004687982071206482,0.00011083399901085021,1.7871296223210344e-05,1.716745148914208e+81,0.22175799453639725
YGL055W,23.0,1.1497235838072068e-06,0.0049954727395099706,0.0002695925350275264,0.0008693343821777957,1.6112682775672602e+82,0.24212650232476532
YJL097W,7.0,3.5252514610767296e-08,0.004667083216228919,0.0001036928165670759,1.3298410093936769e-05,1.5117153382435136e+79,0.21382088627207932
YDR507C,14.0,5.763283572566591e-06,0.004842635832720334,0.00013860418606017702,9.56955767164527e-05,4.038731303106087e+83,0.2585358999578474
YCL014W,12.0,1.2600483893256608e-06,0.0047998188616825525,0.00013473171263289532,0.0002535640172482133,1.9237051603918443e+82,0.2542489982036756
YNR009W,9.0,1.6855711271760261e-06,0.004744769530696796,8.843179293384292e-05,4.908015304050462e-06,3.4360132319282284e+82,0.2516640831585666
YLR314C,20.0,5.786572932421189e-06,0.004983100709612396,0.0001945417793508479,0.000594022353241174,4.072609071885324e+83,0.27078734363502577
YDL132W,33.0,0.0002297651960695833,0.00541661163729567,0.00029485133770306283,0.0014254705069911091,6.432610068991516e+86,0.2804878048780488
YOR066W,6.0,1.075449406024223e-06,0.00467038646542246,7.201630991835004e-05,6.843051190334576e-06,1.3995467834108768e+82,0.24742268041237114
YDR501W,1.0,8.533400247340714e-07,0.004563520283262874,3.303365858857876e-05,0.0,8.8202959326464e+81,0.24438836498871033
YER032W,3.0,2.9310567267813258e-06,0.004608272050968254,5.0935390618064234e-05,2.6407062220939e-05,1.0439878178770263e+83,0.2541553478521111
YFL033C,26.0,1.147198346309972e-05,0.005106705167828108,0.00023303720699273205,0.0008430113334867506,1.6016680577042416e+84,0.27840823119987895
YDL127W,10.0,1.1080726268325597e-06,0.004750362040038662,0.00012453380454401764,8.22681473908879e-05,1.4867525942226831e+82,0.2492099322799097
YJR090C,17.0,1.925810636070159e-05,0.004926708230749049,0.0001512151602269394,0.0005021634178508063,4.517826243533138e+84,0.2659471959915205
YIL101C,3.0,9.601014679636622e-07,0.0046030173072364134,8.570074162890165e-05,0.00041899688617005567,1.1173921546635827e+82,0.24808988764044942
YML027W,15.0,1.2222258679110323e-06,0.004855071713874986,0.00015030335800744076,0.00015770209905968606,1.8062137987077417e+82,0.25071535631557434
YDR451C,11.0,9.757930763247485e-07,0.004770126604464559,0.0001209366907171151,0.00012480742804327807,1.1517308601318332e+82,0.24934501761676756
YDL225W,20.0,1.7205514578431168e-06,0.0049623141022399845,0.00020166272945116627,0.00032304363873966046,3.591938253810095e+82,0.2588996763754045
YOR372C,15.0,1.374915055347773e-06,0.004866273316803808,0.0001403326588977911,8.034948240398362e-06,2.2835910885931504e+82,0.25172146472707374
YPL267W,8.0,1.4026899208832269e-06,0.004722181549709943,8.08536953003754e-05,3.601507701591702e-05,2.3833162985321576e+82,0.25255067026581873
YNL289W,8.0,1.075999787615367e-06,0.004708938199994668,0.00012033829527717408,0.00045461232280924436,1.4021403874481201e+82,0.24894020023450888
YCR065W,6.0,1.0369482611961623e-06,0.00467037218031959,7.225564128744867e-05,7.131900618312607e-06,1.3006136706135359e+82,0.24745595552965438
YLR133W,16.0,7.679485328495105e-06,0.004882851711175368,0.00017255109312712549,0.000811401604364064,7.175288479715909e+83,0.2647608998033479
YDR054C,25.0,0.0012453870875804933,0.006028165550971598,0.00019339377650995595,0.0009107635939999681,1.889924461560972e+88,0.28760485593706037
YIL050W,6.0,6.610977866231317e-06,0.004673923309921793,8.002915820830754e-05,3.960836400458131e-05,5.32212393107334e+83,0.2549889135254989
YDL179W,10.0,9.431301183868782e-07,0.004741610176248671,0.00014129233318880443,0.0001472028411752181,1.0772740685366905e+82,0.24770024680278213
YNL068C,14.0,1.4936494602560634e-06,0.004848788929412694,0.00012811824006133776,5.620034242098872e-06,2.6931031607607954e+82,0.25138901539302305
YKR042W,4.0,6.807806172442212e-07,0.0046068122309248765,0.0001150556299594625,0.0011171946967600003,5.6187078765208625e+81,0.21590331286423906
YMR305C,9.0,8.109954764961012e-06,0.00471404169467089,0.00020793936360589352,0.0014851432307206537,8.016704036465022e+83,0.2446049541365711
YGR279C,9.0,8.07502559063304e-06,0.004713235622814891,0.00020686248859787376,0.0011635792552684072,7.947769566198014e+83,0.24249879189913456
YBR162W-A,1.0,2.08120878511332e-06,0.00454921310716888,3.6888114875336704e-05,0.0,5.281085660615556e+82,0.20793309978528648
YNL051W,12.0,9.59979176014229e-07,0.004771228934670732,0.0001410930963135066,0.00019215598483370155,1.1231379147666168e+82,0.23191328459793295
YPL051W,12.0,4.91127158973764e-06,0.004771006776350854,0.00015313923676712443,0.0003256019070584728,2.9407295572890953e+83,0.2272353038037214
YNL041C,24.0,4.264897736546639e-07,0.005031747267103464,0.0002373669055776452,0.00039824466765344676,2.2140083521981237e+81,0.241406454998688
YLR309C,6.0,9.688874581119343e-07,0.004648820040854155,9.457013168195989e-05,1.612111377025511e-05,1.1436838524617678e+82,0.22439024390243903
YER122C,20.0,4.55579362557735e-06,0.004956929257172716,0.00019826326772625082,0.00012514563918644459,2.530213309867053e+83,0.2445399370929872
YNL297C,6.0,8.10355462388255e-08,0.004646336546002044,0.0001227350242225083,0.0003904400815970111,8.006503426764833e+79,0.21369672099415432
YJL004C,8.0,2.1256528631537903e-06,0.004692300862179723,0.00010631093071288228,4.005381980823881e-05,5.506013958732731e+82,0.23106869270375488
YML071C,22.0,9.992060511523538e-07,0.0049871395729994905,0.00021121083219707965,0.00014680756588879713,1.2139912010169764e+82,0.23441481229828434
YBR165W,1.0,5.747925600678714e-06,0.004552451714122128,3.375321028373645e-05,0.0,4.0268503073457804e+83,0.22337325995467788
YBR166C,29.0,0.00017198824179609487,0.005298813362486067,0.0002019619000162118,0.0008687775866160106,3.602660019454933e+86,0.276331597917501
YDR035W,12.0,3.9843920762315025e-06,0.004778655866758369,0.00011551707632956779,2.219759603792945e-06,1.933584604646875e+83,0.2360790351552476
YKL211C,39.0,2.7631598536525654e-05,0.005382228605436594,0.00031280848482176686,0.0006956730685822143,9.304256214837872e+84,0.26749370032952124
YPL190C,31.0,0.0007945738957302062,0.005836866684082447,0.00016821706403253496,0.0005702771353674192,7.686906272171075e+87,0.2853745541022592
YCR053W,22.0,3.0032527189919754e-05,0.005049529470522633,0.0001745599151766148,0.0008719606365505858,1.097719754575739e+85,0.27196137360201017
YDR127W,19.0,1.5755866592776082e-05,0.004960896143042848,0.00016420817173878785,0.0005175864991799951,3.0233201524239727e+84,0.2663706992230855
YGL148W,20.0,1.3478535302949672e-05,0.004965808760584692,0.00017203641488951327,6.46477146145289e-05,2.2134211087182214e+84,0.25303690121476047
YHR137W,15.0,4.458275740532426e-06,0.004850835101986276,0.0001406076759194651,7.943215335839974e-05,2.4210230622951474e+83,0.2438485665061625
YGR208W,37.0,0.00017186016741536908,0.005488403522214,0.00026320676867221116,0.001681173074818684,3.597621736267027e+86,0.28387760349704294
YNL316C,17.0,1.1315200816708481e-05,0.004901528710767723,0.00014841767478184103,2.4238759366687394e-05,1.5597570768396154e+84,0.25160672774511145
YDR289C,19.0,0.0002641907559433621,0.005182399621210232,0.00011531401420956683,6.382384075594078e-05,8.50130598077119e+86,0.26787014121415054
YBR249C,12.0,5.063163931592836e-06,0.004784346769860613,0.000114047239813899,1.590015325860357e-05,3.123042536080463e+83,0.24038670905369508
YER090W,15.0,2.5983441687593426e-05,0.004866528209907316,0.00013811442221619573,0.00013881189535059775,8.217696068233235e+84,0.2564102564102564
YLR430W,33.0,0.0009295171433840027,0.00599932122915394,0.00016835087755665587,0.0005775035273265588,1.0518899298701538e+88,0.289202074710536
YIL009C-A,15.0,2.1162175332128233e-05,0.004858046593325623,0.0001302921779551784,0.00030371205743864345,5.443011937577906e+84,0.248996346249267
YHR150W,3.0,3.3196492572749674e-09,0.00458589603570417,8.39898683711043e-05,1.1427852272785848e-07,1.3430505202590401e+77,0.18838947476195353
YDR479C,5.0,2.3813154183845804e-07,0.004626015576015303,0.00010525228821040513,7.833591763218254e-05,6.911822762230286e+80,0.20875879282958928
YLR324W,16.0,6.597303435665611e-07,0.0048473664349485005,0.00024325566549638356,0.0011999046912343982,5.306176464348516e+81,0.23200100870003781
YLR207W,22.0,0.00023900380888955817,0.005174225314418094,0.00019234856253040567,0.00035575150715794695,6.961787191659748e+86,0.2699002542538627
YDR333C,9.0,0.00044167797591398463,0.005045069896853901,6.545906921469311e-05,9.461399208328529e-06,2.377129926730651e+87,0.2502493426421253
YMR022W,24.0,0.0004309015498856408,0.005363363494835286,0.00020346495636232323,0.0008597668385680227,2.262757812678096e+87,0.2725522144867427
YPL009C,21.0,0.0023941142010132834,0.006761224967078488,0.00011645831577328735,0.0007159670728751852,6.983513106649629e+88,0.2758482834441057
YMR247C,18.0,0.0016198425779158808,0.006116618993880137,0.00010848851236485582,0.00018718576816201236,3.1971225979504066e+88,0.27284859868518613
YMR264W,23.0,0.000487989524354381,0.005379399840913511,0.000172873397965965,0.0004608371706298464,2.901794012035335e+87,0.26930770356637557
YML029W,16.0,3.9337470690500403e-05,0.004904299534428862,0.00014055647767874166,5.097668332006948e-05,1.8861282172933168e+85,0.2558516801853998
YKL020C,11.0,3.4610459273506564e-05,0.0047941930124856865,0.00011536131654824996,0.0004686356430226548,1.4599300772388314e+85,0.25461254612546125
YDL091C,11.0,2.020191170146909e-05,0.00477236005184727,0.00015499282258194243,0.0005310429432303098,4.9735741715879114e+84,0.24003130843153456
YOL073C,8.0,1.30578937938547e-05,0.004702624384671193,0.00012802808999845604,0.00023922772736286984,2.077901955543402e+84,0.23089471702848538
YIR033W,4.0,1.2032391113411122e-05,0.004625947541823856,6.119657424244861e-05,6.847497904706444e-05,1.7644696883808163e+84,0.24641757064416767
YBR171W,12.0,0.00043135625754836136,0.00509486408663905,0.00010917898907201155,0.00021356876113474616,2.2676701842429466e+87,0.25621982918678055
YMR065W,3.0,2.2255466287669158e-06,0.004588743874426006,6.570969885993081e-05,3.308107998638616e-06,6.038660885907616e+82,0.21500350549193736
YLR292C,16.0,0.0004454926315510211,0.00520111059632513,0.00014320949739142144,0.0005031536261891327,2.4187163629195656e+87,0.26822157434402333
YBR172C,6.0,1.6669458456568257e-05,0.004669631208797295,6.282631448279819e-05,8.988322682428533e-06,3.3818563770026066e+84,0.23424570337364736
YKL204W,7.0,3.381549356193597e-05,0.004700136024532546,7.644250602084245e-05,6.6522243513918226e-06,1.3931114470424348e+85,0.23981232079242332
YGL004C,27.0,0.00014170367339184334,0.005256031327527477,0.00014176617766671683,1.1553890049134847e-05,2.447248984204124e+86,0.24905251759610178
YHL030W,30.0,0.00019643108849752542,0.00537108898447375,0.00015192310207453818,5.218021855759043e-05,4.702296548945323e+86,0.2547065337763012
YPL144W,9.0,2.756641419044518e-05,0.004748289193928924,6.876907572277647e-05,2.559578179975213e-06,9.261709695849267e+84,0.22856196430789616
YLR021W,8.0,2.0479950687016596e-05,0.004718049929874037,6.393416829631363e-05,0.0,5.111908438250159e+84,0.21957040572792363
YPL055C,10.0,2.5739624729757118e-05,0.004778193882631523,7.437804104218769e-05,9.287289617649538e-07,8.065379540262967e+84,0.24506104328523862
YBR176W,5.0,2.648228539831808e-07,0.004631447989475719,7.791728418503761e-05,5.2046640159608e-05,8.544946162423872e+80,0.21815594988736514
YHR063C,3.0,1.791837792134451e-08,0.004586417815872917,6.480660738129229e-05,4.7021844077756835e-06,3.905338578045512e+78,0.20474777448071216
YJR016C,27.0,1.6014897481961937e-05,0.00513349828597933,0.00022618995848632835,0.0008900742503394529,3.1254089929037317e+84,0.2619341368510961
YIL145C,18.0,3.166384218038296e-06,0.004904619464652655,0.0002221158419813278,0.0010930157304296353,1.221975340459287e+83,0.24614286988317133
YOR126C,8.0,1.737619817716141e-07,0.004688251973284283,0.00014972892527539535,0.00046823282863177345,3.678786106578739e+80,0.20932084486746805
YGR015C,4.0,1.3008620877839366e-09,0.004604364533904195,0.00010934584326425408,4.678317073921288e-06,2.054629292729741e+76,0.17826578394962053
YOR377W,6.0,1.0069991731690111e-07,0.00464513121197406,0.00014388287774783282,0.0003041143549920945,1.235499934926076e+80,0.20723832407268358
YCL056C,8.0,4.1940984435467724e-07,0.004694531056013041,9.795825508154214e-05,5.1244453148241105e-05,2.143364822078653e+81,0.22964596247451846
YLR368W,9.0,1.8234548196889035e-05,0.004731326971578898,0.00010609940125049102,0.00020427232270434583,4.052501617783489e+84,0.2536648131979229
YMR187C,1.0,1.2655793212716646e-07,0.004548584458867333,3.5863951706752975e-05,0.0,1.9525640434073262e+80,0.21112216017746502
YDR470C,12.0,4.163540151239401e-06,0.004779658199686151,0.0001317108923209691,3.982039227244635e-05,2.1132198643586605e+83,0.2406591969307233
YJL112W,7.0,1.4358906558861152e-06,0.004670859492421541,8.952967968112055e-05,2.6751044142046926e-05,2.5122320712430406e+82,0.23081747856993517
YIL136W,8.0,4.405384346147286e-06,0.004699685192053881,0.00010381409632757515,0.0001337866316023315,2.365501853707138e+83,0.24054383824298414
YOR211C,10.0,1.520692505280377e-06,0.004730162550649448,0.00012416360116196813,7.52917006289857e-05,2.818241137050585e+82,0.23288191368181244
YDR150W,25.0,2.0700101767998085e-06,0.005058947065176338,0.00023872773368501944,0.0006679842986051968,5.2061000199086354e+82,0.2543896032075211
YGR101W,10.0,1.670278536552363e-06,0.004729863244028695,0.00013529410617798868,4.884579601554318e-05,3.400913964920284e+82,0.22824064502790986
YBR182C,6.0,9.854261610291352e-07,0.004656542965765287,7.825107166820153e-05,1.0973385771346765e-05,1.1777202112186928e+82,0.24184008762322015
YMR172W,12.0,0.00013981305109545209,0.004890061624256335,0.0001107232930441504,0.00021584248844089753,2.3757371701708687e+86,0.2558516801853998
YBR183W,10.0,2.610246954653821e-07,0.004731577033480587,0.0001347302763544229,2.0884310237049973e-05,8.298011526013003e+80,0.22492054437291173
YHL003C,17.0,2.72658523122161e-07,0.004869766340131886,0.00021593834979852437,6.587608355933487e-05,9.053712640833261e+80,0.2288652100004146
YKR053C,10.0,2.1533096654465207e-08,0.004726771553237454,0.00013832939910128451,1.112148843380502e-06,5.64317675201963e+78,0.20227930668034738
YDR297W,15.0,2.8223041355184575e-07,0.00482964039824604,0.0001973286606260078,7.892133624449058e-05,9.702549661920683e+80,0.2248197776239156
YOR171C,13.0,2.5804078920315355e-07,0.004790438440973081,0.00016813241878044344,1.8105518765585e-05,8.109891126632727e+80,0.22297624818225883
YER019W,12.0,1.801744593300237e-06,0.004783296365681579,0.00014378853887092775,0.0004344296711267016,3.95198705681432e+82,0.2528977871443625
YOL027C,6.0,6.335898227523997e-05,0.004699868040650864,0.00010765111936818152,0.0014542256923075429,4.894543676345691e+85,0.24378395088989974
YDL107W,4.0,5.2189968492721565e-05,0.004648911079478061,5.080772091782983e-05,0.0,3.321140139640762e+85,0.23525400613706102
YNR040W,1.0,3.1569053108656465e-05,0.00457162925592298,3.066190661919143e-05,0.0,1.2152002559230508e+85,0.210373870955448
YBR186W,11.0,9.194356499001156e-06,0.0047898255286723925,9.038898437671792e-05,3.7196959212726623e-05,1.0278900741874422e+84,0.2536764705882353
YDR285W,24.0,8.435405692483252e-06,0.0050510599962093365,0.00019267183298345044,0.00022297102193392031,8.650053075592194e+83,0.25664868885995906
YIL072W,23.0,6.356636200597841e-06,0.005017600473583893,0.0001917298503549968,0.00011377795481461922,4.910166100473189e+83,0.2484472049689441
YGL249W,15.0,5.531244571215277e-06,0.004840876238678641,0.0001388117728525069,0.0004704801599990416,3.7233173906061447e+83,0.23771586064338315
YBR187W,6.0,3.0443258378203314e-08,0.004644188859129135,0.00018979610218786743,0.0013241188499439032,1.1287354715378138e+79,0.20847496034443688
YDL128W,9.0,1.0223548471832816e-06,0.004707827887001244,0.00015454940097996549,0.00010389993029835872,1.273304393914745e+82,0.22456368740083804
YIL067C,5.0,2.733650243277417e-10,0.00462304949619866,0.0002015594138611112,0.0005038967264792181,9.048530370141494e+74,0.1758017771266601
YGL167C,17.0,1.1382202023194252e-06,0.0048729790434393445,0.00026615303036339256,0.002380225093686847,1.5778121224166506e+82,0.25430756472864646
YMR211W,1.0,1.407355340727321e-10,0.004546702197408031,5.4503850996028463e-05,0.0,2.4049896560051484e+74,0.17251617339125544
YMR034C,3.0,5.957269134910835e-08,0.004584852442478938,0.00014457648625080372,0.0003801610461808528,4.318508582972836e+79,0.19036452046763458
YML017W,33.0,0.006687952874584271,0.010262118266248569,0.00011567448262865228,0.0003853085946128031,5.448403378730479e+89,0.28107337440806557
YLR149C-A,1.0,6.832092884310452e-13,0.004546706687736923,4.868661880185553e-05,0.0,5.709808718205675e+69,0.12632157078127146
YBR192W,4.0,9.267515943818678e-08,0.004606177173230833,0.00012054171966639936,0.0014487441985239005,1.0440483159405894e+80,0.2052884078991409
YLR220W,21.0,4.752628316974129e-06,0.004957882826954999,0.0002887535859933918,0.0025955438954738054,2.750197148017042e+83,0.25286303252404946
YDL198C,2.0,4.284852359684757e-10,0.004565510305762273,0.0001194271435832434,0.001086562625554409,2.2246420612402492e+75,0.17035985432997963
YJL133W,6.0,4.059107034706304e-06,0.004653294652000694,0.00011385058696435887,0.0004483859356367085,2.008444255541098e+83,0.2261924274709064
YKR052C,12.0,1.1252641563048731e-05,0.004783816080787072,0.00017800271493208914,0.0014445949353828892,1.5400217811453828e+84,0.23977065415689341
YJL088W,19.0,9.973638514178651e-06,0.004951462338576756,0.00016945925902788142,0.0004686625992123516,1.2112515309194866e+84,0.265729552784865
YPR160W,28.0,9.483605154571634e-05,0.005200761451219927,0.00024402368627093028,0.000537999878330764,1.0960619043016255e+86,0.26064784210029274
YER069W,61.0,2.8618697981979532e-05,0.005840378183729721,0.0005260015635431192,0.0026378898475088374,9.98047771389252e+84,0.27284859868518613
YIL107C,12.0,9.860433663290727e-06,0.004805693926302258,0.00010576495912145207,7.488345338003315e-07,1.185066199095207e+84,0.23931327495014307
YMR084W,19.0,1.2360640248134827e-05,0.004952652761245021,0.00017663126012413494,0.0003057778127961919,1.8620928849597247e+84,0.25349008082292435
YMR126C,6.0,2.8972051960321747e-06,0.004645286871536711,0.0001673806590527664,0.000333317877902964,1.0232694985901726e+83,0.19230769230769232
YKL098W,5.0,2.897072713641595e-06,0.004625748741706466,0.00014600772345663764,0.00017569912282829655,1.0231758033424613e+83,0.19128144708573014
YBR255W,12.0,0.0006188988965522289,0.005227216195010664,0.00017168314869581483,0.002592657359099778,4.667769579596735e+87,0.2354948805460751
YPR158W,14.0,0.00011693587565808871,0.00493683841348309,0.00011015545585570718,0.0002610689324542878,1.665531961190819e+86,0.2617726561388533
YML114C,17.0,5.298838285372799e-05,0.004991499557849525,9.414580839813257e-05,2.645663546564487e-07,3.413292006964809e+85,0.2500679532481653
YPL011C,14.0,3.711557609450766e-05,0.004900343006147566,8.325737020075101e-05,0.0,1.6743015752694313e+85,0.24740050197203298
YMR005W,30.0,0.00022699959856969037,0.005473664331035005,0.00014079781837520665,7.537507176424081e-06,6.271852490327762e+86,0.2668858482811971
YOL113W,8.0,2.139350517607262e-06,0.004710845900403363,9.163511856606185e-05,1.7256842623155828e-06,5.572962399163215e+82,0.23946900351394734
YBR201C-A,1.0,2.5307100965295286e-13,0.004546374693441761,8.443222873254783e-05,0.0,7.36871836895842e+68,0.14286453750194109
YDR344C,2.0,5.370139265412609e-11,0.004565354864218694,0.0001295580286365922,0.00036231884057971015,3.4583657292672605e+73,0.166671699024729
YIL131C,15.0,2.7885346786756924e-06,0.004850081974067826,0.00014133212675577282,0.00011051728614069034,9.453651023798491e+82,0.2473229087324701
YBR204C,2.0,1.1213641993099991e-14,0.004565419783607175,0.0001499323783739966,0.0,1.4235932193422018e+66,0.12612530274642417
YOR059C,3.0,2.34253144260018e-12,0.0045843086916596215,0.00020617608434299567,0.0007245063824311796,6.619820768925479e+70,0.14432127170048106
YPR147C,2.0,1.1213641993099991e-14,0.004565419783607175,0.0001499323783739966,0.0,1.4235932193422018e+66,0.12612530274642417
YBR205W,4.0,2.988068880441279e-08,0.0046052851849013535,0.00010148098208680181,5.139216168068125e-05,1.0893270655275408e+79,0.1920333971125413
YOR099W,2.0,1.2800075282671964e-09,0.004566328768669083,6.531689705050297e-05,0.0,2.001511527769268e+76,0.17632402734300134
YHR181W,5.0,1.1564686221247474e-06,0.004627208833770882,9.82388017261391e-05,0.00015907857785790305,1.630794275931356e+82,0.2153642074050954
YBR207W,10.0,1.4565572192517289e-07,0.004730910609279588,0.00014917222118132146,1.6221624773541655e-05,2.57284472441651e+80,0.21971898260558054
YMR058W,33.0,2.6468607321443893e-06,0.005192927984847153,0.00043192719665374464,0.002435916232627661,8.524040099798644e+82,0.2518477963317821
YER145C,24.0,3.3170009763989545e-06,0.0050151011682672275,0.00030690430878147607,0.0010515228034270153,1.3391025086768263e+83,0.24548608022769725
YLL051C,8.0,6.153817568868533e-08,0.004689162181921111,0.000130266002360769,8.963510746279185e-06,4.583462902361545e+79,0.2119245978423619
YEL065W,11.0,1.575137086591024e-06,0.004752843710709971,0.00015817309633584767,8.437940365064053e-05,3.021135223488321e+82,0.2263593865332568
YLR214W,15.0,8.707227090102604e-08,0.004829567593773047,0.00021728430071106468,3.3571439937386204e-05,9.216026731582698e+79,0.21262663225607642
YLR034C,12.0,5.247845927787746e-06,0.004785226405182252,0.00016181577940542003,0.0004518264261693179,3.341776031189517e+83,0.235937767139682
YFL041W,9.0,9.113755911561756e-08,0.004710216811291453,0.00013600411111044258,8.793986634169714e-06,1.0069489540850082e+80,0.21640269719303748
YFL061W,3.0,2.6830205509329324e-06,0.004591160937625962,0.00010862455330578247,0.0005629925933095536,8.774544822160344e+82,0.22726337024990736
YHL016C,9.0,4.199462232270769e-06,0.004716842475662601,0.00012214634436094447,0.00023749989238765887,2.1496368753594018e+83,0.23801310796826491
YNL142W,10.0,7.04533181549607e-06,0.004739343173179107,0.00012918335749570803,9.523331525821373e-05,6.049869637157413e+83,0.25022665457842247
YNR068C,5.0,3.1831044694907134e-06,0.004640497062895308,7.541287992962655e-05,5.0744054669582e-06,1.234830918612002e+83,0.23767491926803014
YLR438W,15.0,6.220190617348685e-06,0.004850306982511702,0.0001458611078157934,2.93653584793297e-05,4.7151862553390736e+83,0.24606606338875764
YPL111W,24.0,1.5304346593770565e-05,0.005046825461755689,0.00024312545221920605,0.0009901937862316112,2.8545454598150935e+84,0.26094355677413256
YDL141W,7.0,4.5312567814668845e-06,0.0046816667983442814,8.907666039425263e-05,0.00011508432068006762,2.5027780608748734e+83,0.23926141042867669
YJL130C,32.0,4.3189108907559e-05,0.005253530917627771,0.00026293212091026824,0.0011436605096261784,2.2727509987694226e+85,0.27604140621093165
YHR033W,6.0,5.543578947207815e-06,0.004658271314727844,7.223638999302774e-05,1.0179374841618202e-06,3.7455826228633953e+83,0.23841402841964324
YKR034W,14.0,0.00024063810744357134,0.004985937103101648,0.000162122585729658,0.00025035342144201516,7.05663519875252e+86,0.2549418067615001
YIL098C,6.0,5.5971027373100365e-05,0.004708281284458619,6.870376925396699e-05,8.004655466065035e-05,3.817067983513863e+85,0.2582818641212802
YJR109C,20.0,1.760207912096506e-05,0.0049820044870407445,0.00017740268802530183,0.00010658953557416334,3.7755049904779265e+84,0.2581248538695347
YNL314W,6.0,0.00023865422505383945,0.004825140694755842,7.356944278658284e-05,0.0,6.940785340000834e+86,0.24371936950858758
YIR027C,14.0,0.00024156498081687815,0.004990532999046727,0.0001528882399503787,0.00019653684497502398,7.111129329080872e+86,0.25161819673625674
YOR303W,18.0,1.668203249320465e-05,0.004934363179339938,0.00018556192889342113,0.0004403152015271024,3.391168785849883e+84,0.2564459930313589
YNR069C,8.0,3.2064750884160397e-06,0.004698661676355388,0.00013808610458584692,0.0007754743102566073,1.2530245465217012e+83,0.24152264274775762
YIR029W,9.0,0.00024099225619441305,0.004888019040657259,0.00010371503534394684,3.777495365982927e-05,7.077467530696493e+86,0.2452897262708852
YOR221C,23.0,0.0026109296109033224,0.006969168471967284,0.00013913462035469935,0.0008783460732008907,8.307500586574038e+88,0.2715065663272835
YML004C,16.0,9.465630435478674e-05,0.004934664141018241,0.0001514157654780728,0.0004434504742785094,1.091751537993878e+86,0.26107931703164167
YDR300C,11.0,3.0979109865115814e-05,0.004795960319785564,0.00010826207998097554,0.00015119033545092197,1.1684316579832805e+85,0.2663706992230855
YBR210W,1.0,1.901820505300912e-17,0.004546375307101765,8.795357119012076e-05,0.0,3.733418384090864e+60,0.0995365778891754
YML066C,2.0,3.905661847975373e-15,0.0045655025792833166,0.00014106755820819788,0.00036231884057971015,1.7522078531458776e+65,0.11053706596179262
YGR250C,4.0,6.446672941213236e-06,0.004620423043035225,5.338526051901499e-05,1.4712311534574489e-06,5.051666733722642e+83,0.22839174148702884
YBR213W,10.0,5.072715337453652e-06,0.004738353209595575,0.00011592031496492061,3.6594235011741366e-05,3.136125674146662e+83,0.2371337743792422
YDL205C,13.0,5.913296584350621e-06,0.004794394421312157,0.00015147558963176478,8.615178414248855e-05,4.2615129772845806e+83,0.23390821644984958
YKR069W,18.0,6.013237081213339e-06,0.004899510312385188,0.00022344982954684874,0.0011446096204020143,4.407055073806907e+83,0.24507192328183272
YPR167C,25.0,1.2421286804918685e-05,0.005062250603637822,0.00022760196067429946,0.0006663017904143259,1.8798610012604928e+84,0.2611534276387378
YFR030W,19.0,5.56867862337883e-06,0.004932795912630524,0.00018185323637735792,0.00018697895734757472,3.778684233764036e+83,0.24878312601406166
YOL064C,12.0,0.0001759215450953262,0.004905912454605898,0.00014713383315655495,0.001692304653453536,3.769984232233808e+86,0.2582818641212802
YOR278W,12.0,2.199777573694855e-06,0.004772314747017126,0.0001452891119745946,8.032052200762982e-05,5.899435984144703e+82,0.2329212203046542
YBR214W,6.0,1.576800444499852e-05,0.004661935012665684,9.96676992682474e-05,7.859159238764422e-05,3.0245742190527507e+84,0.23854796888504753
YGL208W,16.0,9.68813466905286e-06,0.004862684100502174,0.00020245366374933109,0.00018005521593780056,1.1435182467015785e+84,0.253758102330713
YHR146W,4.0,3.9548055124629725e-07,0.004607891412364833,7.476470415355064e-05,3.7799806633184816e-05,1.9022610318387352e+81,0.22881777483004476
YER027C,17.0,9.739261751042127e-06,0.004882507525660481,0.00021236868902492647,0.00018701681994950638,1.155619479318325e+84,0.25380477263322454
YNL173C,3.0,3.196098557467993e-07,0.004587145877564488,6.594185850618769e-05,1.7185799062538828e-06,1.2417819070900852e+81,0.2147442131880957
YDR422C,16.0,9.68813466905286e-06,0.004862684100502174,0.00020245366374933109,0.00018005521593780056,1.1435182467015785e+84,0.253758102330713
YBR216C,3.0,3.0516198331547356e-07,0.004591856181648184,5.29104370770064e-05,0.0,1.133404412813419e+81,0.2284390001655355
YOR388C,14.0,1.3482632861407523e-05,0.004851715242586922,0.00011813086189647797,9.281794778191145e-05,2.215696665988508e+84,0.23562556025099243
YHR018C,48.0,4.066801809442909e-05,0.0056398572196084355,0.00034850809599878366,0.0013733099368399026,2.0147720078057454e+85,0.2779736126498137
YEL071W,20.0,1.659691167073254e-05,0.00497693415549928,0.00016700719348436795,7.284564740496433e-05,3.3574772276303346e+84,0.24567181449997774
YDL178W,21.0,2.099414684409706e-05,0.00501233824731405,0.0001775730836144795,0.0010582349601165062,5.37137607445131e+84,0.27232363098174645
YML008C,23.0,6.620132334577736e-06,0.005020946747548359,0.00023484630216835683,0.0009818910790536472,5.340879678942205e+83,0.2587297867354113
YKL007W,12.0,4.162160870587772e-06,0.004777048455296985,0.00015282892836547473,0.0005997734548452741,2.1093810304034992e+83,0.24334332569211778
YML059C,11.0,7.061326852715282e-06,0.00476980736184393,0.0001258518573882372,0.0005964302573057282,6.064967333835702e+83,0.2577873254564984
YDR430C,8.0,8.257271959348436e-06,0.004708846404347007,8.793404816864997e-05,8.414091665774067e-05,8.30811629434716e+83,0.24259470862265975
YKR023W,16.0,0.0015758762866475073,0.006047019243835048,9.042637617250729e-05,9.69812301327585e-05,3.026141748277015e+88,0.27233706645616457
YCR014C,15.0,2.9966822989189338e-05,0.004894456417058948,0.00010497589795944518,4.1444170967700045e-05,1.0907022664650101e+85,0.25029473111453704
YOR258W,7.0,1.9130869519678103e-06,0.004695826351044709,6.328319265836507e-05,6.391370886306029e-07,4.417921685107736e+82,0.23877498053464832
YHR134W,13.0,1.6241555049505136e-05,0.00484706481890556,0.0001039661988561176,0.00018505264578907787,3.210910184949738e+84,0.2646466583565059
YBR225W,2.0,3.3225655110820403e-06,0.004569793489926141,5.03793389852239e-05,0.0,1.345268249399009e+83,0.22445411295897205
YGL197W,4.0,4.661190546331243e-06,0.004612386189530664,7.371268163795507e-05,8.628814102784408e-06,2.647188437121872e+83,0.23325586308894994
YOR391C,12.0,8.992415658969933e-05,0.004844888000694414,0.00012228959005825172,0.0001333616351256571,9.853175224195925e+85,0.25221602851137714
YDL119C,4.0,3.4620684247503386e-08,0.004604325936214784,9.969747992535699e-05,3.7359647298198683e-05,1.4613808517855216e+79,0.200990387416254
YKL013C,14.0,5.170350631001504e-06,0.004845081641872665,0.00013390957533598245,7.049508500887954e-05,3.252844436600123e+83,0.2592888346094227
YHR079C,13.0,1.751084689511527e-05,0.004812049748789881,0.00014155939853512542,0.0004327397808838718,3.7381161929401287e+84,0.2497737556561086
YMR200W,9.0,5.527281543781493e-06,0.004715340586006564,0.00013763991301257294,0.00016948138668822945,3.724779896327141e+83,0.23741935483870968
YDR221W,1.0,7.778056099957076e-08,0.004548227019146567,3.7432645267092685e-05,0.0,7.379688616525119e+79,0.20096111839231107
YJR131W,7.0,1.9263587629552744e-06,0.0046704331314416135,9.3740381845763e-05,3.5602377178658067e-05,4.5246092475325015e+82,0.228287841191067
YBR230C,2.0,7.292570239186299e-07,0.004569585784617864,4.5120350342953705e-05,0.0,6.481576473125934e+81,0.22184711839884252
YBR230W-A,2.0,1.1119498249455056e-15,0.004565420108083235,0.00015464134134096386,0.0,1.3298312239516028e+64,0.12146283501298244
YCL048W-A,3.0,2.272956202517685e-13,0.004584386472326229,0.0002175886477514483,0.0007245063824311798,6.18382013549903e+68,0.1382488479262673
YIL002W-A,2.0,1.1119498249455058e-15,0.004565420108083235,0.00015464134134096386,0.0,1.3298312239516028e+64,0.12146283501298244
YNL215W,20.0,2.7009492643014987e-05,0.005023961223764435,0.0001261498065559573,9.844494412606716e-07,8.863312152690934e+84,0.2677012609117362
YEL044W,24.0,2.8448163013649013e-05,0.00511449240010142,0.00014587673097141884,1.1432556648250914e-06,9.830621796485332e+84,0.2678311499272198
YBR233W,1.0,1.2784574993024812e-06,0.004549352851040702,3.422216740581041e-05,0.0,1.9897774654083983e+82,0.20521208966876092
YHR129C,29.0,1.0638936385383565e-05,0.00515675998037946,0.0002505460140996928,0.00020296607757852713,1.378216199943862e+84,0.26034051785124745
YDR212W,33.0,0.00035751506855128453,0.005527800064680271,0.0002403382990665001,0.00121518403665127,1.5565888425926737e+87,0.2921098587077314
YJR107W,2.0,6.183822603303174e-08,0.00456688298583606,9.378356434214325e-05,0.00036231884057971015,4.650169925155566e+79,0.20886938095958832
YJR065C,25.0,7.467419540023583e-06,0.005079167589226729,0.00022545999736196421,0.00010593208028120417,6.78722110619107e+83,0.26490066225165565
YDR063W,10.0,0.00037664578662561425,0.005037541402372236,0.00010144365056808746,0.00022881456153672034,1.728057630048817e+87,0.2767194706236214
YBR236C,12.0,0.00012324616829948278,0.004917245692409549,8.98971651441004e-05,4.13174311455899e-05,1.84956577313661e+86,0.26117814052519517
YPL228W,4.0,1.555492368090487e-05,0.004638932891804013,5.0316055810013184e-05,0.0,2.942613374568282e+84,0.2454533327404509
YNL251C,18.0,0.0005433549642021545,0.005361885202542582,0.00010252001458093866,8.472984864954004e-05,3.595057232124581e+87,0.27232363098174645
YDR370C,6.0,0.00025743558972872135,0.004846180588536113,5.4998611150062406e-05,3.0393675142985264e-06,8.069951953999602e+86,0.24216899183995788
YNL286W,27.0,7.826418353035146e-05,0.005316742887735037,0.00011492827427300129,8.088200493819398e-06,7.423126407959718e+85,0.23692003948667326
YBR240C,9.0,1.1966058785131601e-06,0.004712280728288108,0.00011430823689809568,0.0002926076585735193,1.744487805925791e+82,0.23129137685410206
YDR081C,7.0,3.994929663952059e-06,0.0046776153922208,0.00011250661685356636,0.0004418674248342805,1.9452404865892876e+83,0.22415333387476652
YMR294W,21.0,4.93772587036485e-06,0.004987655461075604,0.00019685938910911116,0.00037450090254414884,2.967400280277646e+83,0.2645705521472393
YDR106W,16.0,7.143016845463606e-06,0.004887137663439,0.00014978519197752444,0.00016033716385685794,6.205815750719325e+83,0.25971581819892725
YDR056C,15.0,4.530586543006004e-06,0.004847240732953372,0.00019322221096701244,0.0012074531610800896,2.499393899145153e+83,0.25886325267304444
YGR144W,11.0,1.3491327403292518e-07,0.00474685086036974,0.00014689202661606138,8.214065368811134e-05,2.2145827573650303e+80,0.2152130687356232
YGL104C,1.0,6.213227570890541e-09,0.004546383536366306,6.796929830816464e-05,0.0,4.709336734789535e+77,0.17287817099906044
YDR453C,15.0,1.135311140074623e-05,0.004846422613174912,0.00015017279346278464,1.6981669868496663e-05,1.5715402839804223e+84,0.24158606503566896
YPL216W,4.0,1.4139724066427807e-06,0.004613302940922464,6.940611601092345e-05,0.00012899248182203849,2.4250953586831484e+82,0.22191846908418428
YJL065C,10.0,3.2620146856363035e-06,0.004747993513751018,8.446347183886549e-05,3.378110365422269e-06,1.2892463035028448e+83,0.23531417853184414
YOL017W,1.0,1.0153018058174278e-06,0.004550686760891874,3.30411523752304e-05,0.0,1.2528386221920815e+82,0.2172629590270398
YPL239W,12.0,0.0011546038914567115,0.005657742430607336,6.163895398277085e-05,7.157248426618114e-06,1.6231226200856285e+88,0.2632959694729311
YLR336C,39.0,0.004329840817992015,0.008735300974032722,9.577139079029783e-05,7.224976061579474e-06,2.2805361667060255e+89,0.26378667686132085
YEL055C,39.0,0.005137952293915913,0.009373579517160233,0.00010088486939399398,0.00010930436307092534,3.211745161527795e+89,0.26639640943969883
YNR054C,36.0,0.004285955513396402,0.00864688355137728,8.823771450466115e-05,1.3252115421390097e-06,2.2344661641903955e+89,0.26027913994718976
YER052C,37.0,0.00016606696486089981,0.0054535145642904785,0.0002937396477601327,0.0008850402184256196,3.3603553495429935e+86,0.2716268083850015
YOR131C,3.0,1.017401137633458e-06,0.004596695667525861,4.720156800127068e-05,0.0,1.2607378662842221e+82,0.23154362416107382
YDR354W,19.0,1.1487536923619725e-05,0.004943505369778636,0.00016621939389900456,3.724896624329763e-05,1.6077009890223382e+84,0.24995471834812533
YDR380W,20.0,5.4289193673139005e-06,0.00495724002334321,0.0001763276091804889,0.00020273362362330168,3.5909350442804265e+83,0.2492324363373668
YBR250W,3.0,7.922127572775301e-08,0.004586215448673676,7.793682427319678e-05,3.801428287015118e-05,7.651680151678599e+79,0.19564755086127456
YNL012W,3.0,2.0235554246786725e-08,0.004585003329293835,8.655538041575222e-05,2.1501691639273085e-05,4.984951586079195e+78,0.19404506626357787
YPL159C,7.0,0.0005807417935756924,0.00510651861727294,0.00011641231184043852,0.0010007823968524708,4.110798040881886e+87,0.249333754912146
YER038C,36.0,0.004672025705570173,0.008799516525470062,0.00013375456064068338,0.0009342893040460101,2.660398317437653e+89,0.26585753503828924
YOR205C,6.0,0.0003801065080631201,0.004936434499272281,4.781571973555913e-05,4.016187929987241e-05,1.7609410855480983e+87,0.25290937414093284
YJR057W,15.0,0.00010593179325876264,0.0049320397023772155,0.00011536599771733256,8.55609659792526e-05,1.367613523242433e+86,0.25880256927188333
YHR144C,14.0,1.1164906117229145e-05,0.004825086466635825,0.00012950924783259845,8.943943380315127e-05,1.5187441943785118e+84,0.2449631667702139
YBR254C,17.0,4.695037529929218e-06,0.004887236181687093,0.00017993002183041426,0.0003238677824473679,2.686206552187282e+83,0.24209464497171176
YDR108W,18.0,1.5041025030136832e-06,0.00490908213786131,0.00018022100554029573,9.216890463230334e-05,2.7558918894322815e+82,0.24327897752313796
YOR115C,14.0,4.58503218175512e-06,0.004825617426830825,0.00014784235833539453,6.196930247320334e-06,2.5619646234964494e+83,0.23976023976023977
YEL048C,12.0,6.058363113232858e-07,0.004778747086320317,0.0001321035538486871,0.0,4.467429115208566e+81,0.23184510059221303
YGR166W,17.0,1.164785423646912e-06,0.004880426372432139,0.0001895754595185408,0.0004131697131258557,1.6527248086884485e+82,0.2380541659479041
YBR266C,5.0,9.813466274553838e-06,0.004634295080834739,7.439465534848856e-05,9.819606897365611e-05,1.1718161384081848e+84,0.2216155452063594
YML077W,19.0,8.287371722619727e-06,0.00494182510393578,0.00018331561676765114,8.074459003429052e-05,8.36902229212158e+83,0.25272410951378077
YDR407C,15.0,7.552039081074646e-07,0.004846326588400787,0.0001553843192246255,9.101365283234133e-06,6.9430492128582965e+81,0.23484365028717294
YMR218C,15.0,4.648991032556811e-06,0.0048479587546187445,0.00015552535723472062,9.660568755787447e-06,2.633950158008547e+83,0.24046001045478307
YBR259W,5.0,9.813466274553838e-06,0.004634295080834739,7.439465534848856e-05,9.819606897365611e-05,1.1718161384081848e+84,0.2216155452063594
YDR246W,14.0,4.58503218175512e-06,0.004825617426830825,0.00014784235833539453,6.196930247320334e-06,2.5619646234964494e+83,0.23976023976023977
YDR472W,14.0,4.58503218175512e-06,0.004825617426830825,0.00014784235833539453,6.196930247320334e-06,2.5619646234964494e+83,0.23976023976023977
YKR068C,24.0,7.031338508611073e-05,0.005098462231452592,0.00021408964239205076,0.0007178245124680958,6.019664552810455e+85,0.26053712181998395
YHR151C,4.0,2.8831554705573564e-06,0.004607258713745009,0.00010877036170798803,0.00011791692656487277,1.0133656939769527e+83,0.192040077929307
YHR040W,8.0,0.00019635942456939048,0.00484954881085684,8.428338231883948e-05,0.0010076011831884994,4.690658514659864e+86,0.25417875397154305
YBR260C,14.0,7.139085408124609e-07,0.00482067898886234,0.00019119115873837052,0.0009585902920816923,6.204226090042658e+81,0.2334235453315291
YFL047W,4.0,2.544290036185471e-08,0.004606573064052475,7.531179260860418e-05,2.2287862915784713e-07,7.873102209962841e+78,0.19766525818233904
YOR134W,4.0,1.0820590031269986e-07,0.004611152206892383,7.164856632575794e-05,1.7411787693316114e-05,1.4235308845669978e+80,0.21993784365288072
YGR196C,3.0,5.824354281032055e-08,0.004585727175051742,0.0001291138751700942,0.001105272214902759,4.134627299948393e+79,0.19843266949457186
YBR262C,9.0,4.7053115969791606e-06,0.004717009072443386,0.00011592064098030932,2.9615820117481494e-05,2.698525013344836e+83,0.22808032394017022
YCL057C-A,9.0,3.9919948551167e-06,0.004714193759831354,0.00011546842349646318,2.2383721625342698e-05,1.9428904723264417e+83,0.22336422126006555
YFR011C,6.0,7.966678414781975e-07,0.00464885710183233,8.799548325395476e-05,0.0,7.738611068038103e+81,0.214061348741614
YKR016W,24.0,2.947600164621809e-05,0.005062974394638705,0.00022065240887807314,0.0006752532547893551,1.0588427745976496e+85,0.25541365907828983
YNL100W,7.0,2.495590798053519e-06,0.004673621062961102,9.526018330579939e-05,5.937007632629371e-06,7.593588462888498e+82,0.22209704675303774
YGR235C,6.0,7.966678414781975e-07,0.00464885710183233,8.799548325395476e-05,0.0,7.738611068038103e+81,0.214061348741614
YJR080C,4.0,5.683470632985371e-07,0.004607993709449356,6.388497854925348e-05,3.6169650920804515e-06,3.925557069827785e+81,0.21050223086603365
YDR232W,19.0,7.057441526531686e-06,0.004924390487387185,0.00020209568628404422,0.00044903741025895507,6.069359636370303e+83,0.2452897262708852
YEL046C,14.0,4.631591994984134e-06,0.004834421750545367,0.00013343866929469832,7.460378279705418e-05,2.613029282027397e+83,0.24366557782290102
YKR092C,32.0,0.003426054578543563,0.007883720122515803,0.00015936509521432773,0.0018494296612320544,1.428379696422897e+89,0.2734839476813318
YBR264C,2.0,8.926214164608798e-09,0.004567869787058415,4.648098113977388e-05,7.503697054632995e-08,9.673356278543647e+77,0.2023089609675646
YOR370C,12.0,5.632213920271288e-07,0.004782556012076377,0.0001455973610382901,0.0003345516802729693,3.855444613033326e+81,0.24746704922442392
YPL087W,11.0,1.4446135145550712e-07,0.004749168813310324,0.00014820493492860766,1.615584893120847e-05,2.541443861412689e+80,0.22389875882209784
YJL134W,12.0,2.577546410452066e-07,0.004771179328901966,0.00015590722220133052,2.609167062179702e-05,8.092027092133758e+80,0.22482893450635386
YBR269C,2.0,3.140340269337064e-05,0.00459052600338333,7.772529122040928e-05,0.0003995596334609685,1.1999092563251774e+85,0.2157682836258453
YER034W,3.0,1.4582678803892897e-07,0.00458442588240907,0.00016271980477315157,0.00036871667865831856,2.5836585196088124e+80,0.19008919039911842
YBR270C,10.0,1.7302120060356786e-05,0.004753545662493329,0.00010755313662187192,4.0870819781223106e-06,3.647443920350638e+84,0.2473450732625353
YIL105C,21.0,1.7631622393207364e-05,0.004964651562415767,0.0002685912857174259,0.0012084922429399646,3.7892725745057146e+84,0.25588726126460226
YER093C,16.0,0.0001612888716556902,0.004981769697060571,0.00016715364537118183,0.0002862073121559172,3.169750818835982e+86,0.2581610700589281
YOL078W,13.0,1.7612065659351904e-05,0.004816706129045593,0.00013729499676768563,1.3632453409934102e-05,3.779250541733243e+84,0.25009061254077564
YMR068W,11.0,1.736030604683029e-05,0.004773352744082184,0.00011774406040042403,4.977951265036888e-06,3.6720141943767584e+84,0.24747814391392065
YJL058C,10.0,1.7302120060356786e-05,0.004753545662493329,0.00010755313662187192,4.0870819781223106e-06,3.6474439203506366e+84,0.2473450732625353
YLR285W,5.0,3.5125859110304117e-06,0.004628331926766984,8.57049298555524e-05,1.78391173327674e-06,1.502570861992029e+83,0.2082233119577518
YJR003C,6.0,0.00010045207323964167,0.004723872285711395,9.380022391255528e-05,0.00036351069648555244,1.2275496234692016e+86,0.2213134471974982
YMR310C,9.0,0.0005675222483819664,0.005149672395510463,7.152994520648857e-05,2.207982711675166e-05,3.920054459778013e+87,0.2485814644690624
YHL039W,7.0,4.850359045072338e-06,0.004668176278978974,0.00010651323585517781,3.659183424140826e-05,2.8655824079889664e+83,0.2179492241481423
YPL065W,22.0,1.8811648063838887e-05,0.0049955415931782375,0.0002118354722389035,0.0002910625276023699,4.312662957043237e+84,0.23770562397726294
YGR232W,29.0,0.0001583119618296888,0.0053186350242895525,0.00014921872488250795,1.5887364121840063e-05,3.0544891028301137e+86,0.25290937414093284
YIL007C,39.0,0.00022462201189504973,0.005592379357149262,0.00020249344005967567,0.00024312078324323258,6.148025202197911e+86,0.25754677366677553
YDL110C,13.0,3.325924387350987e-05,0.004840232685767707,9.976667767518083e-05,0.00023637627911626244,1.3482056523441603e+85,0.24109014675052412
YLR010C,9.0,4.300438716584185e-06,0.004726852226729748,8.249428698329364e-05,9.936747305186565e-05,2.248567727202252e+83,0.25135467419516416
YBR276C,1.0,1.331914664123445e-09,0.0045468266395350745,4.114906349058e-05,0.0,2.1371514768083796e+76,0.187194791101465
YKL139W,38.0,0.0003230354860952674,0.005699588953776875,0.00018586332148881705,0.00021872773628724222,1.2706568872947072e+87,0.2727272727272727
YKL161C,9.0,5.180392444857351e-06,0.004722621947778182,0.00010267730933182767,5.586546858384864e-05,3.2645895476685364e+83,0.24026115342763874
YJL006C,33.0,0.0001921811634139557,0.005480996207845262,0.00016026856535504962,8.449623479522295e-05,4.4953117503189235e+86,0.2661651960075221
YEL060C,12.0,3.8914612244046965e-05,0.004809112866355614,0.0001632085959393517,0.0010008907902552713,1.8463467883098578e+85,0.2660112765649848
YNL141W,20.0,2.9287719504094677e-05,0.004969408765585387,0.00018174835097328756,0.0004190860147354454,1.0440333525766868e+85,0.2550006929366656
YBR281C,5.0,1.4989538789693728e-06,0.004634459044148713,7.156129729856905e-05,5.761859510705943e-05,2.732636475180032e+82,0.22821233669588226
YNL119W,15.0,0.000258731042343484,0.00504408992060038,0.00012443323764323446,0.0002526434408709611,8.147167378699338e+86,0.2582093741229301
YOL058W,36.0,2.0324899910697695e-05,0.0053071724727619335,0.00033095597689802083,0.0010323032607418414,5.033533090233762e+84,0.26421596783457785
YNL191W,4.0,1.0661894338692993e-07,0.004607430942828263,6.510423036126925e-05,5.904897891644141e-06,1.3849711068240313e+80,0.20892471897354378
YBR287W,2.0,0.00014815320889069997,0.004676971586519324,3.819593468271948e-05,1.1029832414701812e-05,2.6749652253010156e+86,0.23854796888504753
YBR284W,1.0,1.0472784648696653e-09,0.004546382645460845,6.716808309476118e-05,0.0,1.3340543442916081e+76,0.16769450435944952
YJL070C,2.0,2.2676021332821431e-07,0.0045672690075099585,9.275034529667356e-05,0.0003623188405797103,6.261126552744759e+80,0.20147456018687496
YJL172W,9.0,1.3858919542821258e-05,0.0047284982595909835,0.00012716603973957755,0.0005548436556049133,2.3412535972918007e+84,0.25290937414093284
YHR028C,8.0,0.00036806683629068846,0.004961940779288372,9.484144158494244e-05,0.00041809421869728314,1.6510492334019869e+87,0.25226213326021385
YMR233W,2.0,1.5156173036681075e-06,0.004576395387315907,3.698043532107422e-05,1.369422084782692e-07,2.7845852334974615e+82,0.22970329990429028
YDR073W,12.0,7.497285015500376e-06,0.004802936356468257,9.053291470524532e-05,2.4810067506293796e-05,6.818073595982714e+83,0.24446412754650132
YBR290W,10.0,9.826316481401755e-06,0.0047434215372805085,0.00015195240210771256,0.0006707266779979562,1.1767890496333563e+84,0.2577873254564984
YHR050W,6.0,1.4141528758837414e-05,0.004667640148172932,9.519323738905864e-05,0.0002125315966677416,2.434486210955451e+84,0.24434509317869949
YKL034W,9.0,6.011888742083461e-06,0.004711710269169583,0.00017268899276836816,0.0005589101606604061,4.405260699570054e+83,0.2369810672734298
YOR079C,5.0,1.2568090890921799e-06,0.004632207261645124,8.99272655088353e-05,0.00041073482744014857,1.9253107705742357e+82,0.22785437133658054
YKL124W,10.0,7.4538925642600396e-06,0.004732220986994693,0.00019889769702643713,0.0004397793469992965,6.77091378072754e+83,0.24138534196256778
YPL176C,5.0,5.928030752769648e-06,0.0046346462107414955,9.771609111811782e-05,1.3356058606098592e-05,4.283045179179613e+83,0.23912666782186795
YHR198C,7.0,3.6435547309006915e-07,0.004662989321111579,0.00020692673420745375,0.0005262620920922716,1.618406813902192e+81,0.20347979946918313
YDR286C,4.0,1.4036574697351708e-05,0.004619928887784473,0.00012875748268241055,0.0009229938689151508,2.401826207586368e+84,0.23219618895385521
YBR293W,1.0,6.575465945757676e-17,0.0045464531054029145,0.00010127180830703757,0.0,4.524516204300812e+61,0.11542563201806662
YJL163C,3.0,1.3357057881470627e-14,0.0045842295307272855,0.00024494989397251413,0.0007245720317953,2.1234943433647644e+66,0.1304841149773071
YBR294W,4.0,4.1709202607182646e-07,0.004616028367150816,7.307563788313776e-05,0.0,2.1194625262543055e+81,0.23645320197044334
YLR092W,12.0,4.6532165822425995e-06,0.004785986649364428,0.0001472219637563953,0.0011723189981813532,2.639027495425156e+83,0.2538748102837695
YGR125W,6.0,4.172024442063955e-07,0.004654291817003035,0.00012128914439541464,0.0008499313993356694,2.1205823780606404e+81,0.23758285271584748
YMR038C,8.0,2.24718103536417e-06,0.004695692251728383,0.00010137557392560505,8.3838991229762e-05,6.15604273873487e+82,0.23649372349085301
YNR013C,7.0,6.290820221568752e-06,0.004683869267843612,9.457801382371496e-05,0.00014473507528314704,4.8210720516017935e+83,0.25029473111453704
YDR281C,4.0,2.6221025197234288e-09,0.004607422317916985,7.38621086824711e-05,8.206170515032392e-09,8.233519863748374e+76,0.19388149344947492
YBR297W,5.0,1.1807280680652903e-06,0.004625412472260237,9.9287650761826e-05,1.2881335783350064e-06,1.699478844736376e+82,0.19585580471189326
YGR289C,10.0,2.4541168452679656e-06,0.004722328555447917,0.00017318884895959548,5.667665739893353e-05,7.341691493947697e+82,0.20744081172491544
YJL216C,6.0,8.362404076148556e-05,0.004707947111389291,0.00010194857087086675,0.00021949850240699005,8.521785168135551e+85,0.23429541595925296
YBR299W,7.0,8.401177042855444e-05,0.004727587160274929,0.00011615839857163145,0.00021949850240699005,8.601005423671924e+85,0.23430536100853178
YGR292W,7.0,8.401177042855444e-05,0.004727587160274929,0.00011615839857163145,0.00021949850240699005,8.601005423671924e+85,0.23430536100853178
YER176W,6.0,2.5301941624133227e-05,0.0046677075588504304,8.600325017098626e-05,0.00018486411290326006,7.800329562057632e+84,0.2427227156802392
YGR287C,5.0,8.361859247857167e-05,0.004688731531457628,8.494163986844092e-05,0.0001269929843062954,8.5206742052963e+85,0.23428547175417003
YGR288W,6.0,1.566643480883737e-06,0.004644891101286121,0.00011381873695550144,1.3275231968071617e-06,2.9919549491583172e+82,0.1958627541425682
YBR298C-A,4.0,2.039958326537276e-05,0.004620081043435191,0.00010604688995911608,0.0011801953671800361,5.073944402186663e+84,0.21553238842684783
YOR285W,16.0,0.0020689651602047994,0.006418738819153586,0.00011095413829799114,0.0009916800883308788,5.2169820370164785e+88,0.2631202631202631
YOR286W,19.0,0.0023511556737442754,0.00669820855016721,0.00011772363876801125,0.0012037159872342164,6.737327408309602e+88,0.268104327553548
YCR102W-A,1.0,9.412556229660547e-08,0.004546602045015657,4.982442058965984e-05,0.0,1.0811021811164386e+80,0.17732091230324445
YCR087W,3.0,4.523455922663161e-08,0.004587285917866743,8.202982685555418e-05,0.001222274179709867,2.493461898754064e+79,0.19602968855428105
YGL165C,14.0,2.571417983474805e-09,0.004799680949308042,0.0003480717519366991,0.0016583744449037837,8.064745305883793e+76,0.17403915881073242
YLR037C,2.0,2.327768459277836e-11,0.004567097974515552,5.7727767726984766e-05,0.0,6.607345337074388e+72,0.1425914445133292
YLL025W,5.0,2.3677891442336952e-11,0.0046271105828558584,0.00010318673379637066,1.203571675538084e-07,6.805015721224536e+72,0.14260617960111605
YOR009W,2.0,1.0869273731530824e-06,0.0045678076842017275,5.629094034026833e-05,0.004915345632798701,1.4403055773607873e+82,0.19497033060186494
YBR302C,2.0,4.748120356134279e-12,0.004565578725235817,0.00012394396783528615,0.0,2.6896451008204325e+71,0.14658629205725363
YML132W,3.0,4.748229984789009e-12,0.004584466607718552,0.0001891917354719545,0.001086562625554409,2.689759196451637e+71,0.14659797099909705
YLR057W,5.0,1.7843941324393074e-07,0.004627274185142763,7.65772182412641e-05,1.761535880000821e-05,3.8803876496383036e+80,0.21653002785078257
YCL001W-A,5.0,0.00016634333436449356,0.0047468430950682716,0.00010611710197911748,0.0006412239882347556,3.371137660984775e+86,0.23047054402738926
YCL042W,3.0,7.719859783077145e-07,0.004585737194667773,9.454030330170458e-05,7.006366898577987e-06,7.261556578913679e+81,0.19932115259623023
YCL001W-B,4.0,0.00016635046897577372,0.004728376287394496,7.282642790183155e-05,0.00020265957351525867,3.3714247479187e+86,0.2319425185932182
YCR024C-B,4.0,7.720023433878313e-07,0.004604546958119508,0.00014033417004057124,0.0003693252074782888,7.261864609974022e+81,0.19932835012458022
YHR100C,11.0,2.46162581594234e-07,0.00474970091178065,0.00015164781820633285,3.05503520388086e-05,7.378416996449924e+80,0.22625732672049842
YGR110W,6.0,7.682891365251498e-08,0.004647319813515602,9.340192230150089e-05,8.505417941890355e-07,7.16415354367886e+79,0.21450221496852412
YHR123W,20.0,4.392885992161975e-07,0.00495000550215081,0.00021276211549117548,7.066812851285577e-05,2.3434993146836273e+81,0.2453769559032717
YLR168C,13.0,1.0551258497878107e-06,0.004791526176897263,0.00017019158347414198,0.0002615313148644167,1.3561268422062215e+82,0.2362508024823454
YLR193C,14.0,8.36708415943582e-07,0.004807523716511757,0.0001879956925239099,0.00014376836134913774,8.533535050022787e+81,0.228325612177366
YCL005W,7.0,2.7220066902182914e-08,0.004666227117370828,0.0001421388335914683,7.288438394455523e-05,9.020671571923169e+78,0.2118513969910961
YMR147W,4.0,1.654230919129776e-08,0.0046051375334606355,0.00010149490762989836,2.6098745077036516e-05,3.3357295737023902e+78,0.2005376734723534
YDR319C,6.0,2.7170309776385966e-08,0.004647186273745375,0.0001146275421200753,1.7223764105909023e-05,8.987551894337265e+78,0.21199784929718105
YMR148W,6.0,1.65530580247244e-08,0.004643640915248297,0.00015882080578239862,0.00029490443780412425,3.3398259757027832e+78,0.2001885834481758
YLR404W,13.0,3.4795981442726935e-06,0.004793863301298325,0.0002067649234099423,0.0016073653425220742,1.475700676783079e+83,0.24608800320984353
YKR046C,8.0,5.463726599793826e-08,0.004685927061777391,0.00016979927135997048,0.0005072378366132548,3.6356628802798994e+79,0.21930870083432658
YCL007C,2.0,1.0517546098484852e-06,0.004570002736232141,4.267143931116034e-05,0.0,1.348378107965711e+82,0.21830261804951356
YHR060W,13.0,9.392167011854429e-06,0.004807795985002076,0.00011302644809013058,3.0536901189272055e-08,1.0753816884399605e+84,0.22165114037905556
YKL119C,13.0,9.891687491356787e-06,0.004808415715665239,0.00011305105858775151,2.1962659605285852e-06,1.1928184338562374e+84,0.22274231296909047
YGR105W,12.0,7.829917852527134e-06,0.004783620335630607,0.0001298070966475903,0.00036231884057971015,7.473896342159784e+83,0.221642240513953
YCL008C,27.0,0.0010111909480114893,0.005860271013645559,0.00024073474502581525,0.0015449190905641639,1.2459594282358202e+88,0.2696892710572601
YMR077C,23.0,1.7121877102600335e-05,0.005015106180358009,0.0002207989412178024,6.356442345104296e-05,3.57302300962219e+84,0.23987484790544064
YNL294C,9.0,4.872084851040644e-06,0.0047125853359893735,0.00012707964430529883,3.6598750518637e-05,2.8932530949453214e+83,0.22535211267605634
YPL084W,26.0,0.00022093575239504092,0.00523937564789395,0.0002530518656582129,0.002805720875985912,5.948293068096462e+86,0.2664735698769008
YDR069C,25.0,0.00025249229798376987,0.005243817962066781,0.0002257660574100396,0.00043128234991158816,7.769048721606625e+86,0.26814339842611484
YKL002W,23.0,2.379391176406831e-05,0.005019767203687365,0.00021470898174644627,0.00013960404180971594,6.900132596367507e+84,0.2400521852576647
YPR173C,20.0,1.4327469746280355e-05,0.004949290250081558,0.0002107292500114131,0.00026039783847480407,2.5020273905043847e+84,0.23526403273238716
YHL002W,22.0,0.0004918745396309851,0.005371185979604673,0.0002000840257013353,0.00042390891448329174,2.9479374386168657e+87,0.2708803611738149
YLR119W,15.0,1.5166945103712108e-05,0.00485105235350319,0.00014818592329774938,0.0,2.8036694208286646e+84,0.23280334022183796
YGR206W,16.0,1.5203328921075169e-05,0.004871394180232125,0.00015874846651987309,3.929079137082077e-06,2.817139691370041e+84,0.23286226534486396
YOR353C,8.0,6.872130401986198e-06,0.004694035192627176,0.00011009355933250871,0.00017125666507065204,5.754360707430422e+83,0.23544465770953296
YLR181C,25.0,1.860439993252425e-05,0.005054546870840862,0.00024778513343417196,0.0007389660349747147,4.218697513346341e+84,0.24556252502335513
YLR025W,27.0,1.7252994804209898e-05,0.005094842175405748,0.0002666501787075345,0.00030153694895861637,3.6278946125130467e+84,0.24198851431326993
YKL041W,23.0,2.7935391664692936e-05,0.005038988413837468,0.0002109871450608902,0.0009702087258188184,9.509987859166698e+84,0.26395065270405965
YIL094C,24.0,2.0445653152218124e-05,0.005072373478856556,0.00019615707438014543,0.0004321191799356044,5.0934970656016505e+84,0.2664221246199141
YDR158W,22.0,2.1595027380974755e-05,0.00503223735859642,0.0001833182768293087,0.00017611995305604608,5.682606489417703e+84,0.2661651960075221
YKL218C,5.0,6.94541932205355e-06,0.004638851514409051,6.977630048461567e-05,0.002106668143435754,5.878943067813559e+83,0.23832138848113288
YDR397C,7.0,1.3635373188959011e-05,0.004703124948572483,6.64427162517836e-05,9.777176311930872e-06,2.2604260229814323e+84,0.25154939846882973
YFR041C,22.0,0.0001274526703536782,0.005095632098653599,0.0001545345848346454,6.72324519424299e-05,1.9790126759456858e+86,0.2611040158932879
YDL231C,12.0,3.0035235446812074e-05,0.00484058214563121,7.855397676857204e-05,1.7687844545722437e-05,1.0960066306995157e+85,0.2518133296838648
YGL140C,19.0,4.271162921466147e-05,0.00498744087111815,0.00017834257230619168,0.0017073664492113139,2.216408632205864e+85,0.2559940639057645
YNL004W,12.0,0.00040434412383696656,0.005086155497971308,9.155785840936427e-05,8.012996625676562e-05,1.992265263357799e+87,0.26463397094779234
YCL012C,2.0,5.755869915281424e-12,0.004566577684995182,7.356663557125514e-05,0.0,3.885691627857649e+71,0.15905489122604813
YHL050C,16.0,1.2221681805194242e-09,0.00484208370003518,0.0003608672984977387,0.0036300659429912363,1.8066616718020894e+76,0.18912529550827423
YHL050W-A,3.0,5.835460143318153e-12,0.004586365039682835,9.613025139499043e-05,5.803866861158366e-07,3.9863137925446513e+71,0.1592292381804021
YGR041W,11.0,5.782519617809045e-08,0.00474649878249557,0.00014718451868199595,2.2633139035098266e-05,4.0526412963624426e+79,0.22140221402214022
YPR122W,13.0,1.0721683132666341e-06,0.004788352812943341,0.00016603059875252172,0.00015709276228942828,1.401158051777231e+82,0.2330195449364684
YIL140W,11.0,2.708449394938664e-07,0.004755413170303714,0.00014025697370760777,0.00011964670527787672,8.920928386310962e+80,0.23288191368181244
YCL017C,37.0,8.27392739203831e-05,0.0053762280693154104,0.00031801599586271705,0.001600256321433522,8.343284253774166e+85,0.2735923869944489
YDL120W,29.0,1.3364874257032416e-05,0.005156744745102455,0.0002734510378357454,0.0012891048466345792,2.1751422167527483e+84,0.26285714285714284
YPR048W,17.0,1.012724382751173e-05,0.004893161127941997,0.00016660066209439153,0.00040150757205424583,1.2491784034873047e+84,0.25651749616617875
YDL033C,5.0,1.9680931192093277e-05,0.004644590146001855,6.392042983987224e-05,2.2332408010280088e-05,4.720867625111788e+84,0.23552502453385674
YMR301C,24.0,0.00013998619959020624,0.005133889175642447,0.0002318850100106176,0.0011369083674851478,2.3874222856875479e+86,0.265729552784865
YLR369W,26.0,3.1387755054650506e-05,0.005126386098583253,0.00020952937042036045,0.00048791861538367636,1.2005409169947437e+85,0.2750099641291351
YPL135W,20.0,8.845627441031458e-06,0.004961116223496718,0.00018609685371439403,0.00017399836884879585,9.533259626122763e+83,0.25474179703724215
YNL240C,13.0,0.00013732719505408844,0.004899543069825875,0.00012796085194918157,6.650282734785382e-05,2.2975590220077314e+86,0.25274725274725274
YGL211W,23.0,0.00027708302258599966,0.005222029649424575,0.00017843919546493527,0.0005610122776677853,9.34317947483862e+86,0.26405166228175075
YGR286C,10.0,1.1496096992675202e-06,0.004730300102876473,0.00013515704101693858,0.00028392046533250143,1.6103936311050687e+82,0.2292358803986711
YIL008W,18.0,1.743760245829528e-05,0.004916676694599935,0.00015488242285860497,0.00015093768279153446,3.6953487985759827e+84,0.25262001739050843
YLL027W,23.0,0.00013906166730007403,0.005113807351337536,0.0002189754458429729,0.0006878369988185765,2.355982285371311e+86,0.2627445380551192
YOR226C,14.0,4.45730904437731e-06,0.004827685037491423,0.00014051710537815487,4.636614693306559e-05,2.4195273489463467e+83,0.24807873803424565
YNL003C,4.0,4.6343626367065726e-07,0.004608236280842524,9.000869515917771e-05,0.00025933027609834216,2.617984820716222e+81,0.228874699394643
YGL018C,35.0,0.00013077348376302464,0.005372892232638373,0.00025632210014258906,0.0006983450356343162,2.0835081720006192e+86,0.2669891172914148
YGL091C,19.0,0.0001378401842528888,0.005025738657493385,0.0001810102353228886,0.0002976627176906433,2.3147183902790088e+86,0.26010743567995476
YIL015W,17.0,1.0479558934714587e-05,0.004895180926173726,0.000179049321175439,0.0008572087020355673,1.338122194718542e+84,0.26240730176839705
YDR234W,12.0,3.599156616467493e-06,0.004794855832033962,0.00011119701893262272,3.0491803006372527e-05,1.5781434212960896e+83,0.2470240758972523
YCL024W,11.0,4.9818886116434765e-06,0.004764681459110947,0.00011470266349544866,7.17235102202434e-05,3.019882090377464e+83,0.2501359434475258
YCR002C,15.0,5.033084203373202e-07,0.004841964328994275,0.00015854540419524927,3.308382923607067e-05,3.0737035044452934e+81,0.23492360726901307
YGL115W,24.0,3.766281469341059e-05,0.005055580783043454,0.000292150486704294,0.0037792327571493046,1.7271629239614576e+85,0.27340267459138184
YJL156C,6.0,7.329833128184289e-08,0.004646319340832124,0.00010028803679354607,1.1169755764650516e-05,6.538549386857222e+79,0.20429311621021465
YDR508C,3.0,3.177673418736617e-08,0.004585334832213266,0.00010673747533308223,0.00047225220315989065,1.2313588263199092e+79,0.19524617996604415
YNL279W,3.0,2.418736632212502e-08,0.00458797401946473,7.498553573993225e-05,0.00012618706685312443,7.109821395975089e+78,0.20670286463209137
YER149C,13.0,5.343810497221023e-06,0.004828629300637826,0.000150664926634822,0.00021866037570435166,3.476603880693133e+83,0.2613883890519936
YPR154W,9.0,2.9919097977392048e-05,0.004742542719694302,0.00010786998627661639,0.00023990205028058407,1.0908094445739475e+85,0.2545655783065855
YCL029C,32.0,2.0351784996267142e-05,0.005227457206453659,0.00027612189758211117,0.001366487523286351,5.042688004601981e+84,0.26732529420310913
YOR269W,19.0,7.096005270196194e-07,0.004936495070858798,0.00017639227326432964,0.0003904927395218655,6.109993651161277e+81,0.24223275408109532
YLR254C,13.0,4.493914436048663e-07,0.004797356364338844,0.00015173197759616266,0.000365848729916739,2.4534616348898838e+81,0.2308271305511416
YPL174C,18.0,9.383654731493208e-07,0.004914256774600156,0.00016442408469293518,4.2346500570345514e-05,1.0690742147908257e+82,0.24269070125302264
YOR338W,8.0,1.150210025323352e-05,0.004705779195423802,0.0001036136751033027,8.442120031172467e-05,1.6097820923204406e+84,0.23964574107840583
YOR198C,9.0,0.00045270670181501733,0.005068243168588716,8.904644078026029e-05,0.00020290501092795203,2.49603309596322e+87,0.2702041215918547
YER007W,11.0,8.548230109737368e-06,0.004765829201782769,0.0001200438791160041,5.3876944511319366e-05,8.904693689023971e+83,0.24794502088667295
YOL155C,7.0,1.1172083892226452e-05,0.004686042690620906,0.00011621224676323743,0.0007245063824311798,1.518831927781382e+84,0.23958333333333334
YOR349W,22.0,1.020439295234471e-05,0.005007597616124694,0.00019332134567611188,0.00026043672235073425,1.2675255100054105e+84,0.25649365735792945
YMR299C,11.0,7.999489976846256e-07,0.004758704779452231,0.00011316266675858919,2.5273269709911624e-05,7.788022369545748e+81,0.2364228199417509
YER081W,15.0,1.0637243349307232e-05,0.004858607992575362,0.00013164011336435917,0.00033293732332386204,1.3774025342316137e+84,0.2522967228849582
YDL106C,8.0,2.9750241523350873e-06,0.004700209790693994,8.967565150559838e-05,0.00011363242954765557,1.0781418459095131e+83,0.24793388429752067
YHR046C,6.0,1.3395319962958939e-06,0.004657882679205784,7.978700858416502e-05,5.913964751331944e-05,2.1854083566182095e+82,0.24303262448817858
YDR287W,6.0,1.3395319962958939e-06,0.004657882679205784,7.978700858416502e-05,5.913964751331944e-05,2.1854083566182095e+82,0.24303262448817858
YIL074C,13.0,5.844635404781177e-06,0.004809616563679262,0.00012233627171662908,9.823637234444343e-05,4.162200980140137e+83,0.24508280424455
YNR031C,15.0,1.1433127049176766e-06,0.004851098310824048,0.00015414036063145803,3.8292339436502335e-05,1.5906829479295848e+82,0.24988682661837935
YDL235C,13.0,5.754897510377796e-07,0.0048051294028640815,0.0001350127927369971,1.8410978217706966e-05,4.0266576256557835e+81,0.24408578377183285
YIL147C,20.0,3.223106753640806e-06,0.004950037120213334,0.000198526547813819,0.00039017457128542063,1.263257613847764e+83,0.2574626865671642
YLR248W,5.0,1.684810686167745e-07,0.004635227936049841,6.680628018274456e-05,9.335742555467621e-05,3.440769371799951e+80,0.23987484790544064
YDR420W,17.0,1.4986429454108626e-06,0.004889938585440156,0.0001780140248957795,6.375630187965597e-05,2.7341282673999453e+82,0.24522434473567303
YLR006C,18.0,3.6844317521424746e-06,0.004918218127180859,0.00017427600091534236,0.00020465382820163694,1.653543048881779e+83,0.25763091570988517
YPR075C,15.0,6.415993268268554e-07,0.004849379666202651,0.0001600250434132761,5.7889094452452025e-05,5.00557946008433e+81,0.2439671174754707
YCR073C,10.0,2.567368648453689e-07,0.004736204920680669,0.00011148130860673427,9.665192032727678e-09,8.016959250317615e+80,0.22584076589477128
YKL069W,10.0,3.7519717736831004e-07,0.004730471954866087,0.00016704037251402763,0.0013131683908167019,1.715015062645193e+81,0.22270636649721617
YER042W,6.0,3.0608588465263053e-07,0.004650388463818185,8.624481179307449e-05,0.0001637284836943481,1.1412193686675786e+81,0.22609051812410402
YCL037C,11.0,0.000825134983544317,0.005391334295159864,8.530155413942668e-05,0.0001128928480918249,8.293210740573126e+87,0.2762624493268605
YOR276W,9.0,6.918254204974076e-05,0.004774599284017201,7.838858636732938e-05,5.180321039903025e-06,5.829354014781078e+85,0.24591259411057156
YNL255C,9.0,0.0007665387566765904,0.005292059724763299,7.704774613857674e-05,0.00041621131650611953,7.155528367408651e+87,0.26099290780141843
YDR515W,4.0,3.562888067695246e-05,0.004639872012772397,5.7066395320961146e-05,8.634918364685638e-06,1.5460805160626523e+85,0.2377465759324662
YKL146W,4.0,5.8403621658187554e-08,0.0046051237782119715,0.0001436813233765805,0.0005969174861297709,4.1567596395371406e+79,0.2101256185763228
YNL101W,4.0,5.8403621658187554e-08,0.0046051237782119715,0.0001436813233765805,0.0005969174861297709,4.1567596395371406e+79,0.2101256185763228
YLR189C,10.0,2.4345592306971277e-06,0.004748530449022096,9.993626193786133e-05,8.601329610998116e-05,7.210560662164996e+82,0.24367633426036286
YEL012W,5.0,6.06635942044466e-06,0.004632386095640899,8.929334924619812e-05,0.0002030199262841883,4.48549218714318e+83,0.22599795291709315
YFL017C,10.0,6.447452386515365e-06,0.004755309979333581,9.930299564338399e-05,2.8462950839025408e-05,5.06631264880507e+83,0.24312896405919662
YOL136C,13.0,8.302811652462159e-06,0.004819671004974384,0.00011572649275780648,7.335077547895423e-05,8.400642764718618e+83,0.24390243902439024
YGL037C,23.0,4.1175893548131054e-05,0.005047183013397176,0.0002078757019245114,0.0008321610778098436,2.0669137466203014e+85,0.2636354952717547
YLR345W,14.0,9.629527626268378e-05,0.0049080254067539785,0.00013425273133815967,0.000803043495154678,1.1282842859035248e+86,0.25266626996841673
YPR184W,21.0,0.00012305357390770782,0.0050632306831810674,0.00022318382558398248,0.0012356858917470408,1.845595995447945e+86,0.2551067566318514
YDR342C,12.0,2.8466615190706257e-06,0.004781862565080546,0.00014073710829610124,0.00010374912574557012,9.876091723844749e+82,0.24258404746209625
YJL155C,13.0,9.488206393275542e-06,0.004820892796344595,0.00011481824728606487,6.560770845257954e-05,1.0966896328070637e+84,0.24374089283348788
YCR095C,8.0,1.367745139803551e-07,0.00468897459584738,0.0001776589952005191,0.0004799750147581837,2.2764607177679064e+80,0.22974154076663753
YOL088C,7.0,1.4896786310077652e-05,0.004689309543554903,8.316544181087449e-05,1.5027856380930103e-05,2.7047773146071226e+84,0.251744424681899
YDR519W,10.0,3.480572632666183e-05,0.004759289436383353,0.00012067940308686058,0.00023819760979302448,1.4768142953841886e+85,0.2502606882168926
YOR288C,7.0,0.00024375284323358598,0.004858481023655444,7.671332430697049e-05,2.093661382927253e-05,7.240890273130352e+86,0.25842696629213485
YCL044C,3.0,1.5592332010343335e-06,0.004588025246760503,6.468444652961762e-05,0.0,2.9647494504920046e+82,0.2062780269058296
YMR115W,6.0,3.7820582531233816e-06,0.004650959003073039,0.00012486522474327352,0.0008376917135361469,1.7434131148202093e+83,0.22385335982805465
YCL045C,7.0,1.4894823436917377e-07,0.004664574507356517,0.0001219647252591912,0.0,2.705432112787196e+80,0.21338281340600718
YJR088C,7.0,1.4894823436917377e-07,0.004664574507356517,0.0001219647252591912,0.0,2.705432112787196e+80,0.21338281340600718
YKL207W,10.0,2.1312823061116483e-05,0.004742826175021313,0.00014591368443891677,0.0004796337434967177,5.538331681789213e+84,0.24138534196256778
YJL192C,7.0,1.4894823436917377e-07,0.004664574507356517,0.0001219647252591912,0.0,2.705432112787196e+80,0.21338281340600718
YIL027C,7.0,1.4894823436917377e-07,0.004664574507356517,0.0001219647252591912,0.0,2.705432112787196e+80,0.21338281340600718
YLL014W,9.0,3.73466910803422e-06,0.004707033777986825,0.00014239312599555803,0.0001066256565417295,1.7005979775650163e+83,0.22328290591376102
YGL231C,10.0,2.2489547782933267e-06,0.004726593826577279,0.00015200374002012436,0.00018126132060023904,6.165851541278859e+82,0.22841064261182603
YCL046W,5.0,1.7393045896949267e-07,0.004625321200654798,0.00016039325237681893,0.0018972928636768532,3.680712123517699e+80,0.2154566744730679
YOR135C,7.0,9.197010353329457e-10,0.0046620384940096495,0.00023305345586997216,0.00018454905060937053,1.0259050222803606e+76,0.18449197860962566
YOR055W,4.0,8.155237628807401e-10,0.004604405442768569,0.00014617806124474708,0.0,8.073886367454603e+75,0.1787217509551253
YLR232W,6.0,8.155617200904619e-10,0.004642262678005592,0.00022410293337662247,0.0005879673984549664,8.074620114952068e+75,0.1787333246988732
YNL105W,4.0,8.155237628807401e-10,0.004604405442768569,0.00014617806124474708,0.0,8.073886367454601e+75,0.1787217509551253
YCL047C,15.0,9.855104199590811e-07,0.004837605089573323,0.0001541823779742809,4.832499679344783e-05,1.1764234534625802e+82,0.23501362397820164
YGL067W,17.0,1.0203315214479488e-06,0.004875608132970333,0.00018245199661113824,0.00023900171809361186,1.261165422819856e+82,0.2366965395995026
YGL224C,11.0,9.753658339990568e-07,0.004755452886394698,0.0001222974859631696,5.186136363506216e-06,1.1550758615600536e+82,0.21832852114068743
YJR049C,12.0,8.976122894227541e-07,0.004774943123567832,0.00015421632494695087,0.0004126232121516221,9.75672421351348e+81,0.23282297861571555
YNL129W,9.0,9.793463438758615e-08,0.004713879971104841,0.00010368728347041802,1.693076725388562e-06,1.1569193743242531e+80,0.2101336175720431
YCL048W,1.0,5.963798025016639e-10,0.00454672944292641,4.86166807074976e-05,0.0,4.3062948718776044e+75,0.17732660862860997
YCL049C,6.0,1.2884967615974643e-07,0.004650747170831325,0.00015062658786717313,0.0009181402353370624,2.0210763737575537e+80,0.21554080437329168
YDR524C-B,3.0,4.882492144556495e-11,0.004584389734672135,0.00019719434208725702,0.0014486845180417584,2.902008129790129e+73,0.160404498300061
YDR124W,2.0,9.382005047587242e-10,0.004565696391145052,8.536351934102735e-05,2.595610024502939e-05,1.063702215679558e+76,0.18031555221637866
YDR517W,14.0,7.704620255276901e-06,0.004838457896082445,0.00016581137458518454,0.0011995623765773812,7.233229785960309e+83,0.25766699341828875
YCL050C,6.0,4.872431102045167e-06,0.0046521846699829755,9.590207559577492e-05,4.7091729691355076e-05,2.893434754977986e+83,0.23109771414217534
YDR530C,5.0,4.84608439785096e-06,0.004631932015340665,8.520240520245567e-05,3.4179165919193904e-05,2.8622182878075283e+83,0.22973197935741635
YDR305C,4.0,1.3827790699317959e-06,0.004606957483764316,8.420200686637492e-05,2.0360620259296278e-05,2.330904021663012e+82,0.21119485786433026
YCL051W,1.0,3.1817240562796526e-08,0.004547360550799473,3.929073143162554e-05,0.0,1.226523569808011e+79,0.19772898234050937
YNL161W,13.0,6.882075779436959e-06,0.004802662147683299,0.00018452111254609456,0.0007271713663325232,5.756451619365083e+83,0.24645057594428074
YJL091C,5.0,7.005074263387988e-07,0.004627330562627133,8.79139672391417e-05,2.07915891781963e-05,5.96714404245177e+81,0.20995778022897568
YOR193W,7.0,3.294070183714751e-07,0.004672600083221633,8.254190139079612e-05,3.2485826392447577e-06,1.3227236854899633e+81,0.2131356423027916
YCL058C,4.0,2.395337785229157e-06,0.004606743369795547,0.00014580947016579752,0.000979546481004085,6.994568314002333e+82,0.20637828541518674
YNL269W,2.0,1.1052748362936395e-08,0.0045654338664918685,0.00012956116382436018,0.00036231884057971015,1.4903918353365818e+78,0.17108851971237293
YCL058W-A,2.0,1.6640600876659058e-08,0.0045655981017129685,9.751486413951061e-05,9.580943582429639e-06,3.377207870098287e+78,0.17516024623976645
YFL010W-A,3.0,1.210761044143639e-06,0.0045859083414911605,0.00013417335136956093,0.000478522032527747,1.78627379791683e+82,0.19822602075627535
YLR068W,9.0,0.0008124865369933946,0.00534553014952744,4.406148216256899e-05,5.079061588593187e-07,8.031728663285444e+87,0.24601123094749977
YPR164W,12.0,9.615579205802846e-06,0.004837484343054879,8.789514599074843e-05,4.165201762671264e-06,1.1228147547966863e+84,0.2524467209366139
YLR320W,11.0,1.1428618148488623e-05,0.004802566941330048,8.302639044358443e-05,2.4229990686227813e-06,1.5869628659083134e+84,0.250147278742013
YMR163C,13.0,1.381720236795066e-06,0.0048031001540838865,0.00013500643051641547,0.000184945425666411,2.3197295880045012e+82,0.24245618658584794
YNL272C,24.0,3.155442699881483e-06,0.0050482342249168494,0.00021185429264812772,0.00018668450087219,1.2112346756306122e+83,0.2518937665419367
YIL051C,1.0,4.4793869383588604e-07,0.00455006702508314,3.508413623296472e-05,0.0,2.445179217497605e+81,0.2113323124042879
YPL280W,11.0,8.991508517169387e-05,0.004825651467889448,0.00010848426362784641,5.232550210793371e-05,9.851186766631574e+85,0.2517559062300465
YGL196W,8.0,8.385750707949753e-05,0.004753168717568218,8.589630140281023e-05,2.7096819161975415e-07,8.568599855132375e+85,0.2394586153045289
YLR098C,1.0,4.4793869383588604e-07,0.00455006702508314,3.508413623296472e-05,0.0,2.445179217497605e+81,0.2113323124042879
YMR322C,11.0,8.991508517169387e-05,0.004825651467889448,0.00010848426362784641,5.232550210793371e-05,9.851186766631574e+85,0.2517559062300465
YCL066W,13.0,4.585830247977047e-06,0.004796707125312825,0.00016154724446958062,0.0002501203607241569,2.562992510951613e+83,0.2440965773414699
YLR040C,7.0,1.945078844493864e-06,0.0046693076868240336,0.00010791983390611543,1.1161296064661375e-05,4.612432596054176e+82,0.22137557649889714
YCR096C,6.0,2.4820683919132503e-06,0.004650701978763906,8.876911100205251e-05,3.106784442201155e-06,7.509382291023528e+82,0.22383520538502089
YCR097W,13.0,3.1182768411989096e-06,0.004790908455053052,0.00016402785047947338,0.00016893761365059282,1.184993711576479e+83,0.2370828501481768
YCR040W,12.0,4.533407562080743e-06,0.00477482994014245,0.0001530659218718096,0.0001909709953386181,2.5048494845970135e+83,0.24086922372038225
YCR097W-A,1.0,1.4294037434950647e-08,0.0045470447408108875,4.843416111795629e-05,0.0,2.4714753600172583e+78,0.18414117490075724
YCR015C,2.0,1.934866600632206e-08,0.00456634511562842,6.687170997752504e-05,5.809672639025421e-05,4.537056011816218e+78,0.18787012456606086
YCL069W,2.0,1.2091422235019774e-13,0.004565579047756475,0.00012683545223819692,4.068858942246624e-05,1.7760175082121038e+68,0.13673519940549914
YMR279C,4.0,2.3278919469946844e-11,0.004603519118275572,0.0002133578875744518,0.0006474224833711024,6.612246428460169e+72,0.15442287248922956
YMR088C,3.0,2.8628934219126325e-12,0.0045845460808868034,0.00019568954228421696,0.0012305306167885279,9.965361415967164e+70,0.1500448503628802
YCR001W,1.0,7.638445323424563e-10,0.00454646767468967,6.693622731513923e-05,0.0,7.043627204423502e+75,0.1808235332656337
YIL108W,3.0,1.650172893679399e-07,0.004587736526854987,0.000141485683121396,0.0006932695314438084,3.3057904654481884e+80,0.22072936660268713
YNL166C,10.0,1.0748420050761191e-06,0.004738122918601938,0.0001087051373798156,5.702077506303043e-06,1.4059734690541169e+82,0.23311795261624224
YHR168W,27.0,0.004995260846335647,0.008829588306325737,9.202387019812284e-05,4.6423431240356825e-05,3.0408843909544864e+89,0.26900584795321636
YML126C,32.0,5.628648960407713e-05,0.005270319895203416,0.00027294943690757287,0.0007226832859816948,3.8614935030822185e+85,0.2650660264105642
YJL200C,18.0,1.196858259314508e-05,0.004946534101998683,0.00013685006751567149,7.79741176812351e-06,1.7453931961068112e+84,0.2411112081768149
YCR007C,2.0,1.0066777744064572e-08,0.0045661469323421185,8.097710060235027e-05,0.0,1.235211573456219e+78,0.16722205392305362
YCR022C,7.0,1.0905403900511072e-06,0.004662380796814439,0.00021946829544085896,0.0004605448588995835,1.4493067718609225e+82,0.2007856831078132
YIR020C,7.0,1.0905403900511072e-06,0.004662380796814439,0.00021946829544085896,0.0004605448588995835,1.4493067718609225e+82,0.2007856831078132
YCR008W,5.0,4.817572024038088e-08,0.004627298238396379,9.905874169500683e-05,1.8303534492631446e-06,2.8137131932181162e+79,0.20775310500564548
YML016C,25.0,7.043600564361297e-06,0.005043450284995681,0.0002832655144234162,0.0013782076124462634,6.03022500803509e+83,0.2503514898634859
YJL129C,14.0,1.678288750620871e-06,0.004803998936422031,0.00024732038497615744,0.0010611398138734905,3.432155619923422e+82,0.23066315657515357
YKR072C,14.0,1.5794693598092178e-06,0.00480725624480924,0.00021808279993059217,0.0006603676707737589,3.0342977711400255e+82,0.23268557939552334
YJL165C,4.0,4.0910138308264014e-08,0.004607409839244038,8.458719972862682e-05,0.0,2.028670824973153e+79,0.2046870364876891
YKR050W,13.0,7.862299530301862e-08,0.004782473367350033,0.00023699726976941858,0.00018469268493708096,7.490249618065809e+79,0.21227503461006
YPL249C,7.0,9.718032559001997e-07,0.004671503446510757,0.00010207513486627654,6.168437570152192e-05,1.1512734705617966e+82,0.2303166854424834
YMR192W,4.0,2.9435938611541416e-07,0.004611849748706608,6.706739692534762e-05,7.031388402496946e-07,1.0555407212754343e+81,0.21889126814180349
YPL281C,4.0,1.2142658508586044e-05,0.004628718221822286,5.1416414005393346e-05,0.0,1.7962658376167822e+84,0.25127458120903134
YKR043C,5.0,1.4087123470686826e-05,0.004653479519634723,6.0601116757387875e-05,1.9105942283254385e-05,2.4183784359538927e+84,0.2518477963317821
YGL090W,12.0,3.5357461312090266e-06,0.004815766775412864,9.044194321287453e-05,8.464915923346476e-05,1.5086913331281634e+83,0.2490974729241877
YLR265C,8.0,2.4295689982674727e-06,0.004731930141056194,6.941239899098312e-05,1.7621375046888687e-06,7.132603071954319e+82,0.24480021286975032
YCR020C,6.0,1.0949459327438144e-06,0.0046458235825155535,0.0001293414052050542,0.0007469590785399497,1.4610332879138367e+82,0.20835692447061488
YNL050C,3.0,4.123270433738958e-06,0.004588619254150554,7.968761345345174e-05,0.0036173986845663406,2.0658819739467866e+83,0.1978352806250448
YCR017C,1.0,6.388329636882448e-07,0.0045488533475341545,3.638451369242201e-05,0.0,4.977245669351852e+81,0.2
YGR176W,5.0,1.054951317364313e-06,0.004624493472331914,0.000159470138984109,0.0002212354196774577,1.3562205620899978e+82,0.19814063677806096
YPR121W,3.0,3.6565483111377314e-07,0.0045934345115609745,6.07428698851871e-05,0.00010897268681090944,1.612124654496103e+81,0.22498471571224782
YEL053C,10.0,0.00023535354353677637,0.0049092622242164685,9.117724172586975e-05,0.00048113840814197013,6.749842910803424e+86,0.2355652285238766
YOL076W,8.0,0.00023092794538628357,0.004858391901113988,6.754197935450618e-05,5.3784675710428385e-05,6.498927295916701e+86,0.23695054945054944
YPR051W,10.0,0.0002361321377516794,0.004909929979207375,8.131608201420258e-05,9.122714503558849e-05,6.794575775581893e+86,0.23665594855305466
YPR131C,8.0,0.00023167945204689125,0.004858114278044433,6.706908051934254e-05,1.339073042015986e-06,6.541295565091023e+86,0.23172830695604718
YCR027C,13.0,3.5612379343669335e-05,0.004847867064927812,0.000116764441271022,0.00017258571598129173,1.5452489447143532e+85,0.2713464090842059
YJL059W,8.0,4.1245570292263075e-05,0.004718112399142276,9.968014314689358e-05,0.0001371598600515571,2.072738718644265e+85,0.2507267441860465
YDR187C,3.0,1.4935987947260944e-08,0.004585358694427521,0.00010831802444082191,0.0,2.7190663186435774e+78,0.16722711987639735
YCR051W,7.0,0.0002263436684023084,0.004835702559818918,0.00015695524369911592,0.002334804213436584,6.242321028948587e+86,0.2452897262708852
YLR436C,3.0,7.737830428157914e-06,0.004591657873071253,8.751583259681599e-05,0.0002903822928574312,7.297860812011209e+83,0.21645361148145242
YCR023C,1.0,1.8328927493241732e-08,0.004546477699474686,5.960829066105871e-05,0.0,4.094476033649742e+78,0.17299736743136518
YCR025C,3.0,3.971259959482356e-06,0.0045901496131478675,0.00011314833734791366,0.0004299549899618223,1.921663290823622e+83,0.20917806661866686
YCR024C-A,4.0,4.1246153282058815e-06,0.004609281606497786,9.859120657523671e-05,0.001116727587255336,2.0740761275704373e+83,0.22729144363007495
YDL232W,17.0,0.0005429200052083697,0.005274110964378179,0.00016136620250496977,0.0007331473873564309,3.59241785064857e+87,0.2484472049689441
YEL017C-A,4.0,2.598493475729902e-06,0.004606779911111738,0.0001184461536407619,0.00032552030923801626,8.231766950969783e+82,0.2082233119577518
YLR112W,1.0,3.5629852596417964e-09,0.0045465375110931945,5.733976357502496e-05,0.0,1.5472809803452264e+77,0.16620498614958448
YCR026C,6.0,0.0001394164625457447,0.004751595352811378,0.00020906556969572075,0.0034863214998492867,2.3648787096546997e+86,0.23145624554488659
YFR039C,6.0,6.501218075692799e-07,0.004642708853031509,0.0002535976950636231,0.000481268144079254,5.134742285875566e+81,0.18961253091508656
YJL037W,7.0,6.530983579973692e-07,0.0046617608194845445,0.000297537953840272,0.0006937457459290113,5.181794702504851e+81,0.18910585817060638
YGL228W,4.0,6.50078143660582e-07,0.004604771112947594,0.0001737990303030885,0.00017228174645210684,5.134055986268304e+81,0.1882930822758903
YEL016C,6.0,6.530702470609816e-07,0.00464286697654975,0.000263792636381598,0.0007246517469808904,5.181350828443977e+81,0.1884216275259421
YCR028C-A,7.0,0.0009931447821553987,0.005422173906751546,4.832719796365435e-05,3.268348286049035e-05,1.2020230786767297e+88,0.26035279690595226
YMR234W,16.0,0.0004547081858570946,0.005234570911703879,9.727723915841662e-05,0.0001825397394833642,2.5186091945461337e+87,0.27505107379540583
YMR287C,17.0,0.001718353877133232,0.006190645381287447,6.702632215958512e-05,7.33699645222828e-05,3.593721364073267e+88,0.2566128957277672
YFL054C,5.0,8.991025378846671e-05,0.0046978639695052496,8.759893156983398e-05,0.0001707418974913011,9.834730940456452e+85,0.2425733872385305
YLL043W,16.0,9.060708886674568e-05,0.004927833552885867,0.00022458831751927323,0.001592516760183944,9.987742155237783e+85,0.2664349840718216
YLR136C,22.0,0.0002573489994678386,0.00517685423068335,0.00024813486086431343,0.0028064609620011833,8.064890876539477e+86,0.2644311377245509
YDR151C,5.0,0.0001751485730880013,0.004762404114148012,6.040038280140277e-05,0.0001520713037884328,3.7350416041706585e+86,0.2488055530514739
YIL047C,6.0,5.932191145060521e-08,0.00464872392625855,9.71654857234074e-05,2.7288314320464044e-06,4.2643364845939677e+79,0.21943075210685323
YLR353W,6.0,3.7565977921360694e-08,0.0046475900708501435,9.175198730440321e-05,1.7540599873945235e-07,1.7121565130187408e+79,0.21311095668288163
YER014C-A,2.0,3.1752631753129715e-09,0.0045672286860777124,5.0367969940382014e-05,0.0,1.219967572759286e+77,0.1903382641977863
YOR301W,12.0,1.5895516009368315e-07,0.004765337458639767,0.00017338181691952252,0.0001681235429348181,3.0742719133568834e+80,0.22503974886868605
YNL045W,5.0,2.4054144636292976e-06,0.0046338071240225875,6.430885937836321e-05,7.77876973660266e-05,7.029818117253164e+82,0.22772277227722773
YCR043C,2.0,5.666013316325331e-08,0.004566220315491836,0.0001006304119236186,0.00036231884057971015,3.917757185045642e+79,0.18408590675648637
YCR047W-A,1.0,2.6134784325431943e-10,0.004546378288828535,7.059576161808588e-05,0.0,8.347540891575405e+74,0.1554710604140262
YCR044C,2.0,2.0405476921908946e-07,0.004565989526554965,5.613099750630114e-05,4.827379413458396e-06,5.075749069531214e+80,0.20946381816112017
YCR045C,2.0,1.0447468616743693e-06,0.004566782111594653,7.460672829920938e-05,0.00011599765894283855,1.3301074267095916e+82,0.19816197587593337
YOR255W,6.0,5.102542645472801e-09,0.004641954297161443,0.00019698291999930718,0.00016838574057706761,3.171894610162803e+77,0.18832520214254034
YGL136C,13.0,0.0016045824227261416,0.006002215315508034,6.170210042575323e-05,1.920406309498711e-05,3.1379397631734825e+88,0.25619604566972987
YCR048W,6.0,6.286142892132246e-05,0.004698319572901996,8.687585013922991e-05,0.0003046460802736702,4.8109494003445615e+85,0.2403762410729838
YOR006C,10.0,0.0004873998723527957,0.005104843641855952,9.93650418202397e-05,0.0005433511785768795,2.889957216576171e+87,0.2427227156802392
YNR019W,14.0,3.5600865636910124e-07,0.004819961275512233,0.0001708485872853681,5.8040180780826324e-05,1.540873036575728e+81,0.228874699394643
YCR054C,2.0,3.5941361251105756e-06,0.004573384909985307,8.973843734547482e-05,0.00036231884057971015,1.5736879812444003e+83,0.23545470056304385
YJL077C,1.0,1.659555001180116e-08,0.004546408053040544,6.575754210436159e-05,0.0,3.353047203632006e+78,0.19058799157545833
YNL313C,10.0,0.0011960580110818415,0.005679068802862901,5.252001291849711e-05,5.38179646468741e-05,1.7404288106383485e+88,0.25718678656292226
YCR059C,2.0,3.858856959180909e-06,0.0045690177651159965,4.9138190418776656e-05,3.956388035602854e-06,1.8130633804741e+83,0.2000724900326205
YLR419W,7.0,0.00013027034010696655,0.0047719813915580835,0.00011265794966116107,0.0006403139244095712,2.064108133697813e+86,0.23823910228744066
YCR060W,11.0,0.0002051289982142344,0.0049371318929140005,9.379420548561595e-05,0.00019453836723332815,5.119717459280376e+86,0.26930770356637557
YNL281W,10.0,1.9721483394035012e-05,0.004759412517061455,9.808562567204359e-05,3.2964293229290767e-06,4.739104066177662e+84,0.2534784405565505
YGL024W,2.0,1.5287564423903736e-06,0.004572469616296219,9.549566903836672e-05,0.0014484875699493976,2.824502620153429e+82,0.20432336393248446
YGR184C,34.0,0.001221609580166237,0.006214789396305874,0.000246110736191773,0.002217851216426286,1.818456563594901e+88,0.27885829754988634
YPL085W,11.0,8.800567572034038e-06,0.004764654245547102,0.00011709401337137192,1.2766237153722898e-06,9.439213227857843e+83,0.232548342250495
YOR165W,16.0,7.668847842369773e-07,0.0048556651893327946,0.00019906092994478473,0.0008602757085448395,7.165957641718347e+81,0.2411217402699515
YDL195W,31.0,0.0002507343561229396,0.005382857111840027,0.000270902612740335,0.0011962859073153416,7.65812033820541e+86,0.2714798603255791
YNL111C,12.0,3.489571244880328e-06,0.004780665357561084,0.00016837327766263023,0.0005674393205581489,1.483510695735852e+83,0.2487719140114471
YDR058C,15.0,6.877005179356202e-07,0.004844153645109031,0.00016370594987047345,5.421286721198566e-05,5.747921857498401e+81,0.23886797351681163
YCR069W,1.0,2.7724514859916586e-09,0.00454645806498497,7.621342460597679e-05,0.0,9.314772823287186e+76,0.16825677446886336
YFR018C,3.0,5.996838297792099e-07,0.004585423360236939,0.00016121734905801284,0.0007245720317952999,4.371708821765712e+81,0.2022867194371152
YML005W,8.0,0.00011142614400264958,0.004772952648964407,8.855543962552854e-05,2.9950304732410858e-05,1.5130860902724592e+86,0.23373983739837398
YOL141W,5.0,9.974982211922405e-05,0.0047034985946203724,6.695568842807805e-05,5.206521755653932e-06,1.212953563781119e+86,0.22967462761088459
YIR012W,14.0,0.0021675535780199865,0.0064706263068775765,5.849913973990146e-05,1.5955322741102678e-06,5.721516124081777e+88,0.2616237736385611
YGL250W,2.0,0.0002942139057264655,0.004795325657038034,3.0460729109474032e-05,0.0,1.0536108716377538e+87,0.23035513082669115
YCR073W-A,6.0,2.7457990804523428e-06,0.004657280756413581,7.425381761280882e-05,1.6315125885985974e-05,9.177851914849197e+82,0.23170885278932124
YNR034W,8.0,3.127855161580327e-06,0.004701194204121004,8.883065701714718e-05,6.639485381078867e-05,1.1908412517799324e+83,0.23770562397726294
YOL092W,4.0,6.121432950387091e-06,0.004614774235541633,0.0001074993180488751,0.0002639006219017741,4.566168672649747e+83,0.23683871798172224
YOL042W,10.0,0.0002547881311845574,0.0049166142572870716,0.00013087599102998962,0.0008326222828710326,7.909346220436072e+86,0.23746020820786373
YCR079W,7.0,2.4505890014674064e-06,0.004671353868699115,0.00012136332979521084,0.0005617954345782338,7.319600253848083e+82,0.23948978263699075
YOR090C,3.0,1.7464757907467804e-06,0.00459132064823792,6.493458480889283e-05,4.5671826637550684e-05,3.7176800244094184e+82,0.2252050099955122
YIL031W,15.0,4.487664391430844e-06,0.004856982020434768,0.00012089636167928201,6.487099576069355e-05,2.445606343656917e+83,0.2513089005235602
YDR439W,12.0,3.985388350373697e-05,0.004813767485951625,0.00011472910288166789,0.00012278358175571224,1.933353730045249e+85,0.2567203050878988
YDL089W,9.0,1.6241827356443998e-06,0.004719870588523409,0.00010017071217376588,0.00010813853990793876,3.201325778022666e+82,0.24495229642777902
YOR264W,5.0,1.8467547445613394e-07,0.004625580733452797,9.610878637161501e-05,2.6521332149026625e-05,4.146563238425907e+80,0.20125419279568324
YKR010C,9.0,2.1110361958371984e-06,0.0047282409102209905,9.106698894763521e-05,2.22733013680225e-05,5.3993389263059507e+82,0.24654964491491357
YGR086C,18.0,7.657724244244971e-06,0.004914762449790836,0.0002840749637839365,0.002519055453387654,7.143275201022428e+83,0.2676104135356571
YOR367W,10.0,9.803799062257272e-05,0.004835409123418351,9.866772539052058e-05,0.00011421462221514786,1.1714644809228067e+86,0.26822157434402333
YGR080W,11.0,6.3572040235189565e-06,0.004776520874753635,0.00011763271045893794,1.8470646238340585e-05,4.921133298427601e+83,0.2587783038769865
YNL079C,15.0,6.982479888275072e-06,0.004874332407519415,0.00014547803122207738,0.00013845132303726707,5.935158387406392e+83,0.26251961763446996
YOR239W,7.0,7.676680327175589e-06,0.004696795789948254,7.789498167358103e-05,0.00017251954912489163,7.168863802880391e+83,0.26014421037749186
YOR284W,3.0,1.017692219277474e-07,0.004588593811849893,8.672996556074414e-05,0.00040662180647886044,1.2611450879669343e+80,0.21121101970537592
YOR122C,22.0,6.281227159787695e-06,0.005025861028643373,0.0001994135282350913,8.633020842954315e-05,4.8018239933862246e+83,0.26324574371691545
YGL032C,10.0,2.3791695932004823e-07,0.004726580799607245,0.00014170750724602129,6.52679996876988e-05,6.894466386890894e+80,0.2246459384665473
YJR004C,10.0,1.94575371900277e-06,0.004725879432495437,0.0001838277132616771,0.0005270697412020083,4.615430561773864e+82,0.2203504850105784
YCR091W,3.0,3.301807030611488e-09,0.004585278016264919,9.331264278683089e-05,6.773600460642631e-07,1.3295067317202077e+77,0.1689416661565771
YDR093W,5.0,6.42438849678111e-10,0.004623872850153899,0.00013355477130750555,2.8244175371024214e-05,5.011988961149495e+75,0.18172241243086648
YMR162C,6.0,7.050409253210954e-07,0.0046433069242194855,0.0001554011021924806,0.0002456630931084694,6.058459740292767e+81,0.1950736827225501
YLR035C,18.0,3.855271820838502e-05,0.004977923474594042,0.0001321896376419846,0.0004421818541861753,1.8086640846346703e+85,0.25080648825480484
YHR120W,9.0,1.962559512593365e-06,0.004722879476072052,8.386953808640546e-05,3.6389753391470324e-05,4.668587589213759e+82,0.22090603489675045
YMR004W,11.0,4.120977273895619e-07,0.004749424685316504,0.0001395057210949541,0.00025495236492831605,2.059954167142695e+81,0.23291139240506328
YDL154W,27.0,1.453112032979371e-05,0.005173231113136625,0.00017623281679071887,0.00016385383534823174,2.5609791211075955e+84,0.2552365099181579
YFL003C,38.0,2.1645612893887054e-05,0.005418567606509166,0.0002485138656938783,0.000395835256576552,5.6866752715792e+84,0.258644925499016
YNL032W,6.0,6.665561204452561e-07,0.00465229610140805,0.00011124238009352469,8.475970940589315e-05,5.40782838555317e+81,0.23544465770953296
YNL056W,6.0,1.296813487338012e-07,0.004650952899003971,0.00012209565504377133,1.9718679280790982e-05,2.0462895551006478e+80,0.22951228639141824
YDR067C,4.0,1.272626798210406e-07,0.004612170709447175,8.937823896761307e-05,7.070538547218604e-05,1.970303330694801e+80,0.22621096631423654
YHL029C,7.0,4.463344185593147e-06,0.004681001152475433,0.00011389403145131566,0.00027424364025871114,2.4263110051748636e+83,0.22974154076663753
YNL099C,5.0,1.2909502184854948e-07,0.004631871600360925,0.00010280651166124917,1.5023013070505749e-05,2.0278792748631922e+80,0.22940736430886877
YCR095W-A,2.0,2.3988302645334742e-05,0.004584474227515715,8.476763424728297e-05,0.0003623188405797103,7.015917335435738e+84,0.20760464853886945
YDR349C,1.0,1.1068735571781545e-07,0.004546454121840443,6.372355669377724e-05,0.0,1.4948771473700833e+80,0.17191977077363896
YNL145W,9.0,3.6366344091577495e-06,0.004714172506588032,0.00011601906985564015,0.00017892775642315982,1.6094995495325895e+83,0.23356181772023357
YKL209C,20.0,9.448390268059963e-06,0.0049418512352087775,0.00025134048276362087,0.0011367750194204993,1.088101114169306e+84,0.25197425480440044
YDR461W,9.0,1.9950484225688598e-06,0.004711390189084474,0.00011890767017332045,1.033831856531479e-05,4.852329043420852e+82,0.2299233588803732
YJL170C,8.0,2.267733169999646e-07,0.004689530241773825,0.00011003332241145823,7.198185161825809e-07,6.265181210526426e+80,0.22215067611075337
YCR098C,2.0,1.6343043182959768e-09,0.004566873422695222,6.597870802382944e-05,2.981530226352517e-06,3.2148551881883195e+76,0.19671430098713516
YGR149W,2.0,3.924398850797027e-09,0.004568698560688323,6.471185823245027e-05,1.4404232959639524e-05,1.8626750547282432e+77,0.20477056052231332
YCR105W,20.0,9.193202075678822e-05,0.005020169310754183,0.00023857233288028388,0.0012654241472869346,1.0298385939772786e+86,0.24773359662507854
YOR120W,10.0,1.8289442981473015e-06,0.004733266977858933,0.0001508413470929913,0.0004670496672003405,4.0739787418023335e+82,0.2343550989216269
YCR107W,1.0,4.2430565320811666e-07,0.004548264151151205,3.7324729876233396e-05,0.0,2.1942706933639857e+81,0.19855400884860258
YKL071W,2.0,4.243146948997024e-07,0.004567151411538612,9.534747247775963e-05,0.00036231884057971015,2.1943642027312136e+81,0.19856829382351884
YMR318C,19.0,9.193007149492699e-05,0.00500143218847153,0.00020620855014739958,0.004602594424351747,1.0297949106729134e+86,0.24798957724965182
YEL077C,7.0,1.207140950810965e-11,0.0046633444917723805,0.00019592159027230832,5.5180782927080335e-05,1.715795826919962e+72,0.1625920471281296
YFL068W,10.0,4.1877162940277117e-10,0.0047220684761807375,0.0002734884230586724,0.0016987089406273745,2.113392151415341e+75,0.16855476503099331
YLL067C,12.0,6.8000618317853145e-09,0.004763100414172753,0.0002981987446338622,0.0014019383273502378,5.614759354521494e+77,0.19557130203720105
YOL166W-A,4.0,2.519214724440077e-12,0.004605067931759834,0.00014772821843070253,0.0003659436142622785,7.448848618358899e+70,0.1495003114589822
YML133C,8.0,5.6762508483080744e-09,0.004683080643131313,0.00025087869075505575,0.001620187431117976,3.915133237345108e+77,0.1818481304562675
YMR076C,24.0,6.532211562996796e-06,0.00507459925775254,0.000159254917510467,8.91791739324901e-05,5.167489031853441e+83,0.2505787825139589
YPR007C,30.0,4.4331984841687e-05,0.005226486145979972,0.00020308701125666353,0.0002853148752297089,2.3910009978941925e+85,0.26224523730343485
YER147C,9.0,1.3212299675653753e-06,0.0047228635838231945,7.734591041560197e-05,5.210958528719212e-07,2.1110225399080958e+82,0.22640580780115663
YDR180W,17.0,6.814961054555233e-06,0.004900201387617211,0.00012131034477668297,2.0984817043964218e-05,5.642332696404768e+83,0.24042859009538742
YIL026C,19.0,1.1399122907585174e-05,0.0049559164729910885,0.00013641567564397802,0.00011035983517086745,1.578244822227945e+84,0.25508317929759705
YDR162C,7.0,4.557159819454779e-06,0.004682071856143926,8.653806133738462e-05,3.3942947676795065e-05,2.5277291625050236e+83,0.24254141218858474
YDL010W,2.0,9.99180735849172e-08,0.004568591924271483,4.8699195107547844e-05,1.1666299864663125e-06,1.2169691376679316e+80,0.20887728459530025
YDL011C,8.0,1.929397944771083e-09,0.004684963831258939,0.00019035481014342275,8.103458316137668e-06,4.540382901807569e+76,0.165860400829302
YMR007W,9.0,1.9294388176981694e-09,0.00470377530016985,0.00023046251595952767,0.00037042229889584717,4.540575502243065e+76,0.1658653846153846
YDR535C,10.0,3.768256616957746e-07,0.004723075310758247,0.00024592437848676614,0.003322699001356007,1.730625558600788e+81,0.19118207321719252
YPR170C,8.0,1.929397944771083e-09,0.004684963831258939,0.00019035481014342273,8.103458316137668e-06,4.540382901807569e+76,0.165860400829302
YNL043C,8.0,1.929397944771083e-09,0.004684963831258939,0.00019035481014342273,8.103458316137668e-06,4.540382901807569e+76,0.165860400829302
YDL172C,10.0,2.885748288280713e-08,0.004722592094170214,0.00023749643654650545,0.000823920725099773,1.0159774862802838e+79,0.18094801022749624
YOR156C,19.0,8.472903392375087e-06,0.004955997515291078,0.00014324451454594437,4.4121002931717064e-05,8.724696376524477e+83,0.2564579074521464
YMR111C,1.0,8.666471369564854e-08,0.004550218597719284,3.315461796393765e-05,0.0,9.081673780927487e+79,0.21518789957898019
YJL111W,28.0,0.000794462592623866,0.005754536166370783,0.00019597039781419444,0.0007931014393292702,7.6854175681219425e+87,0.2947930574098798
YJR019C,11.0,1.980472215326847e-05,0.004776147197180984,0.00010559145472402545,0.0001653761039068876,4.782687151088956e+84,0.23981232079242332
YGL146C,5.0,2.548588542210317e-07,0.004626764935624673,9.517774783943082e-05,3.444642089789228e-05,7.860614331809978e+80,0.211648326367854
YLR305C,23.0,2.7014676259692323e-06,0.0049980770269992675,0.0002891461630723719,0.000589963787041923,8.891152765795416e+82,0.24677008359783628
YNL267W,30.0,6.391781219127827e-06,0.005151870673625303,0.0003292413938221892,0.0011906871347976023,4.978198288399073e+83,0.25989924196054426
YLR024C,9.0,2.2198826833840825e-05,0.004730477848683364,0.00011184140524324348,0.00014724438717155132,6.004925192134034e+84,0.24908623257073237
YGR205W,14.0,7.0276990582503815e-06,0.004828706177796267,0.0001609004530687118,0.0011288791537810562,6.019405026138216e+83,0.23430536100853178
YDL022C-A,2.0,1.0027678892367972e-06,0.0045696867763166,4.932987173749541e-05,0.0,1.2253042556141269e+82,0.20465668100252113
YDR239C,2.0,1.4820470774479421e-09,0.004565591601210749,8.051942263400412e-05,5.464324517986269e-06,2.6791813703766e+76,0.1841780387708118
YHR009C,8.0,5.196096384304209e-05,0.004729173520820297,0.00012685259633591977,0.0007064191050177071,3.292164678064949e+85,0.24018797319641458
YJR085C,3.0,8.951036336988231e-10,0.004584550020736641,0.00013277800001332746,3.967746433334755e-05,9.777112515731531e+75,0.16736909129498803
YDL027C,2.0,1.2953893514918604e-07,0.00456563361275113,8.472010575753504e-05,2.2938886001084693e-07,2.0466888392063166e+80,0.18846022533287812
YJL066C,2.0,1.4034286409604924e-05,0.0045812707704321375,7.169906113770999e-05,0.00017925529807239868,2.401043321816092e+84,0.23173803526448364
YJR064W,22.0,0.000262981156475674,0.00521106886962984,0.00016956694072946656,0.0002851201475409577,8.420065223901355e+86,0.27908387683907177
YOR077W,6.0,1.7209705464874513e-05,0.004703838144351131,4.622100595213255e-05,0.0,3.589222874249971e+84,0.22157996146435452
YDL034W,2.0,1.508175994582454e-10,0.004565425759838829,0.00013263346779719958,0.00036231884057971015,2.771497336286277e+74,0.16497803281628262
YFL042C,4.0,3.26656774440724e-08,0.004604792035460469,0.00015906832023680856,0.0007478557873339347,1.3006933472726397e+79,0.19755207214945245
YER137C,1.0,6.977314113284878e-13,0.004546374987966944,8.506218703576018e-05,0.0,5.905212150230081e+69,0.14161834881215044
YGL248W,24.0,5.9844750187841174e-05,0.005085390008251848,0.0001909086072995083,0.0003624604305316544,4.3608851842613446e+85,0.2666924340515992
YOR107W,7.0,1.8778966251714382e-06,0.004672763892232995,9.514357962577105e-05,2.3185771043936546e-05,4.295383153646706e+82,0.2292168424549456
YDL036C,6.0,4.0671686104540306e-05,0.00468062020047386,6.57514260157908e-05,2.5588102048816026e-07,2.0140637113724207e+85,0.22810859952890616
YGL063W,9.0,0.0001526958730575843,0.004831329873754499,8.62255220443494e-05,1.9662225658004136e-05,2.8367173997701667e+86,0.24220086876398578
YLR165C,8.0,4.114147098777557e-05,0.004720576983439957,8.342369965044159e-05,2.166116314353737e-06,2.0608532414193388e+85,0.2302398331595412
YDL037C,2.0,4.1883322789627295e-14,0.004565261862340893,0.00018985700755778654,0.00036231884057971015,2.1228897389465103e+67,0.1249943390245007
YDL196W,1.0,1.9847460765099343e-16,0.004546374307079459,0.00011216575982165797,0.0,4.523228066168746e+62,0.11110887462007608
YDL039C,2.0,9.04208970122035e-12,0.004565340691775439,0.00017316553042277333,0.0007245063824311798,9.96294864252336e+71,0.14283865959373787
YMR317W,2.0,1.958345844784673e-09,0.004565428293702137,0.0001376434767617561,0.001086562625554409,4.6757183704034156e+76,0.16661635979474795
YOR279C,3.0,6.534929442655538e-07,0.004593025889346752,4.8147711060901056e-05,0.0,5.178414896237368e+81,0.23074993729621268
YLR139C,2.0,6.6916950088113664e-06,0.0045724628380944595,4.2825085423517934e-05,4.885661660758944e-06,5.444405231395791e+83,0.21512919443470127
YMR178W,6.0,4.109842428982578e-06,0.004654151984280271,8.119342462790262e-05,1.825757149789519e-05,2.0588160699704768e+83,0.2294168987157641
YIL134W,8.0,4.96359892232897e-06,0.004704213793113389,8.992479524996873e-05,9.290188449540794e-05,3.0003458714322454e+83,0.2294359699073112
YDL046W,3.0,1.670544918333913e-08,0.004585511235945479,9.175225616603553e-05,0.00012389680248561967,3.4042068919366423e+78,0.1954466593492193
YPL006W,3.0,4.2046418176634977e-10,0.004584558870901781,0.00010581446091076675,2.202338670009342e-05,2.1218893721811765e+75,0.1840736294517807
YOR011W,4.0,1.1242323154293445e-06,0.004606866906979163,9.609773559785917e-05,0.00018002452800032655,1.5408719552420514e+82,0.20964679073300418
YKR028W,10.0,4.624431755362989e-05,0.0047666801190534135,0.00011044715438995588,7.112998074086759e-05,2.6028370965077076e+85,0.24663777311112103
YFR040W,5.0,1.577267547015307e-06,0.004628811499685761,7.742274875664794e-05,1.2598495070513661e-07,3.029082823628607e+82,0.22016592214422465
YPR040W,9.0,2.4871236816150494e-06,0.004718566816421515,0.00010110812525388559,1.7066838797216556e-05,7.531875144036157e+82,0.2336112404249016
YGL229C,5.0,1.5998860115662615e-06,0.004628452873223698,8.007177799832067e-05,2.4017136720377818e-05,3.1165823260300684e+82,0.22076467765157576
YDL049C,5.0,5.51763195603682e-07,0.004626055997775007,9.920281608898646e-05,1.719747106570624e-05,3.7127554300887306e+81,0.20557127960673321
YGR143W,6.0,5.894568158587067e-07,0.004646639689562373,0.00010893251238503846,8.34875360059681e-05,4.23731741596406e+81,0.21431067282680435
YIL029C,3.0,2.130349560151675e-06,0.004589298825580296,6.206403867925756e-05,4.767892782047179e-05,5.532977003200246e+82,0.2163857310858487
YDL051W,11.0,0.0004893817038293886,0.005118481043054741,6.972176131737206e-05,3.297122634664461e-05,2.9177941325411978e+87,0.250840679814596
YOR298W,3.0,1.5159424798381734e-09,0.004586707009791842,9.858974228687677e-05,8.916950994728167e-05,2.7731279415230614e+76,0.20037752286917382
YGR045C,5.0,1.5784091000899827e-08,0.004624797162787349,0.0001448476800315153,0.0004909308744040756,3.0334430708236765e+78,0.21209559671098133
YDR018C,5.0,1.2551384461564214e-08,0.004624510323250473,0.00018842360947661721,0.0005984147049414314,1.9071145735729378e+78,0.2068345323741007
YDL053C,3.0,1.790534890637441e-05,0.004605528305247651,4.692928164112856e-05,0.0,3.9033120304636645e+84,0.22935017450556755
YGR120C,13.0,1.2383115724923077e-06,0.004807201904331305,0.00013779693349690202,0.00010563064475254748,1.8679952287301294e+82,0.23737851552421088
YER157W,24.0,1.8778998553603787e-06,0.005044705094279207,0.0002209900794587097,0.00028025337589174547,4.294995789023518e+82,0.24648359008707302
YDL099W,4.0,1.7053464913862037e-07,0.004614542566280697,5.878120740676117e-05,0.0,3.5431793487481566e+80,0.21605542291283417
YOR216C,13.0,0.00019571416288439173,0.004952685413414403,0.00014978705189323837,0.0017035283423211828,4.666955426959454e+86,0.26964974842460065
YIL109C,27.0,0.0002513321510497658,0.005296014271903258,0.00024853128389353696,0.0008429745648032356,7.697172500239644e+86,0.26709246625054434
YOL022C,10.0,0.0006200148346856747,0.005210351254147026,6.0083040939342466e-05,8.141118155400898e-06,4.679010509434489e+87,0.2564221675105681
YLR394W,16.0,4.3093537681956915e-06,0.004879272028196557,0.0001334945588069182,0.00010089662017538163,2.25489288009694e+83,0.25005662514156285
YJR105W,15.0,4.375999596760316e-05,0.004883220284840221,0.00012426680365800667,0.00011429696935612815,2.3325485368048377e+85,0.2536881290500483
YPR180W,9.0,2.8249313806627463e-06,0.0047205627211970086,8.410853510009472e-05,5.26386971665195e-07,9.702097213763027e+82,0.23820825961248004
YGL243W,11.0,6.004831476924079e-06,0.004758105735756692,0.00010914032792724404,0.00013937165241558068,4.3824617483075504e+83,0.24150150938443365
YML023C,11.0,2.3054685073238914e-05,0.004780706719700509,9.786784426491448e-05,1.5803715817129323e-05,6.479200241581298e+84,0.23565573770491804
YIL063C,11.0,1.8981105587487965e-05,0.004782736930324592,8.82972500160259e-05,2.7821275509104178e-05,4.384471236831074e+84,0.24954792043399637
YPR066W,15.0,0.00021890187496247842,0.005003132225120583,0.00013680321522538952,0.0003215860082460402,5.839235398627689e+86,0.26059862147106033
YDR390C,12.0,3.157690159371131e-05,0.004807852564849364,0.00010214413761997499,3.924239977682929e-05,1.2146293052461615e+85,0.2512402712666697
YIR001C,11.0,6.345345125122037e-05,0.004813376190691355,9.117111672181694e-05,0.00010299316057328841,4.898751789293346e+85,0.25061291201307545
YMR204C,8.0,1.2328611541847489e-06,0.004697409743729705,9.430533976390208e-05,9.112715866557243e-05,1.8479469397770654e+82,0.2305186670007517
YKL188C,10.0,0.00017131662772895294,0.004870103673076422,9.194137846693079e-05,0.00039526350239383376,3.575717556235996e+86,0.25422557914613364
YPR128C,1.0,6.719167094166816e-08,0.004548683866713789,3.508136308976112e-05,0.0,5.5005151798105435e+79,0.2006251362942502
YDL143W,28.0,0.0007308234882682999,0.00570373311440367,0.00019648756765358198,0.0008353430196666804,6.5051545164374895e+87,0.2949978623343309
YPL188W,3.0,1.3800835521677985e-06,0.004595243606527528,4.991530268001251e-05,3.633235257838213e-05,2.3212349509828932e+82,0.223862438153946
YKL208W,4.0,4.015092147192946e-08,0.004604612517277826,0.000109399856106652,1.4026613457864643e-05,1.9586659038655262e+79,0.18531574176654245
YHL038C,3.0,3.880960590849007e-08,0.004585639759296569,7.747126412772546e-05,0.0,1.82971822183639e+79,0.18489365265449673
YDL072C,5.0,2.0631769125462716e-07,0.004630175098666208,8.156281413642627e-05,7.093937699409826e-05,5.183015216465118e+80,0.23245041478923653
YKL065C,3.0,1.0924740474366064e-07,0.004588243926560493,6.144377622281226e-05,0.0,1.4538274569413304e+80,0.2201044698751944
YDL073W,3.0,1.5661490445689312e-07,0.004589795561689542,5.3128916486972126e-05,0.0,2.98818850677004e+80,0.2115428834214762
YER123W,8.0,1.4925561243853497e-07,0.00469831314702638,0.00012246306326400694,0.0010929695374695182,2.7120321768980193e+80,0.2257299419317903
YDL079C,1.0,2.7167215485587796e-07,0.004551757110409833,3.490800682510516e-05,0.0,9.0019853305173e+80,0.2130122713591109
YER063W,2.0,4.809539405052735e-06,0.004576795642283044,3.7730914299036505e-05,0.0,2.811734339484661e+83,0.22326484387639542
YOR384W,6.0,2.44256846081575e-06,0.004651131731591201,0.00013375654235997972,0.0012900815977263135,7.252088223850142e+82,0.22297624818225883
YKL214C,5.0,1.4110064793537837e-05,0.004659590681366261,5.2462771916141575e-05,1.0150947739359937e-07,2.4189030338817207e+84,0.23494360502234518
YNL253W,8.0,9.607534434650066e-05,0.004775454208321578,6.65071177398225e-05,2.1033913100999026e-07,1.1246812411606252e+86,0.2429363612358067
YNL140C,10.0,4.344738307423555e-06,0.0047319196492042,0.00021814160639985273,0.0033068569505321278,2.2951888796652874e+83,0.22486556949649666
YDL085C-A,1.0,1.0900933949004644e-08,0.0045464660097657116,5.735061925105213e-05,0.0,1.4454981994984044e+78,0.17769765645119753
YIL156W-B,3.0,2.3601982844472524e-06,0.00458733576299826,0.00010505516449896288,0.00036231884057971015,6.784166775171765e+82,0.2160892542571932
YDL085W,4.0,2.2772342454277533e-06,0.004614160697626851,5.828491816446841e-05,0.0,6.320580725669012e+82,0.22558234572946465
YMR145C,7.0,1.0043409266280151e-05,0.004697048000977698,7.756886605947537e-05,2.1297266401610556e-05,1.2286233701611516e+84,0.2412481971941786
YDL086W,1.0,2.0203630117717593e-08,0.0045477225453993304,3.687136399127649e-05,0.0,4.973035097945633e+78,0.195474343992351
YGL012W,17.0,4.376451682887172e-06,0.004889798434254386,0.00019347712252783716,0.0003640958040769308,2.3339980288475276e+83,0.24295774647887325
YLL023C,8.0,4.153388391053164e-06,0.004701368184199069,8.325638286858748e-05,3.452777708670476e-05,2.098181041373113e+83,0.2339875376202789
YGR058W,4.0,1.202675279628425e-06,0.0046094439492307265,6.700327794224505e-05,0.0001218651948189619,1.7615984758789346e+82,0.2252050099955122
YJL031C,6.0,1.8769150487854176e-07,0.004660115823291031,8.253252926208207e-05,6.164795588597736e-05,4.28543962012e+80,0.23907488414396466
YJR117W,12.0,0.00020505459715799173,0.004920904387015732,0.0001515265202831571,0.0005793222452901148,5.124408276232643e+86,0.2509889510298731
YDR410C,10.0,2.422989227416329e-06,0.004730518119407842,0.00013444727806737888,0.00012972137352344813,7.155114665445956e+82,0.23897138404259924
YMR274C,8.0,2.296342720861459e-06,0.004689017287471274,0.00011292884166388441,8.302599052241788e-05,6.4269334409762e+82,0.23106869270375488
YIR014W,5.0,1.829500426075931e-07,0.004624770930995363,0.00010556188851161471,0.0,4.079701912006918e+80,0.20042845212592136
YPR109W,5.0,1.829500426075931e-07,0.004624770930995363,0.00010556188851161471,0.0,4.079701912006918e+80,0.20042845212592136
YOR223W,5.0,1.829500426075931e-07,0.004624770930995363,0.00010556188851161471,0.0,4.079701912006918e+80,0.20042845212592136
YGL020C,12.0,0.0003295952652535592,0.005014303581357243,0.00013087283591932964,0.0003440029348386258,1.3239508460073215e+87,0.2525275630175214
YER083C,6.0,1.592751787362528e-05,0.0046586017844248056,8.735124924866738e-05,9.125461201010282e-06,3.0920101830521858e+84,0.232764073371284
YLL019C,3.0,5.036612079305471e-06,0.004598769371457961,4.5083216636447376e-05,2.3943078174537252e-05,3.0849243214055436e+83,0.23359146883331217
YDL104C,6.0,0.00014354502182335684,0.004757347811312994,0.00010692684115996308,0.0003694551448262578,2.5066075668502507e+86,0.2340669126065386
YKR038C,7.0,7.989813004396037e-07,0.004666649592611759,0.00012877550080827216,0.0001900185302815947,7.743020602055e+81,0.22228486288406557
YGL169W,9.0,1.2003738376398052e-05,0.00471155618720939,0.00015103196175127436,0.00034878083044432337,1.7553966411394991e+84,0.22587773140191506
YML036W,7.0,7.989813004396037e-07,0.004666649592611759,0.00012877550080827216,0.0001900185302815947,7.743020602055e+81,0.22228486288406557
YKR095W-A,6.0,7.401946410489422e-07,0.004644278741769826,0.00012132533430215232,3.022239665963814e-06,6.654505635141186e+81,0.20079298679567859
YGR262C,9.0,2.9986324630429163e-06,0.00470519252116067,0.0001563219429507325,0.0001377295124696995,1.0921232270326137e+83,0.21022164673623275
YDL105W,14.0,2.600195003260964e-05,0.004843398917350457,0.00015624154985335853,0.0007107562656656405,8.240061508342513e+84,0.24420456556361705
YHR199C,3.0,6.881016716185681e-07,0.004587726525935114,5.744502634595908e-05,1.9614030363650707e-05,5.774404149116033e+81,0.21538101369542315
YDR288W,8.0,2.2555706806188586e-05,0.00471564329416252,7.933978275389895e-05,6.558165347418518e-07,6.202288088187157e+84,0.2271604938271605
YDR077W,8.0,3.013079569627149e-07,0.004682997778261307,0.00018240270823887441,0.0002896355034252992,1.1065220336458226e+81,0.21503700818075575
YLR007W,12.0,2.3238565767112592e-05,0.004795081069830548,0.0001448554111118091,0.0003064556038257,6.582695494847104e+84,0.2305282940070996
YKR099W,8.0,1.2634293188643361e-05,0.004714028679941022,8.294307862143608e-05,3.5116387098099086e-05,1.944857634046423e+84,0.25685170536503654
YDL125C,1.0,2.4727718492712684e-06,0.0045539903330229625,3.126189499270878e-05,0.0,7.428112439306187e+82,0.2187178064822886
YLR226W,21.0,7.567202973741357e-05,0.005096469148061443,0.00011509535854767135,3.572889288115208e-05,6.962821630224084e+85,0.2583906754669288
YOR352W,16.0,4.563522059297862e-05,0.004966614063560296,0.00011163738854555303,0.00036243217014542844,2.5304513604002055e+85,0.24051239597403162
YML112W,30.0,0.0001739003768823924,0.0053957123214529055,0.0001518924535637876,0.0001566269136183412,3.68107066275322e+86,0.26802621995630005
YJL068C,7.0,7.672593743201436e-07,0.004668130592152707,8.98432319214617e-05,6.303585354626849e-05,7.174999415253763e+81,0.22526015098959395
YGL246C,6.0,0.0002584379586840124,0.0048447943951381136,5.436503084244906e-05,5.216941667924796e-06,8.132857688937263e+86,0.2430861370442135
YDR336W,21.0,0.0030288156711333293,0.007242740995085536,8.930615870049246e-05,2.1616660818590746e-05,1.1179637469421416e+89,0.27206860860564835
YDR425W,9.0,1.5302949411050797e-07,0.004711214641330949,0.00011149476613018912,3.2835646915986796e-06,2.853068166922529e+80,0.22083533365338454
YDL114W,3.0,0.0001676185333469206,0.004708553665169126,3.759259422765444e-05,5.457351105327965e-06,3.4234867936636503e+86,0.22413513074549293
YOR262W,9.0,0.00024356265051911897,0.004929483187496831,7.241043474884976e-05,7.042710510160181e-06,7.227163210345598e+86,0.24862624988739754
YKR090W,3.0,1.3988270040371761e-07,0.004593300817451063,5.230537116448835e-05,2.1653894395613342e-07,2.3793353994327476e+80,0.22397143552706322
YFR045W,2.0,2.930085842003465e-06,0.0045675555395714865,6.493992510719449e-05,3.1842138553571886e-05,1.0462611327636794e+83,0.19692483322036317
YKL134C,7.0,4.704537881020616e-06,0.004680581347182353,9.921231676774414e-05,0.00016434002485923217,2.6942000102964817e+83,0.23330515638207946
YDL123W,1.0,1.5439154803467255e-10,0.004546533018992968,6.681251936278971e-05,0.0,2.911491017830802e+74,0.1564714552979194
YDR276C,4.0,3.347010219275364e-08,0.004603465656730292,0.000179161258913936,0.0004545330989614573,1.3664521087954586e+79,0.18549010383413422
YML074C,13.0,0.000997447375229407,0.005582968109394122,8.24891878639748e-05,0.0001671033594862862,1.2105753716291806e+88,0.2645705521472393
YLR450W,16.0,1.6098007966060365e-05,0.004882896267264656,0.00017696672831966058,0.0007187138718005976,3.1586938938442594e+84,0.2562079368763054
YOR197W,10.0,1.175218883787714e-05,0.004747772950456188,0.00013071581079372418,0.00028722540331190243,1.6830436712246074e+84,0.25629120624013374
YPL096W,4.0,3.818893194979434e-05,0.004650009576189127,5.0409755906226845e-05,3.5052889295801334e-06,1.777136329359298e+85,0.2519627533321161
YJL048C,5.0,9.306314419427052e-06,0.004641497902316868,6.553522920464615e-05,1.7973911651638612e-05,1.0552260285987538e+84,0.24278676988036593
YPL246C,3.0,7.0302488228482615e-06,0.004597904524882523,7.861528210044766e-05,0.000472584858187368,6.02383198670159e+83,0.23758285271584748
YER059W,7.0,1.0656663382344871e-07,0.004666962874275389,0.00010840924991943786,1.059348207568211e-05,1.3765672084330894e+80,0.22202558120826965
YHR071W,11.0,3.818356751205335e-06,0.004757031282749859,0.00014708313221372077,0.0002579304803920843,1.7758125998584984e+83,0.24976245418759332
YGL215W,8.0,1.0664038589666668e-07,0.004687751377972095,0.00012001895711421362,2.138390137422669e-06,1.3760986707187696e+80,0.21993784365288072
YKL159C,7.0,2.410355963060059e-06,0.00467137638032634,0.00010473049298683501,9.69856162085681e-06,7.079347300237032e+82,0.22439936582787917
YNL291C,9.0,1.0384005397049184e-06,0.004709704203597235,0.00014165471508065155,2.4202676660617075e-05,1.3134976239948602e+82,0.22767580944524643
YDL129W,3.0,2.734078519366919e-11,0.004584312404184645,0.00017297583078307058,0.0004815199917538678,8.44808111121028e+72,0.16319772942289498
YDL133W,3.0,1.7837669432379615e-11,0.004584548135115396,0.00015633855755016961,4.03088167416976e-05,3.823763651670613e+72,0.1514112516114875
YIL092W,2.0,5.745105254644066e-09,0.004566399307174328,8.869299294791269e-05,0.0008196623518874677,3.940187587946301e+77,0.1937317937739094
YOR200W,1.0,1.3948444149280161e-13,0.004546453449688219,7.823251427351301e-05,0.0,1.800027392871894e+68,0.14030450143608775
YDL130W-A,2.0,1.0275388081726402e-06,0.004567249384684254,4.911595896444902e-05,2.722753817320183e-06,1.2872780746951659e+82,0.20509771865943374
YOL025W,3.0,0.00018321309089700422,0.004723467784320651,4.566735436395969e-05,0.0,4.0903824065344584e+86,0.23746020820786373
YLR352W,5.0,4.6345171175472955e-06,0.004635285353158142,9.264361888971438e-05,8.331087133774988e-07,2.6169067150192357e+83,0.23307857957184477
YPL003W,6.0,0.00019459418366399634,0.0047954152627904065,6.395863092263063e-05,2.93513359324284e-07,4.614386560332992e+86,0.2435580656547829
YLR128W,10.0,0.00019766931501136585,0.004879025337052844,0.00010302111887966307,9.970859958421515e-05,4.7612930960020197e+86,0.250840679814596
YML088W,6.0,5.159924666338125e-05,0.0047030691263794345,6.341579596845463e-05,2.4095989945437733e-05,3.244406836350808e+85,0.2535599448782728
YKR017C,9.0,0.0006591395409646449,0.005216657827285873,0.00010759567302564353,0.00045625527599260667,5.293836802370935e+87,0.26497695852534564
YDR306C,5.0,4.618359730088505e-06,0.004635165789099827,0.00010093110597195857,0.00018112659560779495,2.598699642103252e+83,0.23307857957184477
YLR097C,5.0,4.618359730088505e-06,0.004635165789099827,0.00010093110597195857,0.00018112659560779495,2.598699642103252e+83,0.23307857957184477
YDR509W,2.0,1.4672391693357834e-10,0.004565503512410803,0.00010089049288437567,0.00011915603621245293,2.626573492442055e+74,0.16402698124981427
YNL213C,4.0,3.674884614043561e-09,0.004604328138518666,0.00015689549360785847,0.00016809564802888389,1.6363244148018494e+77,0.16545274705512095
YIL142W,30.0,0.0011984981501972974,0.006084883816371143,0.00019949996115035764,0.0009714260576453947,1.7496177893723937e+88,0.29490330163479006
YDR523C,4.0,3.944164664473363e-07,0.004609408910753514,9.879816707397351e-05,0.00038391293672599146,1.8937001534417362e+81,0.21981522777954762
YDR520C,9.0,0.0026860513824794215,0.006734663882143754,6.886174116353707e-05,0.00036231884057971004,8.79092618184245e+88,0.2628696604600219
YLR195C,4.0,3.8859341619071817e-07,0.004611990211951459,6.224751028286412e-05,4.55426494671105e-05,1.8399818883714455e+81,0.23497360803677847
YDR358W,13.0,0.0004900304661754008,0.005178568546607638,0.0001341363069300713,0.0006219265884250592,2.9258701639710354e+87,0.27516075968296694
YNL154C,8.0,1.803584428446135e-07,0.004687979099345427,0.00012135932486614492,6.65925206245828e-05,3.960343662178935e+80,0.22479231145137646
YDR277C,4.0,9.17709949348235e-08,0.004608097512234857,6.635929379070283e-05,0.0,1.0250741818821824e+80,0.20856948537746542
YOR048C,30.0,0.0015883373174570704,0.006402006620904861,0.00014857856756763074,0.00042790829697372644,3.0709580463291316e+88,0.27553159628631324
YKL054C,7.0,1.5889212832755607e-05,0.00469673347354573,0.00011982245677694315,0.0005641247414186098,3.0711034219457587e+84,0.24917618381257617
YNR057C,10.0,2.973100945163627e-07,0.004727832463490791,0.00015573878240447516,0.0004943970724255396,1.076734311849328e+81,0.22729144363007495
YPL103C,6.0,7.238956729664876e-07,0.004649147138550111,0.00011728764504964704,0.0003494734246853169,6.3726019991950635e+81,0.22856196430789616
YPL206C,3.0,7.114535366674499e-08,0.004590260985984615,5.8218635784639566e-05,0.0,6.143720248189624e+79,0.2177858439201452
YJL014W,15.0,0.00011738143642195198,0.004952545554871247,0.00012138659203813211,6.890788614936151e-05,1.6759609876401723e+86,0.27204179192745553
YNL153C,16.0,2.8525902720089406e-05,0.004888565309255925,0.00014143113013374514,0.00018349116131783518,9.901799486138622e+84,0.2543896032075211
YJL179W,12.0,2.003216928871244e-05,0.004789108208479119,0.00011276577425029798,1.527476647460654e-05,4.8847411125036845e+84,0.2387336735576507
YGR078C,16.0,2.0115163576492652e-05,0.004871503261335895,0.0001503887944672821,0.00015922494740349313,4.924686995331262e+84,0.2484472049689441
YOR281C,9.0,1.9771797133078706e-05,0.004729117436714098,9.14698861817787e-05,2.1980121540781545e-05,4.758022036567496e+84,0.23970818134445024
YDR188W,19.0,0.0005119901288931022,0.005346957129389321,0.00014020754073072676,0.00018496211007850804,3.192249040656558e+87,0.28950542822677927
YDL144C,1.0,2.7724514859916586e-09,0.00454645806498497,7.621342460597679e-05,0.0,9.314772823287186e+76,0.16825677446886336
YDR372C,6.0,1.6533039376528914e-06,0.00465575329405622,9.061577145007957e-05,0.0004568487812494775,3.332285937152687e+82,0.23811577948408247
YOL117W,6.0,1.384214821742899e-05,0.004661744096563822,7.027273964840355e-05,1.490417127354209e-08,2.33500395847017e+84,0.22269738169201597
YMR025W,6.0,1.384214821742899e-05,0.004661744096563822,7.027273964840355e-05,1.490417127354209e-08,2.33500395847017e+84,0.22269738169201597
YIL071C,6.0,1.384214821742899e-05,0.004661744096563822,7.027273964840355e-05,1.490417127354209e-08,2.33500395847017e+84,0.22269738169201597
YGR223C,6.0,1.2948530302303618e-07,0.004657685882456949,6.930561480660947e-05,0.0,2.038883672396047e+80,0.22126022126022127
YDR005C,15.0,0.0003494924283691968,0.0051206234321235266,9.142213949205413e-05,0.00017455390615655407,1.4877208878853265e+87,0.2571149098700452
YHR153C,7.0,4.3775734764753115e-07,0.0046746544529344125,7.268877874032054e-05,3.1881382822456596e-06,2.303035380867427e+81,0.21706645694062132
YIL073C,13.0,2.4338377151935585e-06,0.004802401699101174,0.00011562333707046543,3.422857609411449e-05,7.18869725298799e+82,0.23381904439173162
YPL105C,2.0,1.215501412001623e-05,0.004579934312293799,3.873181505994153e-05,9.624946525033235e-07,1.8001912540195765e+84,0.22974154076663753
YGL222C,8.0,2.7637898999848028e-05,0.004733224050200132,6.867619448906024e-05,3.1954426571599596e-06,9.292627230997642e+84,0.24156492057240384
YNL157W,5.0,3.9915528317242984e-06,0.004638882472854969,6.836011547426828e-05,2.7696277626330986e-05,1.939913836578421e+83,0.24469169732700918
YER035W,8.0,0.00017658928056266482,0.004831600727068609,6.846357897754399e-05,1.7529915480330311e-06,3.7990466961560026e+86,0.24333259863345824
YHR132W-A,4.0,3.8617837026531424e-06,0.004618840004859441,5.937406610982061e-05,2.2661245239877917e-05,1.8160148549882078e+83,0.24327897752313796
YDR104C,7.0,3.5667800286028302e-06,0.004669522112522066,0.00014886131811072344,0.0006310413711209743,1.549420716243752e+83,0.22770398481973433
YDL160C-A,3.0,1.6226348145774955e-07,0.004589010066284045,5.957815263468884e-05,0.0,3.1736248356655223e+80,0.212430248220127
YGR042W,3.0,1.6226348145774955e-07,0.004589010066284045,5.957815263468884e-05,0.0,3.1736248356655223e+80,0.212430248220127
YER060W,2.0,1.443560829806132e-07,0.004570131368406648,4.5268560631618265e-05,0.0,2.5376631798401615e+80,0.20950356763321695
YER060W-A,2.0,1.443560829806132e-07,0.004570131368406648,4.5268560631618265e-05,0.0,2.5376631798401615e+80,0.20950356763321695
YLR459W,8.0,1.8746681205817465e-07,0.004692960687323009,0.00011605005682784015,0.0003407733723685296,4.2107814027352325e+80,0.22004305190145898
YML035C,23.0,4.911638366268142e-05,0.00504847548256763,0.00023068330108910485,0.0011629218723882837,2.9384136679629067e+85,0.25227366208125773
YPR145W,14.0,2.031426656604845e-05,0.004859028899113844,0.00012833416122085456,7.01958199589101e-05,5.028907647592824e+84,0.25537820957668284
YDL173W,3.0,8.45051122656771e-08,0.004586414573474995,7.359590736137853e-05,0.0008606162144227746,8.702918897778266e+79,0.21071115013169447
YPR138C,5.0,8.888415320347186e-07,0.004628667781808279,8.922171509946362e-05,0.000180302489113466,9.625856293165924e+81,0.23055717985130733
YNL183C,15.0,1.7390623292200667e-05,0.004852157514274333,0.000192349325226287,0.001693051617007199,3.6853530372868607e+84,0.2644311377245509
YPR004C,13.0,9.986039955564902e-05,0.0048807396988586,0.00016102320786221116,0.0009346500070864845,1.2157641977447531e+86,0.26101759031586913
YDR272W,9.0,3.3111688426659225e-06,0.004711351063276484,9.903518530927365e-05,1.0813465727096538e-06,1.3363044676865522e+83,0.22683377850832134
YOR040W,9.0,3.3111688426659225e-06,0.004711351063276484,9.903518530927365e-05,1.0813465727096538e-06,1.3363044676865522e+83,0.22683377850832134
YOL115W,14.0,0.0006574369890057157,0.005332944558954524,8.387984761235818e-05,6.259707124110629e-05,5.259429851633218e+87,0.2581127840643412
YJR036C,6.0,0.00021216491858607215,0.004816581202049739,5.213741781476088e-05,2.8004958141265643e-05,5.478428023831077e+86,0.24575931614798985
YIL079C,16.0,0.0011155856366626543,0.005704911144829859,7.925523526380125e-05,7.0348547915278415e-06,1.5147985453551807e+88,0.2492099322799097
YNL299W,12.0,0.0007714754328054004,0.00535978692609136,7.111665736325509e-05,4.20586467175579e-06,7.245655084310354e+87,0.24735615701738664
YGL134W,5.0,1.767221647448489e-07,0.004631185784265804,7.689930390113409e-05,1.0711209155720519e-05,3.795503946413048e+80,0.2280332135332755
YPL219W,5.0,5.240403046383905e-08,0.004628016500335963,8.500898945725769e-05,0.0,3.3190030045937725e+79,0.21782021939862678
YDL180W,1.0,2.665507352973488e-08,0.004546415842689388,6.770422414539296e-05,0.0,8.663887797886863e+78,0.18867279625388797
YDR003W,2.0,5.775920350517236e-06,0.004575259971205233,9.433452028935238e-05,0.00036231884057971015,4.0662284991275606e+83,0.23253854579155783
YDL183C,1.0,1.9764292806036123e-07,0.00454812818601803,3.515704987976239e-05,0.0,4.722488101154284e+80,0.20382541909755558
YDR270W,18.0,1.6233022478708147e-06,0.004894250962137192,0.00023551798774189061,0.0006973708251016696,3.211284580929193e+82,0.23354205449314605
YGL141W,9.0,4.384350255712937e-05,0.004753106182095712,8.488216255702721e-05,8.193566492835128e-05,2.342582842648227e+85,0.24781144781144782
YMR011W,11.0,3.092264202624889e-07,0.004751245605898609,0.0001430984032077544,2.5465087258998563e-06,1.1632518096480312e+81,0.23034551827741612
YHR094C,11.0,3.092264202624889e-07,0.004751245605898609,0.0001430984032077544,2.5465087258998563e-06,1.1632518096480312e+81,0.23034551827741612
YHR035W,8.0,3.6984461962965317e-06,0.004701878688082734,9.100280213483587e-05,4.940733546475541e-07,1.6667868902279395e+83,0.23019182652210174
YNL049C,11.0,7.753506742031066e-06,0.0047706116113314465,0.00011596118870037535,4.7772185166478985e-06,7.326687988215931e+83,0.2363519588953115
YHR098C,10.0,7.664457156760306e-06,0.004746246709340379,0.00010976614963138917,8.542169334654064e-06,7.159383644371176e+83,0.23469387755102042
YMR241W,2.0,1.987485380443568e-12,0.004565341032488087,0.000161754097480843,0.0007245063824311798,4.7402330231538594e+70,0.14558113774823958
YDL200C,2.0,2.753899816853412e-07,0.0045713669393060265,3.8462656172870066e-05,0.0,9.160030303008491e+80,0.2147943499747072
YML080W,7.0,0.00019584000303193762,0.004827524780090419,5.789602081941589e-05,8.246570149386479e-07,4.66488293904502e+86,0.23923030250498398
YNR015W,8.0,4.511012923514496e-05,0.004727315079464559,7.588321215292516e-05,5.137537655015086e-06,2.4760433215852928e+85,0.2306438808339949
YLR405W,4.0,1.7145144539282828e-05,0.004624871655337794,5.018237316485666e-05,0.0,3.5726184856811003e+84,0.2188999484474759
YJL035C,12.0,2.8230036221636824e-05,0.0047961819426268915,0.0001099183043435284,6.892801194685559e-05,9.684954911276238e+84,0.23618004449768953
YDL203C,2.0,7.695226154700905e-08,0.004567643487954944,7.04700168997123e-05,0.00023610761023186883,7.210213391792987e+79,0.2161823451084828
YHR192W,4.0,4.256841052442502e-07,0.004608382062339636,6.902573999310215e-05,0.0,2.209756990884271e+81,0.2195092854018372
YOR173W,14.0,3.913225022121325e-05,0.004853655657312912,0.0001581469668362154,0.0002233701050508663,1.8671875516726776e+85,0.2520663043974611
YDR233C,16.0,5.652825504766041e-06,0.004853393035726647,0.0001991015422322142,0.001016917631349118,3.895260671426076e+83,0.2505901579807518
YOL084W,5.0,1.092973082451475e-06,0.004632678797146513,8.829504697738821e-05,0.00022231207895660399,1.4568952591921521e+82,0.2272259498621002
YPR028W,12.0,4.5223554663238506e-05,0.00480384467980289,0.00014965577695901828,0.0006648352885581455,2.4920438935625687e+85,0.24457244129375277
YDR070C,4.0,6.089893149567654e-07,0.004609325496841035,8.016843319527575e-05,0.00010695261906990637,4.524893693349528e+81,0.21415270018621974
YML128C,19.0,4.20815052673883e-05,0.0049595595656619995,0.00020549578085112945,0.00034430951096102945,2.159200831374852e+85,0.25477707006369427
YDR047W,9.0,1.5992410547776956e-05,0.004723119686573167,0.00011599961958844502,0.00019507412902036253,3.1178291976407115e+84,0.24268003165391716
YDR044W,11.0,0.00024045232070187832,0.004926254353861571,0.0001246721181688899,0.0002214961827012098,7.045986648502767e+86,0.2486934582807713
YGR175C,27.0,6.251229461910941e-06,0.005096347882942496,0.0002642782816229233,0.00011808302782846798,4.7622572926154483e+83,0.24971725853879212
YGL040C,12.0,0.00015631850762201136,0.004888846871368764,0.00013777204588640647,0.0002588919553519471,2.9780950726059113e+86,0.250840679814596
YMR255W,5.0,4.108666365418238e-06,0.004638323483121122,5.3609319661782404e-05,3.282468206012957e-09,2.0538062371172461e+83,0.23011505752876438
YDR315C,5.0,5.85626319241324e-07,0.004629263817839477,8.071745521840119e-05,4.662699518824818e-05,4.1727884240235445e+81,0.22618315918869084
YIL104C,10.0,0.001036405248229026,0.005547824221743309,5.7150016749633276e-05,8.804081943360913e-06,1.3074701434178507e+88,0.25906978927113156
YJR152W,10.0,5.439419348387862e-06,0.004734999204121803,0.00012519572719323706,9.008103579876876e-05,3.6057961884485683e+83,0.24076416452217908
YOR348C,5.0,4.168621642916469e-06,0.004635433336419301,7.124059812799017e-05,2.5312971680188995e-05,2.1184770627267955e+83,0.22775095927713826
YDL211C,2.0,2.48734081330885e-08,0.004566228831332491,6.433987828589828e-05,4.397743230517069e-05,7.5094880578193e+78,0.19809797236676835
YDR476C,2.0,1.2194132643712115e-06,0.0045674271769277665,6.171068663464845e-05,3.68933268556657e-05,1.8060508524514732e+82,0.19427726744799917
YDL212W,5.0,0.0002668809821069852,0.004824792305432625,7.716614333537559e-05,0.00019700465370454676,8.679812644618332e+86,0.2473894142428181
YGR191W,4.0,1.5751976921707704e-06,0.004612179203017802,6.587002989362629e-05,1.759926662102731e-05,3.02453919652234e+82,0.2299233588803732
YDL214C,1.0,8.360232928095459e-11,0.004546614653743176,6.499442040911133e-05,0.0,8.508706073020701e+73,0.16794961511546536
YGR131W,5.0,1.8101064509495107e-08,0.004623116085843757,0.0002168274882626854,0.0011871710498977414,3.993396951634957e+78,0.20184291355857834
YNL083W,9.0,0.00011742180112469805,0.004819585957119348,9.043237548786757e-05,0.00010230067013750855,1.6780959680957592e+86,0.26167338231808485
YDL218W,1.0,3.875918552661392e-13,0.004546375304220219,8.66280360938743e-05,0.0,1.813021974680129e+69,0.14380992080033347
YNR061C,2.0,8.360416552188795e-11,0.0045655018856620615,0.0001400262127611437,0.0003623188405797102,8.509068673549184e+73,0.16795983569146508
YDR143C,7.0,1.4894518805404853e-05,0.0046943930730596415,7.102414024860219e-05,6.025916805383188e-05,2.7008308186664532e+84,0.24971725853879212
YDL222C,5.0,4.914909972051199e-07,0.004627801890295998,0.00013714219581336453,0.0005592474458691904,2.944520494309815e+81,0.22241921186235797
YNL195C,4.0,1.0127437612202247e-08,0.004604156642971781,0.00011803937493555413,0.00010850349535789,1.2514673058307337e+78,0.18624738511370537
YPR149W,10.0,2.087777323570779e-07,0.004723807516215982,0.00022062473242912296,0.001186741318331718,5.312530926734981e+80,0.2261924274709064
YDL224C,1.0,9.106540015591464e-08,0.004547410447716336,3.7314524589254295e-05,0.0,1.0088280035695959e+80,0.21117869849649948
YNL116W,8.0,3.060132303552349e-06,0.004705017646314566,9.164692698208069e-05,0.0001832003674214901,1.1406646806227662e+83,0.2493562813389348
YGR207C,14.0,6.975498003196348e-05,0.004867693271442019,0.00016917530693370052,0.001006044266764689,5.933004271026286e+85,0.2563626230726361
YGL014W,5.0,9.965057300678713e-05,0.0047175402634155065,5.800400518089355e-05,4.5862980411479325e-05,1.2077957316244451e+86,0.2534784405565505
YOL112W,11.0,1.758595353908349e-06,0.004766935025260257,0.00014351143384981204,0.0002853745596818097,3.766038406303218e+82,0.24163894239187533
YJL044C,13.0,1.001924558887191e-06,0.004800180273156277,0.00015653882279773293,0.00023487726038392667,1.2234030248445883e+82,0.2434184415928033
YNL293W,16.0,1.9155348333512508e-06,0.004875154580977243,0.00018695409594795523,0.001124191758223525,4.467853876950297e+82,0.24728966938446376
YFL027C,6.0,8.799716924091487e-07,0.004654240092445147,9.10765890872329e-05,6.775723452417442e-05,9.439609490509979e+81,0.23533424283765347
YGR100W,7.0,9.593745393537173e-07,0.004671627575472307,0.00010214740847342535,0.00024555631985220637,1.1221583764026608e+82,0.23553507424475167
YDL236W,5.0,1.3870074600378981e-06,0.004634389737865153,6.494294239530886e-05,2.5676821831265868e-05,2.3448673131425108e+82,0.224609375
YDL237W,1.0,8.772811275935963e-11,0.00454669318215682,6.603025409473743e-05,0.0,9.339804984282974e+73,0.16059583381822415
YER080W,6.0,1.897822357725323e-08,0.004642018783815621,0.0002717086877750016,0.0018713284632579303,4.383457183014827e+78,0.19131459466953177
YDL238C,10.0,2.877036763334372e-06,0.004740302992389774,0.00010655948865143311,6.041193386007473e-05,1.0070226987041018e+83,0.23541453428863868
YDR399W,23.0,3.5186124804922376e-05,0.005042446494702246,0.00019903422492261634,0.00018869361728317467,1.5072210215749856e+85,0.2592279515356438
YLR017W,16.0,0.00017548200044134618,0.004989814098166154,0.00019514865777312213,0.0013236108064117458,3.746661150859828e+86,0.251171679483096
YLR245C,19.0,2.327575018879749e-06,0.004918608158833877,0.0001783148998776584,0.0001939012327248909,6.584953921723367e+82,0.2423390991307402
YDL239C,5.0,5.319394179820991e-08,0.004624074073055198,0.00013210747341486752,0.0003374838411736195,3.442588775276829e+79,0.193324694427906
YOL015W,2.0,2.484675294929438e-10,0.00456558505970646,8.833158669000426e-05,8.97932276602119e-06,7.465602636273668e+74,0.16442273323007267
YOL091W,5.0,2.5310209345256145e-08,0.0046245807684252285,0.00012472989402629803,0.00010256307499543711,7.770101236000636e+78,0.20141574837626797
YOR177C,6.0,2.0451718646439044e-07,0.004643775634111497,0.00014217711685928945,0.00016429174333219596,5.086306114399818e+80,0.207020702070207
YDR273W,3.0,7.579121578096453e-06,0.004595484136847076,6.302782424031357e-05,0.00027174104740333423,6.999792334986856e+83,0.22442673605464303
YOL118C,3.0,1.7415067076926365e-09,0.0045850760229249055,0.00012404634336156506,0.00036231884057971015,3.6890952923540365e+76,0.18266653429961283
YDL243C,1.0,1.9583037570986515e-09,0.0045463821569251064,6.821365223490936e-05,0.0,4.6755181722593596e+76,0.16567621105708627
YDL245C,1.0,1.472936669847514e-07,0.004551850244183188,3.682345801080518e-05,0.0,2.6376698581702064e+80,0.2268897200871388
YLR270W,5.0,0.00016047746481284443,0.004752695191873838,6.144503035698538e-05,0.00013879171310383426,3.13763787837616e+86,0.24996603722320337
YML078W,22.0,0.0023384294552565017,0.006750056510738109,0.00011006825789100575,0.00022846185270609533,6.664319885956325e+88,0.2741086503128414
YHR057C,3.0,0.0001446199078834699,0.004695079457139348,4.6466284149019444e-05,4.899178039363619e-06,2.548454547913543e+86,0.24143813147880855
YGL164C,1.0,3.161886533275768e-07,0.004548721350972354,3.375627660610782e-05,0.0,1.2157569935972636e+81,0.21581889979278257
YDR304C,6.0,0.000148561426406129,0.004768289939483424,6.572379569413732e-05,4.62840615654022e-05,2.6892536342430835e+86,0.25547276345628733
YGL232W,8.0,0.00017083638491706537,0.004823682781983779,7.703851750596022e-05,5.726254286455215e-05,3.550302975427936e+86,0.23675745228393738
YDR006C,1.0,2.6174043682090626e-08,0.004546564613868553,5.04111366407759e-05,0.0,8.353602626950369e+78,0.18273910020856093
YPL177C,4.0,5.6715810899438754e-06,0.004611070915630642,0.00010887832061577888,0.00038404743995008433,3.920602143569532e+83,0.2235904082955282
YNR033W,11.0,9.332650748555585e-06,0.004764726366068531,0.00012003935325122467,9.166777761263844e-05,1.061149055722142e+84,0.2445941155618575
YDR008C,1.0,2.68141180194657e-07,0.0045490127413428585,3.3167545825873604e-05,0.0,8.702659491777587e+80,0.20522734877495633
YLL028W,6.0,8.460482023811374e-08,0.0046448728744583915,0.000171352806199879,0.0006394804007142276,8.725776693838841e+79,0.20498347506405734
YDR135C,12.0,3.43927859680489e-07,0.0047695860997807584,0.00022647397870336424,0.0009033900798642436,1.43986259457988e+81,0.23242105263157894
YDR014W-A,4.0,1.27427019389301e-06,0.004625609866154316,5.2168815980236565e-05,0.0,1.966434036467062e+82,0.23777729916002585
YDR017C,7.0,1.489513111550316e-07,0.004667966868020625,0.00011599372316022463,0.00013731833466399106,2.6953452644003294e+80,0.23284262032311132
YOR163W,4.0,3.3965943623313456e-06,0.004608915865966817,9.341871395460017e-05,0.0002041195504174646,1.4043434490942077e+83,0.21672555948174324
YLR410W,6.0,3.99562630093353e-06,0.004657647561069684,9.15559190164518e-05,0.00011498302061092682,1.9398954987629925e+83,0.23966655088572422
YDR173C,11.0,2.6655151819234283e-07,0.004752639587053751,0.00014987649489368534,0.0003917148018380409,8.637203996015851e+80,0.24273338903302405
YFL034W,1.0,5.832371013060772e-11,0.004546620445892662,5.930348846688367e-05,0.0,4.063477172105562e+73,0.17139131244760455
YLL063C,4.0,5.0298363584556503e-05,0.004649242756627414,5.584983865517256e-05,2.035183164298347e-05,3.0849248912650973e+85,0.23067279565399082
YDR020C,8.0,1.4055684444315218e-05,0.004706917643615757,9.147173810203336e-05,2.5545012941657694e-05,2.4071929267248388e+84,0.2535017221584386
YNR012W,8.0,6.872149248727814e-05,0.0047530930034542515,8.376225174982163e-05,7.3283772099949e-05,5.741181018171687e+85,0.25842696629213485
YHR128W,12.0,1.4148771767959536e-05,0.004790181712451014,0.0001431608581585663,0.0006218828348307615,2.438994322753948e+84,0.2565890391856087
YDR026C,1.0,1.9162963660440654e-08,0.004547745260424474,3.532962586694641e-05,0.0,4.364148079987421e+78,0.20334487585647978
YDR027C,14.0,1.486222252443693e-07,0.004822430087133689,0.0001382951220846669,1.9920337731494236e-05,2.6861071402617774e+80,0.22563767168083715
YPR105C,20.0,1.1310259984748055e-06,0.004950933372926467,0.00019284751801026018,0.00036627724093397056,1.5577024168930115e+82,0.2411112081768149
YDR484W,13.0,1.7858454666356977e-07,0.004801759211278406,0.00012909959390017015,1.3192249773804335e-05,3.8788252419543455e+80,0.22739443872296602
YJL029C,15.0,1.8972199918536245e-07,0.004845517632352632,0.0001433108303140517,1.6849172421349565e-05,4.3746158405689224e+80,0.22758194186765615
YKR020W,9.0,1.7630587069132698e-07,0.004713643779267906,0.0001031518747141774,0.00019881259278001302,3.7769977528619034e+80,0.2301822275968475
YER129W,11.0,9.440826660101753e-06,0.00476940123428466,0.00013306797284035502,7.514111664573585e-05,1.0859184371303203e+84,0.25561472563093307
YDR314C,10.0,3.934047522337608e-05,0.00479273959539696,7.574708697822674e-05,7.462328002408815e-06,1.8841969976556484e+85,0.2502606882168926
YDR031W,5.0,5.803627246021456e-07,0.00463077968332437,7.635548621308163e-05,8.521916005495054e-07,4.1081364126765755e+81,0.21525503041647168
YLL018C-A,10.0,1.530620572082279e-06,0.004733385691787296,0.00012156978248849677,1.6007525846389067e-05,2.8571788054643324e+82,0.22257167049715737
YMR002W,6.0,5.931514949673063e-07,0.0046504630734469105,8.665713410952147e-05,1.7387151273639441e-06,4.291003705831682e+81,0.21526342471629684
YPR047W,15.0,7.184912898550061e-05,0.0049010359831100315,0.0001028877605397781,3.6660254016378174e-05,6.291783375706344e+85,0.23836255289748684
YDR040C,11.0,2.8940286003549024e-07,0.0047468306528612066,0.00019144809349879973,0.00044908421524359556,1.0184563296142249e+81,0.2247831575518182
YPR005C,2.0,8.63730125292767e-09,0.0045670996298031764,5.541788851752964e-05,0.0,9.051086421627703e+77,0.19254918375889493
YJL093C,6.0,8.181020468346508e-08,0.004646610892626317,0.00011677305102182861,8.573451725552804e-05,8.149221898387828e+79,0.21275775679321643
YJL094C,8.0,3.039638072441598e-07,0.004683841737485297,0.00015771976945816023,0.0001347824949768078,1.127276352326295e+81,0.20912259433247463
YLR138W,10.0,8.025484330691965e-08,0.004724988863870796,0.0001781393260959166,0.0002346831771932695,7.826234065553095e+79,0.21720311639253956
YDR456W,6.0,1.2580652635044321e-08,0.00464517383779219,0.00012481585177206324,7.787805677650968e-06,1.9271737210137287e+78,0.195578231292517
YMR154C,10.0,2.4487479214401414e-07,0.00472727229522064,0.00014429749269202261,3.5732167228548584e-05,7.307710502731613e+80,0.219117180057161
YGR060W,27.0,7.964662856040158e-06,0.005093750887110781,0.0002833236618692403,0.000448268148825351,7.731363202965651e+83,0.24862624988739754
YPL075W,4.0,2.6576542508729202e-06,0.004613647771714284,8.377246498415304e-05,0.0001565435932855723,8.601533072439444e+82,0.23736830789077618
YJR024C,10.0,4.246632255012186e-06,0.0047413206885235345,0.00014444785442190657,0.0005721931496077199,2.196508855476559e+83,0.2361295290242546
YDR051C,3.0,0.0002897876116120514,0.004803846903589554,8.012616711247132e-05,0.00036738530999683963,1.0232676697898715e+87,0.24932249322493225
YOR282W,1.0,1.3374656059636723e-06,0.004547365471293008,4.995960414317582e-05,0.0,2.1802700660251714e+82,0.19957337575472722
YNL103W,11.0,1.1661046845728796e-05,0.0047691154465722314,0.00011407205456218371,9.579499548788014e-05,1.6570629028670591e+84,0.255212908594942
YDR055W,1.0,7.237855194690575e-11,0.004546454199642677,6.778544738722205e-05,0.0,6.392122154767522e+73,0.15527426160337554
YKL163W,3.0,1.5684872294189673e-08,0.00458449292692045,0.00013965744022151585,0.00036688571733039247,3.0000191464663426e+78,0.1838100629349672
YDR061W,2.0,0.00013357148910906935,0.004666580376247037,3.65766740043542e-05,2.1590417282528653e-06,2.173646839291241e+86,0.23247978436657682
YOL110W,10.0,3.5583504448075114e-07,0.004730761269356507,0.00017572843459742564,0.0006098388730550013,1.541776455003801e+81,0.23793103448275862
YDR294C,10.0,3.42162928312687e-07,0.00473232160436325,0.00013268517925348394,0.00015068469340645755,1.4265106529223924e+81,0.22893165228931653
YDR065W,4.0,7.29301638674847e-09,0.00460457319738241,0.00014616681078766756,0.0001861335956925191,6.445005088157674e+77,0.16771998055420514
YJL023C,7.0,7.863748002062334e-07,0.00466371311051694,0.0002104207730498142,0.0009716880037995503,7.515349010711438e+81,0.20101234477986962
YLR091W,6.0,7.361030560508668e-09,0.0046431521405971045,0.0002028277931785155,2.8600341832943103e-05,6.565353549351908e+77,0.1709242916860195
YPL060W,3.0,4.932314401640482e-11,0.004584631266265943,0.00013228005409786042,1.745152402957086e-05,2.9402365255172066e+73,0.15160670145564406
YPR116W,8.0,7.838596377499166e-07,0.004682911776691637,0.000247913916150488,0.00156527075540328,7.467350247445622e+81,0.19780692324231347
YDR066C,3.0,4.731133557854893e-06,0.0045910648126744925,5.761346618480028e-05,3.0397455945133378e-05,2.724872006773653e+83,0.21487796333060843
YDR068W,5.0,1.072745486236427e-08,0.004623567369809572,0.00015588834589720836,0.00028854970989759636,1.4030518107619979e+78,0.1920734889870907
YNR063W,5.0,4.970563218355913e-09,0.00462346579835169,0.0001650108020310419,0.00025762659587195215,3.0135853509996994e+77,0.1815908941377722
YJL064W,5.0,1.2530515236088417e-06,0.004629707056256375,9.719720404561248e-05,0.0005239014633311004,1.9136387026135323e+82,0.22662889518413598
YER134C,7.0,1.056359481098077e-06,0.004665480016008702,0.00019465131068124018,0.0022596599084457047,1.360268173978763e+82,0.21364709525099662
YGR259C,4.0,4.969963864271197e-09,0.004604413520459657,0.0001367283193009055,0.0,3.0128606340094916e+77,0.17961149253245698
YKR105C,5.0,4.970070921888328e-09,0.004623459026066751,0.00018086902522410103,0.0008274872605496652,3.012990339738761e+77,0.17981627467587466
YJL151C,9.0,0.0010062223597035963,0.005485699328284625,0.00013363983425433422,0.0011624687589016267,1.2337445120517868e+88,0.26640926640926643
YDR367W,2.0,2.6272441947012706e-08,0.00456762476841512,5.274967536192245e-05,2.6410934875525164e-06,8.414756475767095e+78,0.19672131147540983
YKL096W-A,3.0,5.3885077733639856e-08,0.004586107941514778,7.702090474803214e-05,1.3708477294010682e-05,3.5393330016902303e+79,0.2043158011622312
YKL096W,4.0,3.3239416153882836e-06,0.004608782203796576,0.00011725504506672217,0.0007031416419208138,1.3466650695717968e+83,0.22216855831924656
YJL159W,3.0,3.866090077657831e-08,0.004585331425327598,0.00011892346259768111,0.00037446925844422495,1.8222344616681567e+79,0.19784237124117415
YER150W,3.0,1.244928361690824e-06,0.004586801292081107,8.633974421486408e-05,0.00014538844226521215,1.888575915947541e+82,0.21159153633854647
YLR110C,9.0,9.42718706415904e-06,0.004720730310148333,0.00015328643253182875,0.0009039099273510756,1.083147167442199e+84,0.24949152542372882
YDR290W,4.0,1.0260263383791114e-06,0.004614117995696734,4.883137864788702e-05,0.0,1.2755572651295006e+82,0.20990987565121497
YML011C,11.0,5.4166461877879235e-05,0.004849179354250627,7.423580397020258e-05,5.903856381210505e-06,3.570077471115358e+85,0.24980766619903155
YLR177W,1.0,1.843993238718373e-08,0.004546841062889105,4.0854155997803595e-05,0.0,4.144711818177022e+78,0.18311494443522972
YDR084C,9.0,1.400306644917583e-07,0.00470681896986454,0.0002104295347730979,0.0009984251182636236,2.3872147153575526e+80,0.22609977881543378
YDR090C,2.0,2.0710093330421726e-09,0.0045659310850829455,8.614740868464238e-05,2.8532442422051594e-05,5.18561936533704e+76,0.18765297797117214
YGL198W,8.0,4.114800948134579e-08,0.004681784350217492,0.00023868272581815565,0.0011214955805214284,2.0634666334317597e+79,0.20353231812986247
YMR071C,4.0,3.010581264201951e-06,0.0046090249758573825,9.857378470494574e-05,0.00030241041068755246,1.1042080491223101e+83,0.22153549785287152
YGL161C,5.0,3.204454735340898e-08,0.004624748377516956,0.00012859299169491932,1.8692134125711744e-05,1.2516891280356643e+79,0.2013937027983509
YDR100W,5.0,1.5004255785501706e-08,0.004623994633329224,0.0001380933573459511,7.498289045048246e-06,2.7413952983981215e+78,0.19452373400993764
YDR085C,2.0,1.1551833169100825e-07,0.004571255182305231,4.425795474162072e-05,1.783141937807395e-05,1.6233597061273966e+80,0.22576687116564417
YHR007C,40.0,1.8522523115752704e-05,0.005384389450586712,0.00042061584202430607,0.003356897134889524,4.180758399587545e+84,0.27364663890541346
YDR208W,15.0,0.0001304346813431081,0.00493379623409398,0.00016822211155127895,0.0005458497527104465,2.0734274682682985e+86,0.2594594594594595
YDR089W,4.0,1.491982048805028e-08,0.004606355567996273,7.791143821272355e-05,0.0,2.680101796683116e+78,0.1974813966800229
YFL004W,8.0,3.117933935935955e-08,0.004687849022223585,0.00012808301689214813,2.6107991930761768e-05,1.1721971352167968e+79,0.21787180296810862
YER072W,9.0,3.3841761043528784e-08,0.0047090194562558006,0.00013654106151346482,3.0314390461113147e-05,1.3812602533461012e+79,0.21881317635866335
YDR352W,2.0,3.0762769769376336e-07,0.004565985688427257,9.110053565271778e-05,7.852480230732566e-05,1.1480335719403838e+81,0.19483957502382548
YJR067C,7.0,0.0001356821944625611,0.004769958836655634,8.500919721471064e-05,1.7644088464727232e-05,2.2428619727765485e+86,0.23890932698550096
YNL260C,4.0,0.00013368241826431165,0.004705239684564869,7.301124820911035e-05,0.0006207255105463442,2.177253165835648e+86,0.23107836570663096
YFR009W,12.0,0.002134725446612564,0.006377735418224199,6.080897492000275e-05,4.408509504627136e-05,5.552356259998046e+88,0.27121308897951163
YMR140W,8.0,2.5191783492875182e-05,0.004726151405458493,0.00010346159964934616,0.0006117520285717518,7.730537319090801e+84,0.26354738601098116
YNR047W,6.0,7.664664700289744e-08,0.004645219273115903,0.0001367686614617642,0.00047862903647588183,7.153644918886124e+79,0.21188392445877477
YLL029W,6.0,3.4739063933759474e-08,0.004647360631024531,0.0001251651585432228,0.00034404213982928576,1.4668118170130183e+79,0.20712168398934375
YPL202C,15.0,1.9988842667376636e-06,0.00483340633779325,0.00021043793046801978,0.00019617006867179401,4.8633684792517724e+82,0.2334235453315291
YOR043W,7.0,5.202002489099377e-06,0.004677466651700819,0.00010039316888055288,0.0003246472469212092,3.2939281837633795e+83,0.2511145482667637
YJL132W,5.0,1.9584184896274915e-07,0.004627945045224363,8.948753425534663e-05,0.00038292464248743964,4.674136575297309e+80,0.2237989053314413
YLL010C,5.0,5.049165802618212e-06,0.004634199600237264,8.26147228251658e-05,0.00012696443581990385,3.103274901502027e+83,0.2398435802737345
YOR012W,5.0,2.572622577323087e-09,0.004622978014975709,0.0002047220604286267,0.0003877561699136291,8.071716898912381e+76,0.17709904071352947
YER046W,4.0,7.365562337297247e-07,0.004607977005818641,8.891102832124553e-05,0.00016886407767865825,6.612773496680152e+81,0.22495720922650583
YHR105W,3.0,3.712259614673589e-08,0.004586208208878266,7.035216627477733e-05,0.0,1.6792302205826735e+79,0.19875418571994383
YER115C,2.0,1.653368451874634e-08,0.004565955401655626,6.284145320811134e-05,1.0280878778657939e-05,3.326213381354105e+78,0.19470899470899472
YDR105C,1.0,2.2105132617858687e-07,0.004548981656592954,3.294103410301458e-05,0.0,5.917408920377527e+80,0.20600858369098712
YLL049W,9.0,3.3866154866104187e-07,0.004715269578603549,9.872485544708053e-05,1.0443553428939456e-06,1.3931455775256562e+81,0.22416243654822335
YDR107C,2.0,4.718203050347637e-10,0.00456543827210822,8.953932230197138e-05,5.3277064495542674e-05,2.700205641430996e+75,0.17485507934999525
YDR109C,4.0,1.4142061417686794e-05,0.004631112462706364,4.901930510035531e-05,3.089749974048722e-05,2.437519765019505e+84,0.24379471778111475
YDR114C,2.0,3.7208258979030494e-09,0.004566314204203072,8.014805748265216e-05,3.808790159745834e-05,1.6770359319411818e+77,0.16793939578326084
YNL184C,8.0,2.0939603724735594e-08,0.0046821140880641205,0.00024786176832173814,0.0004630984070322459,5.308177869366831e+78,0.18517276081851727
YDR117C,6.0,0.0013615542277428444,0.00567534894400396,4.622761322341265e-05,2.718273153330193e-06,2.2586496160180956e+88,0.26493880489560834
YER064C,5.0,4.1545420831572777e-07,0.004645100145124928,5.56224379574713e-05,0.0,2.086091788760235e+81,0.22697368421052633
YIL056W,7.0,4.155599138865006e-07,0.004683689280537543,8.632861666640421e-05,0.00030049594072609296,2.0871411689048136e+81,0.22795787734875078
YDR119W,1.0,3.0761807426264295e-07,0.00454701721496016,5.406555904942865e-05,0.0,1.1479623421951973e+81,0.19309476335397208
YPL162C,7.0,6.656684647322573e-05,0.004720017308590078,0.00021817376571933822,0.001633834878353676,5.3877396622062674e+85,0.23929252644355817
YDR122W,9.0,3.9320270966745903e-07,0.004714544363705664,0.0001126882291864402,9.83629901963939e-05,1.8816919579230827e+81,0.23026864675454697
YLR096W,6.0,3.51503094837712e-07,0.004651896550744657,8.709962166234404e-05,4.70122937873536e-05,1.5039604657444565e+81,0.22485640962972014
YDR123C,11.0,1.039122556345026e-06,0.004758985767307384,0.00012614946953381416,0.0002601898013438054,1.3143980354377985e+82,0.252389008275799
YOL108C,8.0,5.398814042328776e-06,0.0047012315780784455,9.409455577431464e-05,5.794068439046612e-05,3.543112860039464e+83,0.24969466684760483
YML007C-A,2.0,7.382228761804417e-08,0.004565563940213527,8.600005717822692e-05,6.63031629091296e-05,6.604742003856535e+79,0.18836376045043507
YDR126W,6.0,5.511340336776402e-08,0.00464807080698611,0.00011697980140080698,0.00021888498505057515,3.695148671626288e+79,0.21943947525342875
YOR034C,4.0,5.915637774979269e-10,0.0046041271085285026,0.00010273462646758161,2.842799076989183e-06,4.234642377858897e+75,0.1837733462063455
YDR459C,4.0,1.1768296462920304e-08,0.004605133737763457,9.59773349847024e-05,2.288975722535526e-05,1.6850508619752563e+78,0.2005231037489102
YDR264C,10.0,2.1368050542367774e-06,0.004726377667189515,0.00017634209757969396,0.00044244341457398885,5.56066159089061e+82,0.23415627386103335
YER168C,5.0,0.00013273382705054776,0.004732913254229056,6.976343805284026e-05,8.782275764102358e-05,2.143109874712595e+86,0.2427013717903623
YMR150C,7.0,9.170578577733187e-08,0.004664344925006348,0.00013868710608492177,0.00023423776502636264,1.022267021982875e+80,0.20483894908713077
YIL138C,7.0,4.4753107178652645e-06,0.0046946030141281955,7.97576521118149e-05,2.3965547752304774e-07,2.438528374784326e+83,0.2559228522416431
YDR131C,1.0,3.0422258203137126e-06,0.004549080430319456,3.734497029915679e-05,0.0,1.1279545181958298e+83,0.20947971613980493
YDR132C,1.0,1.071283643724638e-11,0.004546375092495009,7.740929300394057e-05,0.0,1.394875520004829e+72,0.15583535655807126
YJL218W,2.0,2.3175770567315607e-09,0.00456545092095648,0.00011484760580530187,0.00036231884057971015,6.546579000528857e+76,0.18459686319098417
YDR133C,3.0,5.61783735945098e-10,0.004584640176214137,0.0001521152172006964,0.00038557540450921804,3.841359593531059e+75,0.17147117296222664
YIL165C,5.0,1.0935693580134736e-07,0.004625090596912128,0.00019199250851237813,0.0023269922821240892,1.457969565982937e+80,0.20279206465833946
YOR343C,4.0,1.2263555995506001e-08,0.004604754004629741,0.0001511991202174238,0.00015291795293465138,1.8283495918860666e+78,0.18499899457068167
YJR015W,1.0,2.6067522510347327e-12,0.0045464548113677795,7.097883646294708e-05,0.0,8.18476101173377e+70,0.14637638885205909
YLL015W,2.0,2.6169748064687375e-08,0.004567686749070939,5.902119267258552e-05,0.0,8.347588735080373e+78,0.1990121498359592
YMR243C,10.0,2.9531625306879817e-08,0.004725954006083752,0.00018152117292632278,0.0002788064740176804,1.0604169637655697e+79,0.21456057838068954
YPR201W,4.0,4.206954141324258e-07,0.004605888351027049,0.00010080477439531704,0.00010075282786072667,2.149715585648674e+81,0.2148528724894909
YIL013C,2.0,2.6169748064687375e-08,0.004567686749070939,5.902119267258552e-05,0.0,8.347588735080373e+78,0.1990121498359592
YPR200C,3.0,4.052842295102566e-09,0.004585501104420365,8.590102731324733e-05,0.0,1.9877909041006853e+77,0.19191322184751242
YPR199C,4.0,1.1142749121782562e-07,0.004608060345731526,9.827903709490969e-05,8.700065945634415e-05,1.5074490119248346e+80,0.22189170719942114
YNL063W,6.0,8.944196378821879e-05,0.004714987285499933,5.5536485642087774e-05,3.062242036133237e-05,9.748569255208004e+85,0.23244062657908035
YDR141C,3.0,4.334080887332167e-10,0.004585217033881908,8.510433002941687e-05,0.0,2.2873422805431234e+75,0.17870439314966494
YMR010W,4.0,1.5719658490626257e-09,0.004604946728311912,0.00010087046247171758,8.718953215322071e-05,3.0057796777186234e+76,0.19046961802560297
YDR144C,3.0,1.1147422037578749e-06,0.004587688784306231,6.334422573683269e-05,2.6053418034790306e-06,1.5148999788644143e+82,0.21694702090866216
YLR120C,4.0,1.2934855261823732e-06,0.00460758486442043,7.675285011758771e-05,2.0274809143488414e-05,2.039882422132918e+82,0.2253797158255757
YDR147W,13.0,1.8613633111247011e-06,0.0048001005480823025,0.0001483392347463552,0.00015852450585678994,4.219424646877596e+82,0.245584375139031
YGR007W,6.0,1.3996487982949892e-07,0.004651096860910893,8.317272053397475e-05,2.069877074556569e-06,2.384534658167991e+80,0.22102987106590855
YFR049W,5.0,4.76786086570941e-06,0.00464606654773494,5.581237844788124e-05,0.0,2.77055664877729e+83,0.22477400439775225
YDR219C,6.0,3.737886617754529e-06,0.004654508254878203,8.480287407727663e-05,0.00010351868765404233,1.7021918804859603e+83,0.2403762410729838
YPR083W,4.0,5.7748401230841936e-08,0.004608052397226234,6.615286533118923e-05,1.341394487213036e-06,4.049707312207239e+79,0.21499513145082766
YPR106W,1.0,3.256982290952624e-06,0.004549193287306087,3.54584949251756e-05,0.0,1.292284112485767e+83,0.1929125602851751
YKL184W,12.0,8.105848601039539e-06,0.00477557009966082,0.00015413815742344904,0.000255902414490163,8.00209599753584e+83,0.2410480349344978
YDR160W,9.0,2.845276992333458e-07,0.00470954078462495,0.0001261443859114637,6.471893001207558e-05,9.85805694833568e+80,0.21875247681699295
YDR463W,8.0,1.3120683175343012e-06,0.0046901289635086635,0.00010602452089072836,3.7292035945644886e-05,2.0981313997499454e+82,0.21913457721317983
YHR006W,8.0,1.3120683175343012e-06,0.0046901289635086635,0.00010602452089072836,3.7292035945644886e-05,2.0981313997499454e+82,0.21913457721317983
YIR022W,11.0,6.157022900095238e-06,0.0047742668714377285,0.000109266796303227,0.0003251491732334565,4.6076497660457036e+83,0.24897388480447433
YLR316C,11.0,2.052471871177861e-05,0.004768132895902258,0.00010500686625143223,3.317995225844124e-05,5.119908701609856e+84,0.23302938196555217
YGR123C,8.0,1.1661134660027128e-05,0.004707824832971677,0.00012460601496201723,0.0005760216968054605,1.6569985299443834e+84,0.24976245418759332
YOR057W,11.0,2.0554204520930438e-05,0.00478881347869808,0.00010125372753098244,0.0001247403869654212,5.1477772890581915e+84,0.26149983419394573
YPR104C,8.0,4.863013979067376e-05,0.004733373495269873,8.298301411774163e-05,7.185209945297698e-05,2.8756576504026136e+85,0.25430756472864646
YGL225W,2.0,1.1350971851917207e-07,0.004568723154353539,4.8360874138830084e-05,5.657625552912757e-05,1.5715775158783655e+80,0.21490306003270265
YJL144W,4.0,1.8620882790589294e-06,0.0046080140406101954,7.656895746102336e-05,1.3730247569900434e-05,4.22698066115433e+82,0.2177085387497535
YHR015W,5.0,4.2670339054714104e-05,0.004665626712389736,5.919195720697278e-05,1.7007313555886657e-05,2.218313051098007e+85,0.24416135881104034
YML099C,4.0,1.6448465559051087e-07,0.004612804402031853,6.890871367684818e-05,2.5927903674943365e-05,3.2906516350867983e+80,0.2319815087203194
YMR042W,4.0,1.6448465559051087e-07,0.004612804402031853,6.890871367684818e-05,2.5927903674943365e-05,3.2906516350867983e+80,0.2319815087203194
YNL136W,23.0,2.578760927844163e-05,0.0050914817666520475,0.00014226033420181922,1.0257670638989014e-05,8.077006978948486e+84,0.27024380691275823
YNL168C,8.0,8.875936052992845e-06,0.004718008761522336,7.121892299049752e-05,0.0,9.587418102829094e+83,0.23291139240506328
YJR051W,12.0,7.857518962569117e-05,0.004869182306211819,9.642341583571379e-05,1.0761482834364009e-05,7.508422470031395e+85,0.24943515589697243
YEL047C,16.0,8.107513801658237e-05,0.0049568342902388965,0.0001382640029065796,0.0003282854488160712,7.994311050675016e+85,0.25490648810898175
YDR179W-A,4.0,3.423144555776906e-08,0.004606607862446912,8.201332840225735e-05,0.0,1.4236838994445537e+79,0.21290546534500712
YML104C,7.0,8.529715708961103e-08,0.00466691132835771,0.00011761406692174488,8.658058739561778e-05,8.847850193628734e+79,0.22394417623433
YPR091C,5.0,2.3845448205009435e-07,0.004631139870132036,8.919529612696193e-05,0.00016167759689966288,6.868126102342421e+80,0.22729144363007495
YDR181C,16.0,1.2059576269630243e-05,0.004912885676589757,0.00010928957489495604,5.5722287092000764e-06,1.765663525061952e+84,0.268104327553548
YEL018W,18.0,1.1375795520690806e-05,0.004961324250430855,0.00011853134545021797,5.015292970318073e-07,1.570423327538171e+84,0.2661266994503905
YDR183W,3.0,6.343633319417713e-06,0.0045983159339027845,5.024959425375215e-05,5.252091288861401e-05,4.902622290041282e+83,0.23843462485421796
YDR184C,1.0,2.25792528405421e-09,0.0045469812770573695,4.005664885421107e-05,0.0,6.197131955924811e+76,0.1863102470635885
YDR185C,3.0,8.077543250800365e-08,0.004587431071890884,6.029957228663036e-05,0.0,7.956222136513755e+79,0.2031278748850046
YLR440C,8.0,9.978763327464157e-07,0.004705159213287378,8.214198104730669e-05,1.2087224199518944e-06,1.2127898466071471e+82,0.22726337024990736
YKL033W,13.0,4.178211233229761e-05,0.004858244464465247,0.00011145422240894232,8.177606712494128e-05,2.124973546983537e+85,0.2665250350055526
YPR085C,7.0,1.7410027392894726e-05,0.004695682782185621,7.019515427235363e-05,2.555078542917462e-07,3.684167737547822e+84,0.24188247666622847
YJR136C,6.0,1.3605854575563208e-05,0.004672798593869611,6.37448662254596e-05,0.0,2.2498928705050606e+84,0.24181889867262452
YDR193W,4.0,1.5969539444105243e-05,0.004618732266542438,0.00010349282402384423,0.0005632860907086706,3.0994450110913836e+84,0.23092369477911648
YOR201C,15.0,0.0011535390323997052,0.005712227411632984,7.869300933782575e-05,2.1980804767861065e-05,1.6217817391811404e+88,0.26427921673768373
YDR436W,18.0,5.829045558371059e-06,0.004906408817666925,0.0001881987198679247,0.00047064490525330964,4.1289441435125145e+83,0.2495704855773578
YDR196C,10.0,6.100006867140975e-07,0.004724255654711269,0.0001612445102245735,0.0002877003115795295,4.51492682677075e+81,0.22949320251112126
YGR277C,7.0,3.797629792140317e-07,0.004665630191314937,0.0001180474234971132,0.00012475597187952558,1.747299223156862e+81,0.2182508303020718
YDR531W,7.0,4.47874582900191e-07,0.004668130401681874,0.00011352868489106032,0.00026503464942444546,2.43284549981119e+81,0.22625732672049842
YPL148C,2.0,5.665430299469081e-08,0.004566592772484919,5.424531603017283e-05,7.690719899724205e-06,3.9087612268613e+79,0.2056248835909853
YOR054C,7.0,4.3575521179423947e-07,0.004667573388878049,0.00010904918159743883,2.002049329731146e-05,2.300304176981446e+81,0.21681919949723083
YKL088W,9.0,7.78247917779359e-05,0.004770507303889411,0.00012048840867092398,0.0004687746908082694,7.360132891829034e+85,0.23990612369072972
YDR199W,1.0,1.2303070691254069e-12,0.004547036302594334,4.566687143288426e-05,0.0,1.85154622340102e+70,0.12635626974316716
YDR200C,7.0,8.974846657597295e-07,0.004670519953121201,0.0001043169063168167,0.00014115113865099328,9.812213996637791e+81,0.22853357621925974
YMR052W,6.0,1.3290789081594203e-07,0.004645431686686765,9.737144185669331e-05,0.0,2.1486612559258546e+80,0.20986997186525738
YFR008W,6.0,1.3290789081594203e-07,0.004645431686686765,9.737144185669331e-05,0.0,2.1486612559258546e+80,0.20986997186525738
YLR238W,7.0,8.974846657597295e-07,0.004670519953121201,0.0001043169063168167,0.00014115113865099328,9.812213996637791e+81,0.22853357621925974
YDR205W,6.0,2.4616690966097187e-09,0.0046459071562746255,0.00012499578187820238,2.9233079251665062e-06,7.342084064857203e+76,0.19064064928337074
YJL056C,17.0,4.340242689067153e-07,0.004860816657769831,0.0003474998640689882,0.0024938489125006236,2.2914816450529707e+81,0.22903613957927058
YLR130C,13.0,4.377403215317541e-08,0.004784715317093005,0.00023310404020672812,0.0006391411990949453,2.3251991091789153e+79,0.21708352996696556
YGL255W,12.0,3.355053758103187e-08,0.004766380815783752,0.00021518284819264848,0.00024994230874698903,1.3674019702157752e+79,0.20943202944189399
YNR039C,8.0,2.6442506843953147e-09,0.0046848454112381486,0.0001576869708002818,4.015433338550212e-06,8.470419840903468e+76,0.1930880089548062
YIL023C,8.0,6.422544942137697e-09,0.004683899617065819,0.00015576537977119118,3.3662273296815534e-05,5.021672415117025e+77,0.19400414719010298
YKL175W,11.0,1.189779953153905e-08,0.004743312735851031,0.0002076083111550931,0.00011422350044846478,1.722714688872423e+78,0.2050367728994874
YDR274C,4.0,8.160033399492299e-05,0.004664955835162629,7.207695964711467e-05,0.0036649563699069285,8.113407546590277e+85,0.2337299402972435
YLR363C,6.0,8.337698065937432e-06,0.004653541138564993,0.00011227402674248354,0.00037543653784205116,8.462422794423842e+83,0.22397143552706322
YIL151C,2.0,9.24115977422612e-08,0.004566327508871398,8.097261139876255e-05,0.0014484875699493976,1.0340060368970839e+80,0.19646924829157175
YJR094C,11.0,9.316236279166113e-05,0.004817887294609412,0.0001329374041987936,0.00038471289477685195,1.0573993570045657e+86,0.24688045082517107
YMR139W,7.0,5.297161927080037e-06,0.004673627526609066,9.362123347354662e-05,0.00010461209368068454,3.415784565690208e+83,0.24041811846689895
YNL128W,14.0,1.3247976867749795e-06,0.004824699661361799,0.00015459961770913355,0.00023223324937364148,2.1366740587567196e+82,0.24559530165509877
YMR212C,5.0,6.443898843518212e-07,0.004628360069322504,9.24201055615208e-05,2.729673312918796e-05,5.062554419301329e+81,0.21595399241031257
YJL100W,14.0,2.6583763612020423e-06,0.00482417729860539,0.00015946199173073308,7.963721615113866e-05,8.609715451267097e+82,0.24465916142185976
YDR213W,14.0,2.74545404584471e-06,0.0048172463881955615,0.00017998634629901204,0.0006104631291444691,9.187171799862611e+82,0.23967695714471798
YJR150C,5.0,0.00023551328298608633,0.004797946197628041,9.419555761810215e-05,0.005464929971421464,6.759507997583908e+86,0.23966655088572422
YLR228C,3.0,1.8602906692220292e-07,0.004587924616776469,5.682461506456587e-05,9.45826978243499e-07,4.2158977670554933e+80,0.2132509175197991
YMR015C,24.0,6.083019759635453e-06,0.00503355757862609,0.0002497823230523814,0.00024325363749632808,4.509372296636715e+83,0.24798957724965182
YMR202W,21.0,5.6795340156804045e-06,0.004970626736290894,0.00021568183884725168,0.00024171172748651052,3.9285149784354954e+83,0.24775583482944344
YLR056W,26.0,6.873757007566225e-06,0.005074132791384957,0.00026482445684846356,0.00022250543706352351,5.758178555743959e+83,0.2506925836777329
YJL089W,13.0,5.073795050033444e-05,0.004842007527125344,0.00015695534006710007,0.000829497698414187,3.137174813560131e+85,0.2607093940395787
YMR280C,14.0,5.090399694627472e-06,0.004826649100444421,0.0001706619096670876,0.00037872422619886616,3.157930902890656e+83,0.24790048053172856
YOL063C,5.0,4.074294965978904e-06,0.004648583976366208,5.192276344089741e-05,5.317973616851922e-07,2.017624100833104e+83,0.23694037858951797
YJL019W,26.0,1.0512128972169821e-05,0.0050950873560951515,0.0002059295710215597,0.0006218329285199038,1.3434248852585458e+84,0.26137601212178607
YDR229W,5.0,5.295536619586587e-06,0.004640125317194195,6.114644835974542e-05,2.784311161538212e-05,3.413018196555703e+83,0.24772247901988062
YEL059C-A,3.0,1.8871749382407543e-06,0.004587089561645782,7.52756117688418e-05,3.107437277800524e-05,4.3423709041849976e+82,0.21015761821366025
YLR064W,2.0,2.9629299244296878e-08,0.004567743434835344,4.839167840151403e-05,0.0,1.0703711788496793e+79,0.20566318926974664
YNR004W,4.0,2.7969995566970104e-06,0.004618496182108541,4.684140120386117e-05,6.265427043606062e-06,9.448661456393321e+82,0.21573455270254427
YLR011W,2.0,1.7436983751156019e-06,0.004569124794662464,4.3065129211480926e-05,2.3613426776144622e-05,3.700528075408948e+82,0.21266759130836801
YNL210W,10.0,1.1258856575741335e-05,0.0047606275559569635,8.433850527962344e-05,7.555989954549349e-05,1.53786933654453e+84,0.23568592288971435
YDR241W,2.0,3.7981106863604725e-12,0.004565741018935567,9.651753912828228e-05,0.0,1.7385617654724277e+71,0.1516441855992967
YOR235W,3.0,4.306057925617085e-12,0.0045847908584525695,0.00013143732924365126,1.6246924100904685e-05,2.22441160352351e+71,0.15577818540990546
YNL202W,10.0,1.683520351015318e-05,0.004748550111703746,0.00011991699991565548,0.0003639476318358383,3.456296629088897e+84,0.23464399574920297
YDR246W-A,1.0,5.9430677223572895e-08,0.004546671292985632,5.821941888908043e-05,0.0,4.297966726361946e+79,0.1839877341510566
YLR267W,5.0,1.2869567388827826e-05,0.004636749822253625,0.00017761359267706684,0.001257996312266768,2.017167719472623e+84,0.2254625658620267
YDR250C,5.0,8.197897036374316e-09,0.004623921488231389,0.0001475272558585942,0.0006304199202623172,8.190110323721314e+77,0.19809086341778512
YGR141W,2.0,1.1093400368658645e-10,0.004565831023393043,7.711584498606638e-05,0.0,1.4925221958375453e+74,0.17591382771917524
YIL137C,3.0,0.0003175952729566351,0.004818612810595437,3.354350557193679e-05,0.0,1.2292152084355424e+87,0.23121387283236994
YJR011C,2.0,7.16927431681024e-05,0.004620023292478684,3.614767264319663e-05,0.0,6.263920838925226e+85,0.21844948355692745
YDR253C,10.0,8.914331576914747e-06,0.0047459849827401045,0.00010729281947454916,4.3056391088270725e-05,9.683432229866478e+83,0.25249291007227154
YIR017C,13.0,5.521979585827113e-06,0.00480359529833337,0.00013740153673973764,0.0002038266268617969,3.716300704953024e+83,0.24672596433200733
YPL038W,9.0,8.85724220126821e-06,0.004725041630600314,9.927097044054199e-05,3.8520575441257474e-05,9.559844432258942e+83,0.252008765522279
YMR094W,11.0,7.408868819605573e-06,0.004780932811364078,9.514104524521152e-05,2.065753875021271e-05,6.67557488625911e+83,0.25294414150208494
YEL030W,18.0,3.3393930437349736e-05,0.00495768874405782,0.00013500567511754623,2.4208180990468387e-05,1.3590977377898994e+85,0.2648752399232246
YOL032W,3.0,2.5292868950820246e-06,0.004591215069710292,5.6720274696424386e-05,8.690605971891082e-06,7.795762313274597e+82,0.2252141982864137
YDR259C,8.0,1.5213727457984875e-06,0.004688766338919548,0.0001317627909402156,0.00030676592145131084,2.8184533720615434e+82,0.23985400191187972
YOL028C,4.0,1.34638922851637e-07,0.004608304017750597,9.05864418720063e-05,7.668409339163199e-06,2.201581860522667e+80,0.22265246853823814
YDR261C,7.0,5.031760514104492e-07,0.004671109389675488,0.00010359278351471118,7.63524450739648e-06,3.08528935252715e+81,0.2253797158255757
YOR190W,7.0,5.031760514104492e-07,0.004671109389675488,0.00010359278351471118,7.63524450739648e-06,3.08528935252715e+81,0.2253797158255757
YLR300W,9.0,5.402844222683413e-07,0.004709420376160121,0.00015708469996992668,0.0004255530123921856,3.5572712527592527e+81,0.22704837117472854
YGR282C,10.0,5.764531323608583e-07,0.004731717361668549,0.0001453078258862731,0.00019066610384065649,4.048798471680288e+81,0.23517382413087934
YDR262W,6.0,1.008399567871486e-06,0.004647524803913674,0.0001697376857317618,0.0012009668004193583,1.2358540410772796e+82,0.22406234778373113
YOL019W,2.0,5.250880875855011e-07,0.0045660487032162505,7.79501389797679e-05,1.600223111816504e-06,3.3625925627937372e+81,0.1933179239335995
YNL035C,1.0,4.667148300169354e-09,0.0045467160560837185,5.1229107515439857e-05,0.0,2.633226526436749e+77,0.1830542198640358
YMR090W,12.0,0.00016386611573953095,0.004938465462080542,0.00012608861604522696,0.0012025628868168655,3.2694986569822704e+86,0.2604633605435757
YFR032C,3.0,4.703006320266162e-09,0.004584572448789364,0.0001465105905427903,0.000385401992994805,2.6739239920754777e+77,0.18493081845287948
YJL208C,8.0,2.8212461285456436e-06,0.004688194934361689,0.0001099106039786918,0.00010526077483165478,9.691863740396659e+82,0.23795154754720235
YEL052W,3.0,0.00010836047383040795,0.004669449498728029,5.471509009724951e-05,0.00012851129327592806,1.4300637420601853e+86,0.23283279905517126
YNL326C,4.0,4.4005952143233736e-08,0.004607012499064467,8.96438818474739e-05,0.00010428770255511569,2.3557679449584435e+79,0.21590331286423906
YGL110C,9.0,0.0009183467251440405,0.005391148077767163,6.441093166905334e-05,4.586608433691008e-05,1.0277260638787339e+88,0.2567441860465116
YDR267C,7.0,5.671526955673712e-06,0.004682241970357321,8.23088160182333e-05,5.675501926560797e-05,3.910633360881908e+83,0.2373070805210438
YHR122W,9.0,6.447978555250675e-06,0.004729012115606497,9.415468723378845e-05,3.152605943100537e-05,5.053741758064811e+83,0.24193548387096775
YGR031W,3.0,4.67971683086256e-06,0.004590620984546049,8.891192308737848e-05,0.00036812959689633235,2.669929255902235e+83,0.21553238842684783
YOR316C,8.0,1.0093238777977027e-08,0.004685872849853914,0.00015169959016123378,3.289874949983497e-05,1.2391563014697982e+78,0.20116618075801748
YLR411W,14.0,1.4188074721664611e-06,0.004811821691222416,0.00020350681469051907,0.0005455139442535888,2.4539860636243695e+82,0.23711340206185566
YKL220C,11.0,6.879129601642783e-08,0.004750517373283155,0.00016812742190164547,2.364374529628404e-05,5.751284493740353e+79,0.21232402492499422
YHL040C,14.0,1.2641996242480098e-06,0.004810412752381551,0.00020637593773837682,5.101991486622505e-05,1.9450228789414932e+82,0.22114498617843836
YHR175W,11.0,1.4048503536209866e-06,0.004752298462733659,0.00015722867356166844,0.0001291896391782332,2.405980774842335e+82,0.23418607611047473
YMR251W-A,3.0,1.0567100061564623e-08,0.004585174991993433,0.0001376517011899039,0.0019276651375069263,1.3618854179654702e+78,0.1909902428897654
YDR525W-A,2.0,4.644195170125191e-06,0.00456932252622352,7.964405861881008e-05,0.00039593888457653,2.628906737861586e+83,0.21099304334531
YDR446W,10.0,3.516247200226484e-06,0.0047422972073810216,0.00010152760898725555,3.0107594526429875e-05,1.5033354686301232e+83,0.24311825589077296
YGL033W,10.0,2.441908432196714e-06,0.004752990512714086,9.162867249949645e-05,7.318811741027259e-06,7.232602051196746e+82,0.24264802848476857
YLR445W,6.0,1.3504254328593483e-06,0.004655517167327216,9.609367981998983e-05,0.000362478727956875,2.2151900788371748e+82,0.22957910497421394
YDR291W,2.0,1.0734025402605565e-07,0.004570015497725579,3.877624210439561e-05,6.286189065103573e-08,1.3777572136096963e+80,0.21207115140804486
YJR144W,4.0,5.406456143971553e-05,0.004651973361240076,5.3126026774977566e-05,2.5651723855529314e-05,3.563848262618782e+85,0.22874191944306316
YJL126W,2.0,1.1475693010152594e-07,0.004567800878606548,5.333161904288329e-05,3.156156994238123e-06,1.6055369529364008e+80,0.20213116554981875
YLR224W,2.0,4.2651967006531706e-08,0.004565920811000544,6.166462543208747e-05,0.0,2.21481327225041e+79,0.1890346221019828
YDR313C,2.0,6.214630340567167e-08,0.004566642004712986,6.0671975011910065e-05,0.0,4.708644037898196e+79,0.19468152641602596
YDR316W,2.0,2.5260758181594803e-05,0.004587041467264486,3.929132757920162e-05,1.2128715210331041e-05,7.780136024776241e+84,0.21633484872237027
YDR317W,9.0,0.00012982769061481016,0.004852855443848936,7.155659681904395e-05,0.0,2.051514854362872e+86,0.253455163230635
YGL126W,6.0,2.2229062236977945e-08,0.004646386185336217,0.00011117908661762989,5.763745918001032e-05,6.016362648486761e+78,0.21302871256560668
YNL328C,32.0,0.00013121590475089417,0.005311297765374926,0.00022010078274170873,0.00016486088814229017,2.097676723604314e+86,0.2592523013338343
YPR061C,21.0,0.00012581321466607,0.005071206109398469,0.0001492008464071869,1.3269342160199458e-05,1.928443577361467e+86,0.2539448865988867
YER048C,11.0,2.143372517311382e-05,0.004785095060204274,9.035542372908082e-05,1.6055284886470942e-05,5.593950087932178e+84,0.24697986577181208
YJL162C,19.0,0.00012594529224838874,0.005026543506641036,0.00013683562162653389,1.3046289450202583e-05,1.93248350708822e+86,0.2509204963861994
YIR004W,10.0,1.9641537423532753e-05,0.004765408756526049,8.376209307560975e-05,3.9251980512389984e-05,4.69710793339494e+84,0.2496720792437469
YDR321W,13.0,1.1523170594387681e-05,0.004820225113872927,0.00012582031619944427,5.2508651001568224e-05,1.6180797580392653e+84,0.2535133645632406
YLR155C,17.0,1.1524155759064988e-05,0.00489611671368034,0.0002281261320588718,0.0048978847926003845,1.61835626167222e+84,0.2540734603700635
YNL093W,8.0,1.007886415825979e-06,0.0046914790533891465,0.00010005445102677463,1.1661449488739627e-05,1.2381093345801903e+82,0.2222222222222222
YDR326C,4.0,3.267133933553965e-08,0.0046047966204706865,0.00013121396893548163,5.917559881237848e-05,1.301138406119423e+79,0.1986754966887417
YJL079C,2.0,1.3648085006130954e-09,0.0045665294248620775,6.992413104862789e-05,2.872524027136525e-05,2.2592518774472763e+76,0.19316909294512877
YHR155W,4.0,1.1968663151386463e-08,0.004604716606330107,0.0001361971393612157,6.682865446119985e-05,1.7471451314165968e+78,0.19175322194045924
YNL257C,4.0,1.1968663151386463e-08,0.004604716606330107,0.0001361971393612157,6.682865446119985e-05,1.7471451314165968e+78,0.19175322194045924
YOL095C,2.0,3.514967912629608e-06,0.004574069547536222,8.99547363893799e-05,0.00036231884057971015,1.5052402927851383e+83,0.23141743176958873
YER066W,2.0,0.00019574842737296358,0.004726521756143024,3.715730373126248e-05,0.0,4.669228306017007e+86,0.2558753998053122
YMR258C,3.0,3.5577015495965355e-06,0.0045948208317633295,5.8462469769254526e-05,2.6667981106635366e-06,1.5420496215692318e+83,0.23380914058198143
YNL311C,2.0,6.563143024859822e-06,0.004579137137208137,4.1436977962413885e-05,2.6616319583743127e-05,5.249090580717983e+83,0.24198851431326993
YGR004W,4.0,5.516830507980483e-08,0.004607165110326311,8.98963986781392e-05,2.824269088407541e-05,3.709243159412548e+79,0.20522734877495633
YDR332W,1.0,1.6231724045488416e-08,0.004546410897264594,6.586082981453167e-05,0.0,3.2072061391574263e+78,0.18793408688546914
YDR338C,2.0,1.2085055242581783e-07,0.004568782835396931,9.311122740037536e-05,0.00036231884057971015,1.775780238541923e+80,0.2148528724894909
YHR032W,1.0,5.596029388678062e-10,0.004546388934431476,6.723830039141852e-05,0.0,3.783643920522604e+75,0.17686072218128224
YDR343C,9.0,1.3906458254716775e-06,0.004714718005228988,0.0001233320947459768,7.72788958072737e-05,2.356391230970066e+82,0.24152264274775762
YHR092C,8.0,2.0074120519522483e-07,0.004690326013421994,0.00011315246290271425,3.363831680835943e-07,4.900115484180135e+80,0.229197807673144
YDR345C,9.0,2.1922125430439839e-07,0.004710337553821231,0.00012373203581225324,1.6597949405658183e-06,5.844062355664435e+80,0.23010546500479387
YPR030W,8.0,6.0074523977912386e-06,0.004694536493645495,0.00012571179223676144,4.222267810727555e-05,4.398808245777682e+83,0.2367371445726294
YNR060W,3.0,1.1569197762804346e-08,0.004587726933721179,0.00011433553557816891,0.0007245063824311798,1.6230480316379305e+78,0.19998550829650025
YGL107C,4.0,5.159861087896327e-05,0.00464761967928846,6.207850940057016e-05,1.019530522028805e-06,3.246495586859558e+85,0.21715184893784423
YJL147C,2.0,1.297778975716947e-06,0.0045678172067922075,4.952773030763972e-05,0.0,2.0537975060860026e+82,0.20181339572974555
YDR351W,1.0,1.2622766925119886e-10,0.004546453950121516,7.131699825044724e-05,0.0,1.9411514629022604e+74,0.15945922523615563
YKR045C,3.0,2.733967861925639e-08,0.004584432864303093,0.00014866854661654222,0.00036890975666770414,9.110419691110288e+78,0.18970375970857103
YGL075C,14.0,3.6355196124297385e-06,0.004825689467109284,0.0001270368722896614,7.615439475460715e-05,1.6063914810175808e+83,0.24392399469730447
YLR457C,8.0,5.241307049539808e-07,0.004695041153202786,8.410866053138893e-05,0.0,3.335975301733017e+81,0.2303839732888147
YDR357C,5.0,1.951169367232677e-10,0.00462378068650909,0.00017392060944094407,0.0,4.598423492448641e+74,0.17705927636643573
YGL079W,6.0,1.9512149927414204e-10,0.004642591103833884,0.00022206136963081504,0.00036231884057971015,4.598618554932378e+74,0.17706495589414595
YNL086W,5.0,1.951169367232677e-10,0.00462378068650909,0.00017392060944094407,0.0,4.598423492448641e+74,0.17705927636643573
YLR408C,5.0,1.951169367232677e-10,0.00462378068650909,0.00017392060944094407,0.0,4.598423492448641e+74,0.17705927636643573
YEL005C,7.0,3.25390409626048e-08,0.0046637707437660585,0.00023792008561700798,0.002333279359954147,1.2878365645351467e+79,0.21006164852728518
YKL061W,6.0,9.006340751058958e-09,0.004643949992094401,0.00018696722838673283,0.0006123532232767327,9.853475757872105e+77,0.19923482278206886
YDR360W,1.0,1.2439062214946706e-12,0.004546453125787671,9.229151970393645e-05,0.0,1.8772212484357096e+70,0.14207762792134254
YGL214W,3.0,2.6889668526671797e-10,0.004584234437574308,0.00020691064631792066,0.0007245720317953,8.810375570221368e+74,0.16560165601656016
YPR045C,3.0,1.175000861612471e-05,0.004602146655042907,4.374569866528609e-05,0.0,1.6827214456153369e+84,0.21920419347152728
YDR366C,1.0,2.7541571673142e-10,0.004546455693195737,6.789718377938273e-05,0.0,9.201419404997057e+74,0.1599258314984355
YDR368W,1.0,8.446423205553376e-09,0.004547072259036123,4.002293075471858e-05,0.0,8.680401191841448e+77,0.1898668868021876
YDR371W,3.0,1.659890902338376e-08,0.004586415730523305,7.120414136294727e-05,0.0,3.351161354055383e+78,0.1917465610671113
YDR374C,1.0,2.588269555134313e-06,0.004551002497470349,3.3448469764138676e-05,0.0,8.16104539340032e+82,0.21751123019938529
YDR493W,7.0,4.046663748455096e-06,0.004676926205644952,8.659631177130975e-05,1.520072533968794e-05,1.9944072892862673e+83,0.23701159295835122
YDR379C-A,6.0,3.9347459340537465e-06,0.0046605293621356115,7.613667863875273e-05,1.5665066458517187e-05,1.8842251331297298e+83,0.23760330578512398
YDR511W,6.0,3.9347459340537465e-06,0.0046605293621356115,7.613667863875273e-05,1.5665066458517187e-05,1.8842251331297298e+83,0.23760330578512398
YDR421W,3.0,1.0933809113138809e-07,0.004589734192008898,5.0371378671867594e-05,0.0,1.4554120963472377e+80,0.20841986029828205
YDR457W,8.0,0.0004767823331558402,0.0050698801860821,7.228876410630318e-05,9.564014962010374e-05,2.769627163713854e+87,0.26707954325527383
YPL004C,13.0,1.616309954703271e-06,0.004786764858848823,0.00026481284271930077,0.0005764628206213072,3.1839713620862566e+82,0.23565573770491804
YJR083C,1.0,1.0204502676306531e-07,0.004550619411275204,3.6703001820680106e-05,0.0,1.2683181552220429e+80,0.21451055065480124
YLR144C,1.0,1.0204502676306531e-07,0.004550619411275204,3.6703001820680106e-05,0.0,1.2683181552220429e+80,0.21451055065480124
YDR393W,2.0,1.31021781928859e-08,0.004566292308053808,5.5158581192106854e-05,0.0,2.0945218981445225e+78,0.1780185758513932
YER159C,4.0,1.736596737118409e-05,0.004641350575829744,4.8288979860927236e-05,3.7595759618271147e-07,3.668083587960117e+84,0.24424778761061947
YJR133W,3.0,1.9502431615682907e-06,0.0045932669594119435,4.940542412674617e-05,2.277083128008081e-06,4.6340608085607334e+82,0.23273463192512017
YPR062W,14.0,1.2623117808515416e-06,0.004818065278727228,0.0001401781422503892,0.00015151545402269725,1.9360604217775276e+82,0.23993740763279145
YDR402C,3.0,6.387666766082524e-08,0.004588772808883711,7.033530358421702e-05,6.217934142660651e-05,4.9692327926753225e+79,0.21663200031395943
YER180C,1.0,3.959616824320057e-10,0.0045467030227302,5.138266007383884e-05,0.0,1.9069950437856762e+75,0.1762170790103751
YJR037W,2.0,3.401664893305266e-09,0.004565990457875094,8.777630041306897e-05,6.723290681195033e-05,1.402011053321845e+77,0.17989245559719733
YEL069C,4.0,1.0294849374527585e-06,0.004615937655272482,6.072554993258761e-05,7.49307805992037e-05,1.2910454210726619e+82,0.24011483753099308
YEL068C,2.0,8.998063425803378e-08,0.004567503836401294,6.172199852694178e-05,4.005515121675561e-05,9.856830859922948e+79,0.21043000914913082
YLR389C,5.0,0.0002765006328300425,0.00484113002337099,7.339469791538944e-05,0.00027395931716119417,9.314571660020033e+86,0.2589361103292992
YKL100C,1.0,1.6005565652164462e-06,0.004548904943858862,3.505000759226026e-05,0.0,3.122059250897681e+82,0.21052631578947367
YDR415C,6.0,8.207228553780354e-07,0.004644025117238977,0.000188761014935377,0.0008774960898126025,8.204314733777296e+81,0.20976629298878965
YER053C-A,3.0,1.2204293451203286e-08,0.004585464600307604,0.00012054363630912093,0.00034430564797190193,1.8107650590918763e+78,0.18465861572943498
YMR265C,5.0,1.230164172181055e-08,0.0046240487349895444,0.00017095007082513166,0.00023837140872286312,1.8396791519647386e+78,0.184498144991477
YLR162W,3.0,1.2204415085909957e-08,0.004585545730383942,0.0001110119747851087,0.00017436804725541315,1.8108002495956184e+78,0.18557740796772568
YGR093W,5.0,0.0001172702524649712,0.00474347544511962,5.080528071019478e-05,1.6069029240175633e-06,1.6718028305677572e+86,0.23936516196175361
YGL056C,6.0,1.576800444499852e-05,0.004661935012665684,9.96676992682474e-05,7.859159238764422e-05,3.0245742190527507e+84,0.23854796888504753
YGL179C,9.0,9.281760045826431e-06,0.004726289866077064,0.00011527259331842264,1.48692980936564e-07,1.049643833532758e+84,0.24928871426635957
YPL150W,4.0,3.0832087727544463e-07,0.0046090974839580355,6.985872970380208e-05,0.0,1.1572076775185222e+81,0.21475256769374415
YDR423C,3.0,1.084989729925339e-07,0.004588093701340764,0.00010369034897993285,0.00036231884057971015,1.4293004967154049e+80,0.2213844549610973
YGL158W,1.0,5.031043307025625e-10,0.004546469158517591,5.686567754159118e-05,0.0,3.045401687235437e+75,0.18126292976061473
YDR431W,2.0,6.137976011440147e-07,0.00456753386863679,9.048118293861646e-05,0.00036231884057971015,4.584347608402834e+81,0.20449746230504204
YML034C-A,1.0,2.8379514440963555e-09,0.0045463837457846235,6.617091086679526e-05,0.0,9.767840964776259e+76,0.16978346456692914
YMR216C,7.0,9.664101867668358e-06,0.004691585565379016,7.603561193142533e-05,6.0268095717859175e-05,1.1325059825764091e+84,0.23389830508474577
YDR433W,1.0,2.620369553836689e-09,0.004546462384830663,6.0895814557868895e-05,0.0,8.379553163658742e+76,0.16971038553772366
YLR241W,3.0,5.679026669158057e-07,0.004586463197052021,0.00011771066934916202,0.0006143777692577221,3.932781527062277e+81,0.20439145406746398
YKL039W,1.0,7.776415074099358e-10,0.004547473135703263,3.990967655659811e-05,0.0,7.35674201205202e+75,0.17499365965001268
YPL096C-A,7.0,4.4991655847893674e-08,0.0046707969286208595,0.00010554514543970877,5.050260213137333e-06,2.4643827843479677e+79,0.214061348741614
YDR438W,2.0,2.474696450433761e-09,0.004565771522961366,8.633792461829005e-05,0.0,7.425918310446359e+76,0.18727735368956744
YPL244C,3.0,2.4861594570983006e-09,0.004584660860641317,0.00012454110320219816,3.282468206012957e-08,7.494315334541848e+76,0.18728370767456062
YEL004W,6.0,5.32623640850713e-07,0.004649735348483369,0.00016390056847393928,0.0011829102408508368,3.4529634432653445e+81,0.23041282297449597
YHR014W,13.0,3.6402492343690493e-06,0.004809909602964891,0.00012002549489728654,5.916870332569939e-05,1.6103848253488362e+83,0.24002087138012002
YDR452W,5.0,5.617177633471764e-08,0.00462631686437019,0.00011844636713695763,0.00015878416724822517,3.823863986100202e+79,0.2171945701357466
YHR201C,3.0,2.8521365078459178e-08,0.004584840023345776,9.033907211498428e-05,2.5061079015668876e-06,9.898539803385162e+78,0.19083837510803803
YNL321W,4.0,2.9418130275894535e-07,0.004605318754023525,9.245461911446001e-05,3.1266127664049615e-05,1.0559793229751823e+81,0.20111487594272598
YIL040W,9.0,4.3005470604991165e-06,0.004718665556446862,9.794036739308584e-05,3.315594237704281e-05,2.2498130650101482e+83,0.23028785982478098
YJL049W,16.0,2.922938936682673e-06,0.004857545788527705,0.00016169907563220323,0.00011393212125088937,1.0409376383304589e+83,0.2323819146249053
YDR475C,5.0,9.891327430283723e-06,0.004637037790653063,0.00013756596055541174,0.001229862011672855,1.1916730843961255e+84,0.23991655076495133
YPR089W,6.0,9.439500825091795e-08,0.004644664680454013,0.00019263378758196603,0.002510449997953295,1.0846925906870368e+80,0.21258568897789418
YJL016W,3.0,9.429172335264952e-08,0.004586961549201894,8.811641261285746e-05,2.9437733550870632e-06,1.0823422420473451e+80,0.2121445042275173
YLR331C,1.0,4.5665229667425106e-08,0.0045466724893217,5.070711500007398e-05,0.0,2.539090436553409e+79,0.19350089388999894
YNR072W,2.0,1.4773278810779038e-07,0.004571407146426555,5.102893819403566e-05,0.00017705158015948963,2.6534432922535426e+80,0.22849573640202003
YJL214W,2.0,1.4811091396085623e-07,0.004570817581719337,6.932255098968947e-05,0.00018821107846013133,2.6668427754422804e+80,0.22706705059646237
YGL209W,5.0,2.3828426661477e-07,0.004633990135761298,9.454156510972712e-05,0.000276022164930051,6.905815451185805e+80,0.2344546381243629
YFL011W,1.0,1.472936669847514e-07,0.004551850244183188,3.682345801080518e-05,0.0,2.6376698581702064e+80,0.2268897200871388
YJR158W,1.0,1.472936669847514e-07,0.004551850244183188,3.682345801080518e-05,0.0,2.6376698581702064e+80,0.2268897200871388
YGL257C,1.0,1.1421735447627307e-09,0.00454719680451768,4.3635809641814175e-05,0.0,1.593650847720386e+76,0.17567868622895516
YNL265C,20.0,0.00012961054749065676,0.005035408446209745,0.00017982466224666574,0.00028361654248184427,2.046682325127763e+86,0.24968337253482903
YMR104C,12.0,1.2662551366518768e-05,0.0047876008617376365,0.00014253347932744658,6.925370028437466e-05,1.9534009358714698e+84,0.25080648825480484
YIL042C,8.0,1.3895006631656114e-05,0.0047103434256501675,0.00010373229642882256,0.00028929933075059745,2.3531356708841672e+84,0.24839130630427936
YDR492W,1.0,2.0059713933176515e-09,0.004547602144990484,4.465177793401686e-05,0.0,4.882445703201611e+76,0.1863605671843349
YJR091C,1.0,8.432734816659115e-05,0.0046179339619814375,2.9455160476762645e-05,0.0,8.645975067525479e+85,0.22842954686530106
YDR497C,4.0,6.627178274220362e-07,0.0046068034935853016,0.00011462816846548421,0.00046150649409021393,5.353605811550826e+81,0.21751980139496394
YOL103W,1.0,3.058844487991531e-09,0.004546546885530691,5.177995163672679e-05,0.0,1.1406894638443844e+77,0.17866390471258414
YDR502C,14.0,3.821362994986206e-06,0.004825706007149878,0.00014872886931676564,0.00016145474422296288,1.7795179453638028e+83,0.24060674745009153
YOL052C,7.0,2.5984353383920806e-06,0.004668432812231666,0.00010036961181947643,2.842534884273096e-05,8.230587890928196e+82,0.22087067861715748
YER113C,1.0,4.398636281062678e-09,0.004548818784206872,3.647650127375331e-05,0.0,2.3523108451236454e+77,0.1995373048004627
YDR505C,2.0,3.111446547594366e-05,0.004594326281750247,3.475481527834413e-05,0.0,1.1789906799810762e+85,0.23086574654956085
YDR506C,1.0,6.257539608103938e-09,0.004546749259152893,4.080708205354603e-05,0.0,4.719891736944946e+77,0.186719886344417
YNL078W,4.0,6.504177306028341e-06,0.004615825042251162,6.509973813704933e-05,3.79109664432717e-05,5.149140137793326e+83,0.2428188096599657
YKR076W,4.0,6.438714679564507e-06,0.004612284339059355,7.674452886514583e-05,0.00010312491654951024,5.053014081971028e+83,0.22901713479649835
YKL179C,4.0,1.009685092175784e-06,0.004609437855351129,7.917885441469249e-05,6.78673763503325e-05,1.2420973232276014e+82,0.2264336697021905
YGR037C,5.0,9.839283199890926e-07,0.004636581461813398,6.737098036787938e-05,0.00015233790196155346,1.1807174604999494e+82,0.23141743176958873
YKR064W,1.0,1.2397528278414213e-05,0.0045553867479915565,3.3651698322916996e-05,0.0,1.873077179389855e+84,0.2081604947582774
YDR521W,3.0,5.231032218199927e-10,0.004585067111489179,0.00010987950866005557,0.0,3.312310041386325e+75,0.18736634873222227
YLR013W,4.0,7.779160053095697e-09,0.004604789515866999,0.00012813343628946297,0.00019318989786144066,7.342428326199712e+77,0.2005376734723534
YLL066W-A,8.0,1.0473273873359065e-07,0.004689211047154454,0.0002249923461070692,0.002197028321797559,1.334903494672813e+80,0.2273476112026359
YKL102C,3.0,5.231032218199927e-10,0.004585067111489179,0.00010987950866005557,0.0,3.3123100413862935e+75,0.18736634873222227
YDR522C,1.0,1.8230058062827002e-09,0.004546557709345497,4.827244085575087e-05,0.0,4.034895150643928e+76,0.18020959159021907
YKL189W,7.0,8.806330832022221e-08,0.004665319699276949,0.00011621416815090881,1.900513708394267e-05,9.39720999489938e+79,0.2161654135338346
YDR524C,1.0,7.414036340440895e-10,0.004546807930605608,4.287364137730342e-05,0.0,6.6711320267196975e+75,0.18378558348593307
YMR122W-A,1.0,2.272820402597867e-13,0.004546453770946091,8.490547762131842e-05,0.0,6.183290669595539e+68,0.13823499949914855
YDR527W,4.0,1.9769616626377417e-05,0.004633236843280301,4.866735190620326e-05,5.470780343354927e-09,4.756725038170845e+84,0.2324699936828806
YOR084W,10.0,0.00012983046306629616,0.004871904895036398,0.00012060103030022451,0.001086562625554409,2.051602283881921e+86,0.25352500803747763
YDR534C,4.0,3.5318871887618156e-08,0.004610578321732639,7.740534371140421e-05,0.0,1.5144441623423368e+79,0.20916221439126975
YOR382W,11.0,1.2538054542389023e-06,0.00474802978382308,0.0001803740669944722,5.153524055563688e-05,1.9131273769959838e+82,0.22116270683921632
YHR139C-A,1.0,1.7389096634184571e-09,0.004547029919296284,4.8138280448940335e-05,0.0,3.687433124606986e+76,0.16050244242847173
YDR536W,4.0,1.1999978496046853e-06,0.00461249473374977,6.698940800762656e-05,2.5073450798513256e-06,1.746831114659383e+82,0.23694037858951797
YDR538W,2.0,1.9323904398218383e-08,0.004567068011531278,6.654717794249091e-05,0.0,4.54554940430795e+78,0.2043384911527356
YDR539W,2.0,1.9323904398218383e-08,0.004567068011531278,6.654717794249091e-05,0.0,4.54554940430795e+78,0.2043384911527356
YDR540C,5.0,1.5052300456180358e-08,0.0046255363565558885,0.00014923121236347768,0.0009371268932249599,2.7548652932857695e+78,0.20145250173351337
YJL142C,4.0,1.0844537316810102e-10,0.004604566674456626,0.0001459994872279966,0.00013640768524797483,1.4160324863511138e+74,0.17130089374379345
YPL245W,2.0,7.567683158001788e-07,0.004567140819050568,6.16448749499752e-05,0.0001480628261382678,6.967579447698717e+81,0.20870354266701954
YLL033W,9.0,7.417007970931028e-09,0.004700472439483164,0.0002881665621155365,0.00044474470378004234,6.665452031621751e+77,0.18180021736982513
YDR545W,4.0,9.704090630092851e-11,0.0046048244661024956,0.0001316213923838374,8.984776035804037e-05,1.1213961916594597e+74,0.17318190374599987
YDR544C,4.0,1.3233095328931925e-08,0.004604524469951463,0.00012830835700364317,0.0008403680857721576,2.1127011297145603e+78,0.19472273176238183
YDR545C-A,3.0,6.26339859838357e-11,0.004585036647565282,0.00010825511650380912,0.0,4.652129816309107e+73,0.16572097631270827
YLR467W,13.0,7.44494967143464e-09,0.004782944744258815,0.00031493676006560695,0.0010062182890801605,6.728514785297374e+77,0.19533599915071304
YML038C,2.0,2.474696450433761e-09,0.004565771522961366,8.633792461829005e-05,0.0,7.425918310446359e+76,0.18727735368956744
YFR035C,2.0,1.5056147036054676e-10,0.004565749247733627,0.00012938182941104093,0.0007245063824311798,2.7441023042268726e+74,0.17362312458717327
YIL036W,2.0,6.951589394972844e-06,0.004583488036434916,3.8117623676026135e-05,1.8454369421891315e-05,5.877998626482578e+83,0.24673699266940818
YER045C,1.0,3.5940594067277186e-06,0.00455449754201646,3.378601958050099e-05,0.0,1.5736209210147585e+83,0.23543461571270152
YFR017C,4.0,1.0648535285315737e-06,0.004608192291140643,8.031124297768441e-05,4.584865204879468e-06,1.382517615254844e+82,0.21500350549193736
YER067W,3.0,4.995866292500529e-07,0.004587244884794188,6.88300825306639e-05,2.298763044595818e-06,3.042602362773575e+81,0.21371326803205698
YEL014C,2.0,3.0334088310404134e-09,0.004565664070036014,0.00011309625473464478,0.0,1.1142500921449317e+77,0.15855690239558798
YER180C-A,2.0,3.0334088310404134e-09,0.004565664070036014,0.00011309625473464478,0.0,1.1142500921449317e+77,0.15855690239558798
YEL017W,2.0,6.520098115136898e-08,0.004565568628075026,8.686830171995518e-05,0.0,5.185104051836364e+79,0.19027921406411583
YER010C,3.0,9.448728061641695e-08,0.004585237896869229,0.00010620068228804107,4.5109073163433256e-05,1.0882029433505334e+80,0.20049397065233182
YER182W,3.0,1.4034425695907505e-05,0.004600319181173706,0.00010267621874876726,0.0005005796964581283,2.4010909037758472e+84,0.2323819146249053
YJR034W,11.0,2.782121957473928e-06,0.004757703191166898,0.0001237946006704587,2.6551465830470823e-05,9.430567328395125e+82,0.2298180607019443
YLR420W,11.0,1.383286172996363e-05,0.004769056205627673,0.00012433366668499076,0.00022781748484457516,2.3315389844551756e+84,0.2615370036956316
YLR014C,7.0,3.771688432158108e-06,0.0046781619577072305,8.803710341332807e-05,3.502635895769743e-05,1.7321070752895906e+83,0.2543544373790434
YKR030W,2.0,4.699102875368007e-09,0.004567661798998729,4.7965424230346265e-05,0.0,2.682101678298828e+77,0.19646924829157175
YPL193W,6.0,0.0006103644522336793,0.005130601365286159,6.398237075118398e-05,0.001545843666600737,4.5345731665369315e+87,0.2546477833648568
YEL033W,2.0,4.774197114057577e-08,0.004565624670089063,8.510673680346472e-05,0.00019027074086865354,2.7789946795728344e+79,0.18321826872012745
YGR069W,2.0,3.174934989828514e-10,0.004565748470288452,8.873314253363436e-05,1.0288321989568955e-05,1.2222140144029973e+75,0.1622288837947452
YEL034C-A,4.0,1.046742258625535e-06,0.004605558849006911,0.00012687530588440858,0.0007481909897346253,1.330633648747779e+82,0.20887728459530025
YMR102C,1.0,4.840779095804447e-09,0.004546541714840238,5.4397051115047566e-05,0.0,2.835172847597394e+77,0.17279158580103926
YOL166C,3.0,4.8449274223343585e-09,0.004585117800981443,0.00011189431326145199,0.00012010328314897718,2.8399837438846014e+77,0.17892450811967198
YHR068W,7.0,0.0005037064997634118,0.005034000045825435,0.00010048394814434172,0.00045993564883784713,3.091984634953144e+87,0.23966655088572422
YJR070C,8.0,0.0009755631184606703,0.005417699278992333,8.996288180751778e-05,0.0004422829550130005,1.1592826540380522e+88,0.2524467209366139
YEL035C,1.0,3.877195831535566e-09,0.00454670401561272,4.745406320702789e-05,0.0,1.8202763505766036e+77,0.1719519033082051
YEL038W,6.0,8.385711995207941e-07,0.004644626522998609,0.0001421094768286575,0.0003750229208347106,8.54311568394758e+81,0.20765150660196366
YMR009W,6.0,9.019367963423822e-07,0.004647306199566755,0.00011344077892899742,8.45445198358262e-05,9.884629684817722e+81,0.2166830225711482
YNL010W,5.0,3.21336490690698e-08,0.004624235813411773,0.00010948418528602898,3.79193105105597e-05,1.2540943179456815e+79,0.1996816669078281
YPR118W,7.0,8.664600660180173e-07,0.004666326704165499,0.00013683964809269036,0.000117996379100038,9.120101366997606e+81,0.21614848461116767
YNR074C,8.0,2.602645849710713e-06,0.004693223260482238,0.00011260800885212307,0.00015313488868335087,8.252307802238334e+82,0.24530062658312224
YKR066C,4.0,3.3640333281567097e-06,0.00461873873452635,5.906939430290805e-05,3.818919780832475e-05,1.3786987566541054e+83,0.2415966386554622
YNL305C,4.0,1.2071884065563485e-06,0.004611009028613309,7.092237111057865e-05,5.734148015528575e-06,1.775541773749718e+82,0.2320400184959435
YIL114C,5.0,4.835368366903595e-06,0.0046427349954266395,6.273076229104427e-05,2.0270246604616934e-06,2.850071974500741e+83,0.23773633662087085
YEL041W,1.0,4.175609516273861e-09,0.004547245396315334,3.8124773108256066e-05,0.0,2.0788591659225565e+77,0.1888599972628986
YEL042W,1.0,1.872002949358527e-06,0.004551105145366286,3.36683238789302e-05,0.0,4.2706078516347657e+82,0.219117180057161
YEL043W,2.0,7.027472212070656e-13,0.004565263559654423,0.00016273018947035505,0.00036231884057971015,5.847090898512463e+69,0.1479496113642455
YGR089W,1.0,3.435181393150732e-15,0.004546374314130692,9.999623938996885e-05,0.0,1.2458360242634898e+65,0.128884634243153
YHR179W,2.0,6.964959736707762e-07,0.004568223134102266,4.4828322538554863e-05,7.484150472174149e-07,5.902286964649696e+81,0.21412777842429884
YPL116W,7.0,1.3566700002258095e-06,0.004676060825836619,8.47211785777496e-05,4.8842294367239186e-05,2.233225405270087e+82,0.23340380549682876
YOL098C,3.0,0.000142778267356493,0.004690455798195645,5.135679006970217e-05,1.5897553739080766e-05,2.4839710186057024e+86,0.23030707610146864
YOR003W,2.0,1.7962347141641827e-07,0.004566590916669598,8.093320991380608e-05,0.0003118922731426646,3.9364070952151516e+80,0.21103337538708566
YOR383C,10.0,1.2687322412674468e-06,0.004730548120417261,0.0001590690614490744,3.151799251051405e-05,1.9589197877301947e+82,0.2215621738781408
YEL072W,2.0,2.6257629448414465e-08,0.004566691637957676,6.272176286948743e-05,9.23366339664536e-06,8.399565630528022e+78,0.19580022701475597
YEL073C,3.0,2.302258239192299e-15,0.0045846298060476165,0.0001597627553621621,0.00018112659560779498,3.736597797612067e+63,0.11465365043098971
YGL262W,5.0,1.4443450036717034e-13,0.004623672464847072,0.0002113854978247757,0.0014486845180417584,1.7373986675459555e+68,0.12948931478570927
YGR295C,2.0,2.29943397704619e-16,0.004565500922775465,0.00011820258958290906,0.0,3.1846184193906234e+59,0.1028641708439707
YGL258W-A,3.0,2.302258239192299e-15,0.0045846298060476165,0.00015976275536216212,0.00018112659560779498,3.736597797612067e+63,0.11465365043098971
YEL074W,5.0,1.1507517323125138e-11,0.004624352198953924,0.0001472216918623328,4.985384239111007e-07,1.561113904464887e+72,0.16224318843135527
YEL076C-A,4.0,8.994174366765609e-12,0.004604976195939694,0.00012340093268811052,0.0,9.53994737717028e+71,0.16184835512812995
YEL075W-A,9.0,8.06094739939845e-10,0.004700675370560846,0.0002600609813980685,0.0011300716779841311,7.875958718606747e+75,0.19220724955604304
YEL075C,8.0,1.0933224138243088e-09,0.004683042647542441,0.00021237733507371403,0.0009965038345021867,1.447028951230688e+76,0.18785733732643617
YLR464W,11.0,1.145780819361193e-07,0.004751908274215416,0.00023645901244475796,0.004599769504386406,1.5976150431900712e+80,0.22914072229140722
YER190W,5.0,5.416131911332872e-12,0.004624193382848385,0.0001523326942098271,0.0001570903622144985,3.4489012191655446e+71,0.1587849499482223
YLR466W,14.0,1.2028095629758204e-07,0.004810058989785108,0.00030259450656937374,0.005642432811105125,1.7604822079765134e+80,0.22935017450556755
YLR157W-E,3.0,8.269088766969088e-11,0.004585035003467217,0.00011504619098642109,5.342326887162675e-05,8.246537792848483e+73,0.1694499017681729
YLR161W,3.0,5.3200129713965896e-08,0.004586324210907274,0.00010094499348711379,0.0036951677189602113,3.4488497265169016e+79,0.2059470954743872
YLR463C,8.0,1.1447353294609822e-07,0.0046917168479203245,0.00018005358792553422,0.001848967718422841,1.5947219048343652e+80,0.22791081750619324
YNR059W,4.0,2.846133787414907e-09,0.004605017664419475,0.0001120652170638319,0.00017191893185624927,9.895963680687543e+76,0.1769854756484658
YHL014C,1.0,2.7484503328378162e-06,0.0045487299795857914,3.677646261377414e-05,0.0,9.203094886181876e+82,0.2061547654616074
YOR265W,8.0,8.395871741854585e-06,0.004699425660600558,9.831337912047977e-05,3.01178095920615e-05,8.591040364950477e+83,0.2431503832261475
YNL148C,7.0,3.943626922406801e-07,0.004669482527167045,9.115579418374016e-05,1.2747776168221668e-06,1.892326480159181e+81,0.2213844549610973
YMR138W,6.0,8.157803609821585e-06,0.004657355515156558,8.193399479899568e-05,2.403558164333067e-05,8.111202808500368e+83,0.24101646072566912
YJR074W,4.0,1.0632353058691306e-05,0.004623960620761977,4.873246632328329e-05,0.0,1.3763146927985163e+84,0.23722549314538657
YLR066W,4.0,8.231227359013902e-07,0.0046080435345476475,5.98684440811014e-05,0.0,8.255649382831136e+81,0.21659799882283695
YML055W,11.0,0.0001076728156348511,0.00483494118430432,0.00010839594709135335,0.00027133862616499565,1.4129072162154356e+86,0.25508317929759705
YGL121C,2.0,5.8176617787024685e-08,0.004568791140704157,4.434542965564434e-05,0.0,4.118531855677744e+79,0.2122995269412715
YLR215C,5.0,0.00043671300946608485,0.004950069108349973,5.55807148030711e-05,9.162177097284516e-05,2.323807908369374e+87,0.24438836498871033
YER028C,1.0,3.0696663221798576e-10,0.004546458165245087,5.612847764841187e-05,0.0,1.144894218228025e+75,0.17424792449256604
YGR211W,3.0,6.642512413852286e-08,0.004585447493374676,0.00010100570405055404,0.00036650252774510635,5.373340014757681e+79,0.21100917431192662
YGR172C,11.0,6.596080138934e-06,0.004765444539479322,0.00018372910499710377,0.0011929294555014232,5.302924235816245e+83,0.24395633535157113
YNL042W,1.0,6.741871586868654e-10,0.0045464539211157035,7.483833377181008e-05,0.0,5.504985154405652e+75,0.15973146594131604
YER039C,1.0,1.0892912148685622e-10,0.004546775895876826,5.898440758823184e-05,0.0,1.4440631475788973e+74,0.16187683284457477
YER039C-A,7.0,2.3589014048545263e-08,0.004661928933470031,0.00026018708316657925,0.0014232110838716696,6.777431636241819e+78,0.19313529967460902
YMR057C,6.0,1.659872809805629e-06,0.004644858787523922,0.00015929094012464952,0.00029381944136686527,3.3564528192994935e+82,0.2157682836258453
YKL031W,6.0,1.659872809805629e-06,0.004644858787523922,0.00015929094012464952,0.00029381944136686527,3.3564528192994935e+82,0.2157682836258453
YLR465C,12.0,1.7662232825098318e-06,0.0047693426415213545,0.00026854264679146466,0.0021564805206547083,3.800086496593713e+82,0.23910595165901413
YOR024W,4.0,2.3587466790059223e-08,0.004605182145468958,0.0001235419510377558,0.0,6.776544867750489e+78,0.19305424404574545
YOL162W,2.0,1.094731971438672e-10,0.004565901184501327,0.00010559934980458016,0.0,1.4584927408872648e+74,0.16208121678362744
YOL163W,4.0,1.1760226360109652e-10,0.004603678308285004,0.00021474172186611976,0.00042664499373098596,1.6833686674381518e+74,0.16338128218788847
YFL021W,5.0,8.847636917368564e-06,0.004642990023700442,6.623997341259508e-05,6.080326989691337e-05,9.523160651669701e+83,0.2520663043974611
YER044C,14.0,3.6825872379391523e-06,0.004823938700679197,0.00015207486389956184,1.1690230607367911e-05,1.6523247292344756e+83,0.2380439001250593
YNL280C,22.0,8.170787643487604e-06,0.004999521513335042,0.0002145469140025292,0.00034225543692371853,8.128801171405905e+83,0.2535133645632406
YER044C-A,9.0,0.00015448893050852664,0.004825916846362271,9.001043821886979e-05,1.5307967475913257e-05,2.90777887279765e+86,0.24500665778961384
YJR021C,14.0,0.0001630067895849148,0.004942597490285548,0.00011923156422770061,0.00012098582731980333,3.237000981510445e+86,0.2525044599972554
YLR329W,8.0,0.000154424454867133,0.004805362106888862,8.324982464277158e-05,1.2891702875550442e-05,2.905366904663633e+86,0.24499578358705784
YHR157W,8.0,0.00015443698213173538,0.004806221357709416,8.256306741070641e-05,6.272507164244696e-06,2.905835937712777e+86,0.24452910427925934
YMR133W,9.0,0.00015448893050852664,0.004825916846362271,9.001043821886979e-05,1.5307967475913257e-05,2.90777887279765e+86,0.24500665778961384
YJR153W,2.0,0.00028978143982952265,0.004784955558177199,3.7643982349873544e-05,5.066469417129527e-06,1.0232240648531006e+87,0.24929997290217687
YMR173W,3.0,0.000289787613018367,0.004804667495822613,5.463918497716289e-05,0.006003681037056117,1.023267679729008e+87,0.2501699524133243
YPR003C,2.0,3.9368729343242737e-07,0.004576810151159315,4.529068172372506e-05,0.0,1.8882309559446824e+81,0.23411654932564255
YOR051C,5.0,0.00035291357633317715,0.004891642306030898,0.00010123771035741062,0.001179983093368846,1.5173007864616852e+87,0.2516640831585666
YLR297W,2.0,5.680541506484704e-11,0.004565506055177019,9.89932636698754e-05,3.960830307673329e-05,3.9041715308634296e+73,0.15793087663080796
YER057C,1.0,1.1705573570481452e-06,0.004547656472306896,3.957775445252085e-05,0.0,1.6703703989715462e+82,0.19846120658661107
YPL201C,1.0,9.612786201988919e-09,0.004547411219631977,3.910166307604397e-05,0.0,1.1218151065403098e+78,0.19938594906989343
YNL274C,10.0,0.0009052521741231749,0.00541325222171199,0.00010543647411434052,0.0006769234320395569,9.985283120888107e+87,0.2577873254564984
YGR146C,1.0,1.182266990753528e-06,0.004550142118915,3.414325505225799e-05,0.0,1.7038584380723632e+82,0.20630886530124085
YNL278W,2.0,6.3873212771361e-06,0.004572029802935838,8.823553161338665e-05,0.00036231884057971015,4.967269013871973e+83,0.21662349894042854
YNR058W,12.0,5.659137238685428e-07,0.004775733597598464,0.0001642692443652926,0.0005890666093958063,3.900326590847692e+81,0.229693741677763
YKL015W,8.0,2.838486458867627e-06,0.004697720161620314,8.905305836609648e-05,0.00013768958131019679,9.810964326665316e+82,0.24918743228602383
YOR130C,6.0,5.345358486108975e-07,0.004659191054135291,7.09814718769527e-05,0.0,3.4787681627549225e+81,0.2270763914599531
YER071C,3.0,9.169207730589585e-08,0.004588111674311415,5.727567150964964e-05,0.0,1.0231036821293742e+80,0.21396178146439784
YER074W-A,2.0,3.9585733675115116e-08,0.0045666219141465726,5.817915883321373e-05,0.0,1.9100800174761442e+79,0.19906956615817376
YNL263C,7.0,1.9804056607262654e-06,0.00467365067903142,0.00013663134455060892,0.0006582528817304006,4.778748475437472e+82,0.23890932698550096
YER078C,8.0,1.9243651184291933e-06,0.004689589989144894,0.0001168848664616561,0.0001942713865293585,4.5094757362843374e+82,0.23296054019835408
YER078W-A,2.0,8.813767096251891e-11,0.004565818122834653,0.00011514522077533365,0.0,9.42663344501013e+73,0.1606098519014228
YER079W,4.0,8.814158532491567e-11,0.004603594553495206,0.00022941927167180814,0.0007245063824311798,9.427436924255484e+73,0.1606191986498676
YOR248W,2.0,4.1152623570563625e-13,0.004565500238053311,0.0001333711673868921,0.0,2.0273713939546784e+69,0.13839789394509214
YMR144W,2.0,4.1152623570563625e-13,0.004565500238053311,0.0001333711673868921,0.0,2.0273713939546784e+69,0.13839789394509214
YML018C,2.0,4.0344928682464505e-10,0.004565751924360158,9.914436697286246e-05,0.0,1.9771350320302587e+75,0.17347580138277813
YHR112C,3.0,6.831492673720235e-08,0.004587659814652253,0.00011619763383474165,0.0005270282082007106,5.6840176461195353e+79,0.20827044974343495
YER084W,8.0,2.1019211085743884e-08,0.00468251502027238,0.00023893765013794006,0.0003630018959176479,5.348325737501314e+78,0.18480699052529379
YIL054W,7.0,2.1018752657967347e-08,0.004663703916766533,0.00019562752104977156,6.830553379377429e-07,5.348098874218055e+78,0.18480080348175426
YNL143C,7.0,2.092337896484752e-08,0.004663222493323203,0.00020574059769694263,0.00018649438194579622,5.299988097939937e+78,0.18470804751547598
YHR173C,9.0,2.145360546332669e-08,0.0047017310820170926,0.0002663689374546926,0.000519348893659243,5.571956820527668e+78,0.19035795572108422
YLR358C,8.0,9.383197386122899e-08,0.004682650521670103,0.00021945459816460344,8.0914662947666e-05,1.0667873278196435e+80,0.18975592987280854
YOL137W,1.0,9.767402529699576e-11,0.004546861417676014,5.2694311244294044e-05,0.0,1.1395644417650927e+74,0.15598507968802985
YOR105W,7.0,2.1018752657967347e-08,0.004663703916766533,0.00019562752104977156,6.830553379377429e-07,5.348098874218055e+78,0.18480080348175426
YLR361C,4.0,1.0128288776315415e-07,0.004607847418311405,7.848749120902102e-05,0.0001747612458635925,1.2485750089923008e+80,0.22240128928283642
YMR321C,2.0,1.4937823585709722e-07,0.0045708926236494455,4.31430251474462e-05,0.0,2.719227408840291e+80,0.21212004765015563
YNL047C,2.0,8.257951332305155e-07,0.004568729522984407,4.702336374132198e-05,0.0,8.311373623145591e+81,0.21094466523998778
YER093C-A,1.0,1.4033688668494184e-05,0.004562303532769701,3.5039729893643316e-05,0.0,2.4008386739739314e+84,0.23171857946436067
YPL026C,4.0,1.0793289969184263e-06,0.0046194937187231154,0.000128464306936911,0.001087491334610895,1.412552573183639e+82,0.24074316367918358
YGR234W,3.0,1.504974542928552e-05,0.0046138923383215145,6.111324363745211e-05,0.00018086191574414367,2.7601385097271924e+84,0.25118310884601386
YPL121C,3.0,1.0708320424986667e-06,0.00460088499507244,4.730639577668756e-05,0.0,1.3901588232832274e+82,0.23760330578512398
YFR038W,2.0,1.462982058534359e-06,0.00459072237278845,3.6908396587126643e-05,0.0,2.5919399993618436e+82,0.2395521416482229
YER098W,5.0,0.000287137454773094,0.004849832069623054,6.532982452564341e-05,7.782919433249189e-06,1.0045123045714771e+87,0.2553427699139606
YER101C,1.0,1.2439062214946706e-12,0.004546453125787671,9.229151970393645e-05,0.0,1.8772212484357096e+70,0.14207762792134254
YPL125W,8.0,1.927330458295402e-05,0.004715971158852719,7.111906020782792e-05,0.0,4.515936701915095e+84,0.24609897458760588
YER119C,4.0,5.423479852806834e-10,0.004603685056431016,0.00018481570525309622,0.0004450051980302487,3.580535777529291e+75,0.17490494296577946
YPR021C,1.0,2.5143410738439434e-12,0.0045465339304561645,6.674159330355593e-05,0.0,7.629025338446237e+70,0.14887132878448717
YIL090W,4.0,9.858257392178705e-08,0.004608987828341044,7.381860857057809e-05,2.0343793467855522e-05,1.1841120025111514e+80,0.21847542151507957
YPL236C,3.0,6.911327684848305e-10,0.004584859766400272,0.00014222574123928954,0.0007245063824311799,5.779004913027829e+75,0.1841903300076746
YOR138C,3.0,0.00028582011546670407,0.004814946431404949,4.603380729147587e-05,0.0,9.953154592241976e+86,0.2603036876355748
YIL156W,3.0,1.2595951986414247e-05,0.0046026761944241434,5.1225600749420565e-05,2.6259260615094874e-07,1.9336676358139888e+84,0.2367371445726294
YMR171C,3.0,5.8074890283224615e-06,0.004595435548521617,6.666309405947899e-05,3.727743433729052e-05,4.110799397070595e+83,0.23465397041319502
YGR136W,5.0,6.1185721057208675e-06,0.004641662322334946,7.308149704365793e-05,2.2562722209933572e-05,4.5627899398650395e+83,0.24003130843153456
YER128W,2.0,1.5197285245506652e-07,0.004568968049259656,4.459877264465235e-05,0.0,2.816459315163087e+80,0.19765818025566656
YJL042W,1.0,8.67094630939245e-06,0.004558749069699554,3.475273670522458e-05,0.0,9.161202354253589e+83,0.23743977976600136
YIL045W,7.0,9.240328731229273e-05,0.004743983384692026,8.191511229170156e-05,4.675667238543213e-05,1.0404902607430598e+86,0.24771136241249328
YOR227W,1.0,8.67094630939245e-06,0.004558749069699554,3.475273670522458e-05,0.0,9.161202354253589e+83,0.23743977976600136
YPL137C,1.0,8.67094630939245e-06,0.004558749069699554,3.475273670522458e-05,0.0,9.161202354253589e+83,0.23743977976600136
YOR292C,4.0,4.985452427496829e-09,0.004604248372577445,0.00015674384616336479,0.00023619602828649648,3.0308265996744693e+77,0.17793823737992392
YNL044W,6.0,1.5040989063742997e-07,0.004652765152673345,0.00012420724291235946,0.00022292855008937735,2.754338597896099e+80,0.22754441650521456
YNR062C,4.0,1.300782121450095e-10,0.004605156057920952,0.00012785182169090405,0.0002813278124894387,2.0640714056271162e+74,0.1710673112681294
YER140W,1.0,8.827221068036955e-11,0.004546534954843469,6.483496240416756e-05,0.0,9.380009663081296e+73,0.14182210574996146
YOR154W,4.0,1.9062134649814817e-08,0.004603931638332437,0.00017640014982318243,0.0032566680059136948,4.402326473263167e+78,0.16525461784869622
YPL189C-A,5.0,4.890385752083715e-07,0.004629803024482597,7.203824623104542e-05,1.395709235484184e-05,2.910607163693625e+81,0.2147024504084014
YMR319C,16.0,7.543044671132634e-07,0.0048548613591190715,0.000231448433062863,0.000981987025796961,6.936456650439283e+81,0.2379207792767553
YHL047C,7.0,1.239181487140027e-06,0.0046723227889688725,0.00011200339131555028,7.1382131415053795e-06,1.8688278300080498e+82,0.22050011983702164
YOL152W,5.0,3.361607718692023e-08,0.0046289846066139674,9.475018991679317e-05,9.382487405316717e-06,1.3729532348681505e+79,0.21090436709586216
YLR313C,3.0,5.862422915266668e-07,0.004588259190332156,7.158768001585999e-05,8.76437334547141e-05,4.182682838739837e+81,0.21710914454277286
YHR087W,14.0,0.00026940389324474383,0.005028284495719457,0.0001434428004876819,0.0006756008373882394,8.842988791340937e+86,0.2634970642990119
YER152C,2.0,7.1039967392640105e-09,0.004566166691177755,6.852120905333656e-05,0.0,6.154082520502347e+77,0.18405521656496948
YMR085W,8.0,1.3014403598080471e-06,0.004686122459801069,0.00016386020792194105,0.0005210870707003949,2.0646976128467425e+82,0.22348178137651822
YGR127W,6.0,2.3781310867145917e-07,0.004643395313471615,0.00016689316778925186,0.000366072026973394,6.895577192278836e+80,0.2073940486925158
YER156C,1.0,4.503483800506106e-06,0.004549915625210303,3.673190555665766e-05,0.0,2.470076347844079e+83,0.2015702026656929
YGL005C,9.0,8.022481269308866e-07,0.004713734540911825,0.00010497420332048315,1.2271974462749518e-05,7.846190303065258e+81,0.21909978566325317
YGL223C,7.0,3.435707426409071e-08,0.00466993059666389,8.871625622304817e-05,0.0,1.4344882014824986e+79,0.20777656491135618
YER161C,1.0,4.995443441220133e-06,0.004555478425607988,3.1261310285503763e-05,0.0,3.036258474368405e+83,0.22187386952851804
YGR024C,2.0,5.33717468959391e-06,0.004572377616817872,4.3818902953167484e-05,9.743822874769841e-07,3.470920087277389e+83,0.21455223880597016
YPL207W,9.0,6.597650506384203e-05,0.004760843444260968,0.00011365565240411591,0.0002360034589177951,5.2910196549728066e+85,0.23721529866781263
YOR271C,1.0,1.865940069967798e-08,0.004547010815086227,4.1645145483263076e-05,0.0,4.237547947351634e+78,0.19036452046763458
YER188C-A,4.0,3.262230826922022e-13,0.004604818875496406,0.00012833793562508664,0.0,1.1944798986519312e+69,0.1422680412371134
YER190C-A,4.0,3.262230826922022e-13,0.004604818875496406,0.00012833793562508664,0.0,1.1944798986519312e+69,0.1422680412371134
YHR003C,4.0,1.070537820890423e-06,0.004611639333201074,5.498290305419274e-05,0.0,1.3906920701427376e+82,0.22253577907679903
YGR169C,6.0,4.0671686104540306e-05,0.00468062020047386,6.57514260157908e-05,2.5588102048816026e-07,2.0140637113724207e+85,0.22810859952890616
YPR176C,6.0,2.4113617497827106e-07,0.004662690151047322,7.988496809302549e-05,9.517266529348775e-06,7.076175022897461e+80,0.24024024024024024
YMR191W,2.0,2.0832797697828205e-05,0.004591258613069203,3.550287789012762e-05,0.0,5.288851088216825e+84,0.23468389949406912
YOR068C,1.0,5.58808746509663e-09,0.0045464600797635755,6.613059862027991e-05,0.0,3.8060024823517537e+77,0.1654378708865312
YFL012W,1.0,2.1908250190645153e-11,0.004546454530004367,6.969630576575623e-05,0.0,5.6973132402122265e+72,0.15607328658674507
YPL113C,4.0,1.1830222326578705e-06,0.004607389190923578,0.00015469932072209388,0.001086562625554409,1.705999524077112e+82,0.2149449008994977
YFL034C-B,8.0,1.4223493545058368e-07,0.0046871610312145245,0.00011306424284221478,8.921855309329787e-06,2.4524988818667856e+80,0.21958787493038429
YIL129C,9.0,5.401064658676448e-07,0.00470695669635204,0.00012552962632801583,3.809517338803337e-05,3.550677900732603e+81,0.22406234778373113
YHR102W,9.0,1.8687936978881898e-06,0.004710919241613172,0.00012030902962650755,0.0001387713332117324,4.244099181732743e+82,0.23623058158942098
YOR017W,2.0,6.452914867193742e-06,0.00457243663468776,4.1217656560111564e-05,0.0,5.05993619190179e+83,0.21068702290076335
YPR188C,10.0,0.00015845287965802037,0.004882423154463323,0.00010197917912894595,0.00022007882987110043,3.059234343232354e+86,0.27048216385731083
YLR077W,3.0,7.044153220535416e-07,0.004593899778090781,8.916788200168349e-05,0.000375914934095409,6.040107650033988e+81,0.23117514029650724
YLR462W,7.0,1.144697404804699e-07,0.004671704305817456,0.00017195230735786527,0.00036231884057971015,1.5946176826931554e+80,0.22756317763944428
YOR307C,1.0,1.041665325032359e-07,0.004554296498707005,3.65706425447487e-05,0.0,1.3205542253576744e+80,0.22501222892548509
YLL066C,5.0,1.0466304909961575e-07,0.004631568267923755,0.0001406306168679181,0.0011833411272924625,1.3331378610633448e+80,0.22535211267605634
YLR466C-B,8.0,1.1450431160258326e-07,0.004691574671384789,0.00018184942217967,0.0006406851125847459,1.5955741116716908e+80,0.22770398481973433
YPL200W,6.0,5.522651274487071e-06,0.004673308760125066,7.273185175348212e-05,0.00010497638080613542,3.711127813145031e+83,0.2600584189201922
YLR080W,1.0,3.6694233822512094e-08,0.004547355011378317,3.8185782779036734e-05,0.0,1.642550594268403e+79,0.18822887540066835
YFL050C,1.0,1.6756871208082107e-09,0.004546697760239131,5.463319169580307e-05,0.0,3.425002270126823e+76,0.17092958444293058
YOR334W,6.0,3.630964022639355e-07,0.004643120781618992,0.00019184327440187625,0.001286303390603565,1.6074587027556477e+81,0.2061624649859944
YFL051C,4.0,2.150719066325966e-12,0.004604744199402912,0.00017864674915730284,0.00036338953501512035,5.4406406101373916e+70,0.14926180303931644
YNL033W,4.0,2.013409990473454e-12,0.004604506030469325,0.00017335225120802142,0.0001659441281620989,4.7695809809666177e+70,0.14845094664371772
YNL150W,1.0,1.0408475815592913e-14,0.00454653833050623,6.524566380148328e-05,0.0,1.1592339146688087e+66,0.12987929695771863
YNL019C,6.0,2.981887681875164e-11,0.0046426791628107365,0.00025519090475421103,0.0007673470776937923,1.0658944434907901e+73,0.15682263700673316
YFL052W,1.0,8.979283072689085e-09,0.004547041568590241,4.2884468704294396e-05,0.0,9.834069220349562e+77,0.18056918547595682
YMR130W,3.0,8.339312401504717e-07,0.00458628471508597,0.00010197947783445037,0.00036231884057971015,8.447358192167745e+81,0.21041396660821834
YFL055W,1.0,1.7681937707132062e-09,0.0045466212588279745,5.892626948011298e-05,0.0,3.812010430371289e+76,0.1658404686795854
YLL057C,5.0,3.831405356423824e-07,0.0046247060066290655,0.00018289084084840843,0.0011234998304894565,1.7890935123479765e+81,0.19880429302024058
YLR237W,5.0,7.171897971758273e-09,0.004627907912934708,8.037501881395993e-05,6.463326738174467e-08,6.18633790896799e+77,0.19692483322036317
YNL335W,1.0,1.2384082006104823e-08,0.0045464819008763716,5.822113999153246e-05,0.0,1.8695868132639422e+78,0.18518518518518517
YLR379W,4.0,2.192370900004929e-07,0.004605077382328222,0.00011274513548172098,0.002161548792824654,5.835783393117408e+80,0.20600858369098712
YFL064C,6.0,4.185019268199863e-10,0.004645556152656495,0.00015370916797828092,5.013891021589611e-05,2.1106975074507744e+75,0.16823626222913046
YHR214C-E,8.0,3.5873463938887545e-12,0.004681414461186326,0.00027490848643743474,0.0005614565402937852,1.5285553205561847e+71,0.14444211848440444
YHR213W-B,6.0,3.5870790615763123e-12,0.004643712154825229,0.00019296501921312612,1.804392878834141e-05,1.5283608129910477e+71,0.14443455963158722
YPL278C,7.0,3.587257258706234e-12,0.004662603376596027,0.0002283915443802162,0.00019913769971407672,1.528490482867622e+71,0.14443833895910196
YFR006W,2.0,5.309754435036226e-10,0.004565682438848873,7.871999609777518e-05,6.075842479606884e-06,3.4315427295276597e+75,0.17548879351454458
YGR026W,2.0,8.022831804759774e-08,0.0045655920007564195,7.872540576573632e-05,0.00010012283370443921,7.851309246058287e+79,0.19401096583719948
YFR007W,1.0,1.4620926670828545e-08,0.004547784117145353,3.7691724801755597e-05,0.0,2.6036552652783357e+78,0.19753086419753085
YFR012W,6.0,8.870014880507369e-11,0.004642411700013421,0.0002526068390624181,0.0010858623656704593,9.4704817053111e+73,0.1418694903492765
YLR341W,5.0,8.324822584680711e-13,0.004623283045604071,0.00023350668415963682,0.0007245063824311798,8.223298888266647e+69,0.12426555007766597
YGR146C-A,5.0,8.363310471040913e-13,0.004623364487744005,0.0002142553246582298,8.753248549367884e-08,8.298337809756394e+69,0.1242627526901085
YHR103W,3.0,8.285579042381426e-13,0.004585188087032793,0.00013539587010072816,0.0,8.147210319177444e+69,0.12425156439922568
YGR147C,4.0,8.324633962138809e-13,0.0046043948205877466,0.0001750317154348095,0.0,8.222950068013923e+69,0.12425995542849425
YFR012W-A,6.0,8.870014880507369e-11,0.004642411700013421,0.0002526068390624181,0.0010858623656704593,9.4704817053111e+73,0.1418694903492765
YFR016C,3.0,7.012234333606004e-07,0.004595364138944146,5.1740657536942744e-05,0.0,5.982432452206151e+81,0.2246276552453813
YJR110W,14.0,0.0003603240542209308,0.005094171303095434,0.00016277047554309618,0.0013068174225796202,1.5816135063454596e+87,0.2749551703526599
YFR020W,1.0,6.636613791366165e-19,0.004546374308444521,0.00011008788956794438,0.0,2.6020374970582988e+57,0.10183562401992437
YOL159C,2.0,1.1029231610829359e-16,0.004565262190927256,0.00018535650192897857,0.00036231884057971015,1.221216010886524e+62,0.11337961631680565
YFR023W,4.0,2.0778935607432583e-05,0.004627034567210826,5.322952844412108e-05,0.0,5.259404825938889e+84,0.22864717090547593
YMR208W,24.0,6.645101329450729e-06,0.005036674236664585,0.00024956478068661163,0.0007477352248080655,5.381524875773784e+83,0.254730041532072
YOR289W,2.0,1.3073617635235633e-11,0.004565343367871721,0.0001414572868974007,0.00036231884057971015,2.0757185896147987e+72,0.15136143025583373
YPR068C,7.0,8.143850674512315e-07,0.004677623646149581,7.387550984610053e-05,1.4842498274299492e-05,8.018739629051816e+81,0.2315144906261796
YPR054W,6.0,6.749077997128967e-06,0.004664118028796599,9.519566060775875e-05,0.0004952859435113107,5.540088458257254e+83,0.2524467209366139
YGL138C,2.0,7.735555938812904e-09,0.00456601730510263,8.534644727686301e-05,6.300234730429375e-05,7.282871910871435e+77,0.18663150420935187
YJL038C,2.0,6.011203292272992e-09,0.004565825877456192,0.00010087952968398253,1.4536454971071028e-07,4.3759329299277526e+77,0.15940396777267607
YOL047C,2.0,6.025192392507793e-09,0.004566062632614369,0.00010003308468689123,0.0,4.3962533895528525e+77,0.15987488052828222
YFR042W,3.0,5.587834678225696e-07,0.004587476701421703,6.467460444682684e-05,0.0,3.80782776429538e+81,0.20403637170104236
YPR011C,3.0,0.0006347991783462568,0.005059504471001694,5.782205091313523e-05,0.00036656557272562415,4.909888920550416e+87,0.24224338438583404
YHL024W,3.0,7.556788444243887e-06,0.004604672373361609,4.140138786723783e-05,2.9271413801180354e-06,6.951213620230502e+83,0.23565573770491804
YOR112W,5.0,8.356319699433499e-06,0.004641052687115837,7.501527018734935e-05,0.0003241536865983781,8.49674956728903e+83,0.23992697874559918
YJL217W,4.0,5.020600010900508e-07,0.004610848503697573,0.00010670363636123962,0.0007402060705660251,3.0723795551970427e+81,0.2263593865332568
YFR057W,1.0,1.2266607386917395e-14,0.004546539675403582,5.865699898372956e-05,0.0,1.5871214842875503e+66,0.13005984637858725
YMR220W,19.0,6.068528292705517e-06,0.004933289390050648,0.0001876022007262661,8.270632924410814e-06,4.4879547349858017e+83,0.2468362920896123
YML075C,17.0,6.009393293032408e-06,0.004892411790737561,0.00017086574981987058,5.4445821879901665e-06,4.400981213165542e+83,0.2450175329575214
YHR042W,13.0,1.541223392687204e-05,0.004821332187508361,0.00018854559226668847,0.0011629673464483205,2.894512408775371e+84,0.26621654207861106
YJR059W,3.0,1.7981091910953945e-06,0.004590521086192001,5.3452192783294634e-05,5.5266570240703855e-05,3.938945452266995e+82,0.2380849687297822
YGL015C,1.0,5.508078009468536e-07,0.004549224872145105,3.62547686031211e-05,0.0,3.6924841628873585e+81,0.21632637065485755
YGL017W,3.0,5.740779155543789e-06,0.004591766758250641,8.848880279281948e-05,0.00036231884057971015,4.0168421318827105e+83,0.2200693696926205
YJR062C,1.0,2.6493614634204476e-08,0.0045464844176518774,5.2412588882025167e-05,0.0,8.558660572070607e+78,0.18038036729625515
YJL175W,3.0,7.112147378327792e-09,0.004584257825992634,0.0002196389191992092,0.0010866939242826495,6.018663134590616e+77,0.16969473392972426
YOL157C,6.0,8.427701100768967e-05,0.004709965960572018,0.00010415048106596702,0.0003278537543550575,8.655440679802858e+85,0.23969777237396325
YKL107W,1.0,8.077883332014903e-05,0.004605408127196708,2.9421438228680173e-05,0.0,7.950932386034376e+85,0.22020983763513782
YMR063W,7.0,1.4729534456686306e-07,0.004667262260068468,0.00010972509269302383,0.0,2.6445404825076825e+80,0.21138086849965534
YOR030W,7.0,1.4729534456686306e-07,0.004667262260068468,0.00010972509269302383,0.0,2.6445404825076825e+80,0.21138086849965534
YGR122W,8.0,2.2655085384256122e-07,0.004688340448805654,0.00011884808666101513,1.6442094389772581e-06,6.256826725864987e+80,0.21396178146439784
YMR283C,2.0,1.7926065851739042e-06,0.004569740285663619,4.3743179285976125e-05,5.8446329614127765e-06,3.909772322532367e+82,0.22154438914753571
YGL053W,1.0,4.230590794109502e-14,0.004546613350060884,7.407858236827256e-05,0.0,2.164014998803556e+67,0.1267799724391364
YOL002C,2.0,7.315153545494816e-09,0.0045683550846042035,5.465223509087104e-05,4.818759276270686e-05,6.510728171415196e+77,0.20150397897349784
YMR100W,3.0,5.641273895014675e-06,0.004598461244308749,4.843458468900003e-05,7.165838540982916e-07,3.876191461843778e+83,0.23734789525734187
YGL059W,2.0,1.316537492518261e-07,0.004567442690932281,4.550932376604476e-05,1.0639895232116396e-06,2.1118688478946966e+80,0.2077218333709641
YGL060W,1.0,7.50561536821189e-08,0.004550475588751798,3.3366566352107205e-05,0.0,6.818236893834638e+79,0.21217712177121772
YNL036W,4.0,1.867498814149359e-06,0.004615751348614224,5.8433996282782145e-05,4.216212850820017e-05,4.250464516598424e+82,0.2363924457196694
YLR151C,3.0,4.153688486681108e-06,0.004594487379458383,4.8230974320404485e-05,4.9337092662696207e-05,2.0996744780935395e+83,0.22987548411277225
YOR381W,5.0,3.543090924380656e-08,0.004630043202627881,9.48911668691103e-05,3.4356835203631386e-06,1.5240025250888884e+79,0.20917014020462296
YLR047C,8.0,2.4132696309871377e-08,0.004685422097971433,0.00016216718362514526,2.0972091884671484e-05,7.05611150689577e+78,0.20329245387250028
YGL160W,1.0,1.1456907335606295e-08,0.004549295973181683,3.958647481271124e-05,0.0,1.5918878697942541e+78,0.19994928822400115
YMR021C,7.0,3.7599368669357956e-08,0.004669631349451739,0.00011699701756362387,3.0969523901153803e-06,1.7180019205208822e+79,0.210373870955448
YPL263C,1.0,9.152395966551129e-13,0.004546695559774287,5.8705073496561174e-05,0.0,9.798247986367274e+69,0.15043331334823132
YGL080W,3.0,1.1251690318300028e-06,0.004588815990727696,0.00012027902273836825,0.0006545213759203368,1.5430785795296666e+82,0.21168079150208996
YHR162W,1.0,5.193749128296466e-09,0.0045464721591551155,6.210417180415742e-05,0.0,3.2878279415962517e+77,0.17470565894417014
YGR243W,2.0,5.644915912787515e-09,0.0045656067651255955,8.160055206568682e-05,2.469982407986629e-07,3.8832247051960054e+77,0.17663434770087358
YGL081W,1.0,5.5397332632848675e-11,0.004546612181286039,6.92100879990231e-05,0.0,3.6820779932181605e+73,0.16085322143544017
YGL082W,1.0,0.00019223353455373926,0.004698748202189061,3.0405112308719424e-05,0.0,4.5030670146534094e+86,0.250045298061243
YGL085W,1.0,5.465138550907817e-08,0.004547986973171248,3.6136500486491735e-05,0.0,3.631384805329051e+79,0.20860889611125807
YHR036W,2.0,3.69737765169776e-07,0.004567920026451142,4.783599666470333e-05,2.280005112777511e-05,1.6575428710294958e+81,0.22208811104405551
YGL101W,2.0,0.00029274867735295726,0.0047832592658952075,8.188492746407737e-05,0.0003623188405797101,1.0443524347862265e+87,0.24139589801897932
YNL058C,1.0,1.3510834321842082e-06,0.004547279943036224,6.242289291427371e-05,0.0,2.2251952437943715e+82,0.19446205876136125
YGL114W,1.0,4.4653710054686754e-08,0.0045470395782025675,3.8158029980209866e-05,0.0,2.4297708628845944e+79,0.1941747572815534
YOL008W,3.0,9.874197667997002e-08,0.004587780633228428,6.126938578220491e-05,0.0,1.1878597432909888e+80,0.21155099068715746
YPL109C,3.0,8.689269788479656e-08,0.004587720566755431,5.7541724163837115e-05,1.1050121901709014e-05,9.198687885659176e+79,0.20017406440382943
YKL149C,3.0,0.00011320815287067709,0.004687902251473859,4.1155983089552935e-05,6.885079290871203e-08,1.5582605380652006e+86,0.23491360966890798
YMR180C,1.0,1.9247336303478343e-06,0.004548444917529101,3.6093377115653383e-05,0.0,4.512927284578049e+82,0.20955128691822944
YGL131C,2.0,4.114646592722478e-06,0.0045753965550781395,3.884728136132392e-05,0.0,2.061992979569932e+83,0.23278370514064015
YGL139W,2.0,1.9882723954104984e-07,0.004567349384559754,5.139161831127319e-05,0.0,4.778903212610149e+80,0.20390070921985815
YGL144C,6.0,7.760959983803919e-05,0.004705738772342057,7.750052779235785e-05,8.63041462096184e-05,7.340481237048064e+85,0.24439918533604887
YNL307C,5.0,7.57131589080312e-05,0.00469351749326566,6.263188230017619e-05,5.673688534994214e-05,6.985595179652561e+85,0.24750033627763082
YGL152C,1.0,1.2262576808134658e-17,0.004546374309988584,9.971183788471972e-05,0.0,9.357014731819507e+59,0.1008735060853039
YJL211C,2.0,1.9257515859351152e-15,0.004565262562601106,0.0001622664824062327,0.00036231884057971015,4.391534276996144e+64,0.11218828120236571
YGL254W,4.0,2.5959484253315933e-07,0.004605921606977658,9.718413570813396e-05,0.00021483924152657956,8.19851412489274e+80,0.22240128928283642
YGL155W,3.0,2.6755168684540396e-07,0.004598870337928971,5.345277384729464e-05,3.48348827667777e-05,8.709929337058367e+80,0.23274444491293164
YGL159W,2.0,8.853536589270042e-08,0.0045673748318074145,6.090717375373743e-05,1.069812827752257e-05,9.552773544857925e+79,0.20974238163994224
YPR126C,5.0,2.494210214826015e-11,0.004624346746227402,0.0001611354491768895,7.975022193692197e-06,7.600024024804914e+72,0.15232208394271365
YIL071W-A,5.0,2.494210214826015e-11,0.004624346746227402,0.0001611354491768895,7.975022193692197e-06,7.600024024804914e+72,0.15232208394271365
YHR180W-A,5.0,2.494210214826015e-11,0.004624346746227402,0.0001611354491768895,7.975022193692197e-06,7.600024024804914e+72,0.15232208394271365
YJR087W,5.0,2.494210214826015e-11,0.004624346746227402,0.0001611354491768895,7.975022193692197e-06,7.600024024804914e+72,0.15232208394271365
YGL166W,2.0,3.9007952314433895e-08,0.004566131198266407,5.321188205424634e-05,0.0,1.8526076542281307e+79,0.2030008826125331
YGL168W,1.0,5.260035153870899e-09,0.004547652671787691,4.054248782596494e-05,0.0,3.3618344855847167e+77,0.20275482093663913
YJL184W,5.0,8.010145714466226e-08,0.0046245968225996255,0.00010533132733925912,0.0,7.797019242513244e+79,0.19405188778738663
YGL170C,5.0,3.593588950960797e-07,0.004624915463343646,0.00011693898580006742,0.00023090799527676964,1.5686198869445705e+81,0.20676480503427352
YHR185C,4.0,3.898712030557964e-05,0.004639621224044148,7.647698989883352e-05,0.0003687699673340037,1.850495889434784e+85,0.23832138848113288
YLR227C,3.0,2.727697816535416e-09,0.004585126120661981,8.893395882406412e-05,0.0,8.987267847833458e+76,0.17704791840400283
YKL090W,9.0,0.0014822076624065367,0.005835005408614337,5.205271423752941e-05,1.1595992366328206e-05,2.676984035661772e+88,0.2662422225437708
YGL176C,1.0,2.540270333088868e-06,0.004555870982942808,3.0577966715711505e-05,0.0,7.820518874700192e+82,0.21085602964207953
YGL177W,2.0,1.5825098629895163e-05,0.004579613692352051,5.4836815872867484e-05,0.00021608970755029037,3.0436060920945336e+84,0.21525503041647168
YOR359W,2.0,1.4524690668887445e-05,0.0045825181111721095,4.330953974790181e-05,2.490798075705704e-06,2.5713825975721134e+84,0.23365079365079366
YIL122W,1.0,2.3909993691194877e-08,0.004547089482828304,3.982350001734536e-05,0.0,6.969457751541963e+78,0.1881775414195132
YGL186C,1.0,2.9915788069927665e-08,0.004548220918125977,3.569067593861952e-05,0.0,1.0878277657285368e+79,0.19460602855631942
YGL188C-A,2.0,1.4716446918233154e-11,0.004565420496692372,0.00012881322353016828,0.0,2.5747458000884375e+72,0.15081967213114755
YKL068W-A,2.0,1.4716446918233154e-11,0.004565420496692372,0.00012881322353016828,0.0,2.5747458000884375e+72,0.15081967213114755
YIL123W,3.0,3.1518204926549444e-09,0.004584479626437548,0.00016231337193956262,0.0007245063824311798,1.1972771083576068e+77,0.17759474937262723
YJL105W,5.0,6.529536729637904e-06,0.004640970493620282,6.575510980630063e-05,2.078917725296787e-06,5.190727111132629e+83,0.23472381681336904
YOR229W,7.0,4.647645562059812e-06,0.004684764407496229,6.962830300544638e-05,9.433950946137259e-06,2.627804484505343e+83,0.24284017421142934
YNR048W,2.0,0.00015262077159202705,0.004678006718865639,5.124543351951251e-05,0.00044159739441589036,2.838251049129481e+86,0.22776975448731174
YGL199C,2.0,1.9008485245757966e-10,0.00456574561834252,0.00012024419936100954,0.00036231884057971015,4.3968028974504e+74,0.16912801029474844
YOR044W,1.0,1.9008063425319572e-10,0.004546858382217145,5.274756518122648e-05,0.0,4.3966155346342946e+74,0.16911764705882354
YML094C-A,1.0,8.823364251793765e-13,0.004546376316770955,7.889999758075988e-05,0.0,9.368240610358211e+69,0.14466546112115733
YIL039W,3.0,7.6079923998964e-08,0.004587535789548065,6.448749082812223e-05,1.4513119502015674e-05,7.05847743282625e+79,0.2018724400234055
YGL203C,5.0,1.1895629594411858e-06,0.00462704317313041,8.973544934369728e-05,7.138886234617964e-05,1.7250834721044436e+82,0.22180254751476675
YKL023W,3.0,0.0003162765699031178,0.004821866527762572,3.5117472989732785e-05,2.3799437422815274e-06,1.2185896117290703e+87,0.2355853356664248
YGL217C,3.0,4.9278585871538685e-09,0.004584716629891366,0.00012639662912793977,0.0014471745826669924,2.9441479769926373e+77,0.1769174064933816
YLR062C,3.0,4.9278585871538685e-09,0.004584716629891366,0.00012639662912793977,0.0014471745826669924,2.9441479769926373e+77,0.1769174064933816
YMR182W-A,3.0,4.563503183171244e-11,0.004584866666615594,0.00013354289659154808,0.0025334746107649204,2.509338065862955e+73,0.15038823048630975
YLR125W,5.0,1.0611862366310393e-06,0.0046251194024286395,0.00014675249793722026,0.0036416712066350476,1.3689348125280077e+82,0.2147943499747072
YGL230C,5.0,7.409871092801882e-06,0.004631882655988427,7.435560686869287e-05,5.1686956300496886e-05,6.68533172569834e+83,0.22118929315595448
YGL242C,1.0,1.0706845678264698e-07,0.004549429808054062,3.5482443066664964e-05,0.0,1.3962892759296594e+80,0.2119734265197189
YLL035W,10.0,0.0008189751674279924,0.005356108809168072,6.755154939832095e-05,0.00010235261125559094,8.164889309233933e+87,0.23905417695205924
YGL247W,4.0,1.8973615553222908e-06,0.004611547583658734,6.798335325252447e-05,1.2933690731374622e-05,4.380642962840457e+82,0.22052654708161878
YPL092W,3.0,2.8955254013724506e-08,0.0045858635474814126,0.00011670522894968952,0.0007245063824311797,1.0218003422645486e+79,0.19972501628193068
YOL154W,6.0,2.4972338870132487e-09,0.004645160381071201,0.00015078212254239742,0.0003224946632794807,7.556686710745113e+76,0.1907790143084261
YGL258W,3.0,1.6694843703407028e-08,0.004584980534403317,9.880332290227201e-05,0.00016316813314828514,3.3892968286487287e+78,0.18688424687679858
YNL254C,4.0,3.6123718423830334e-06,0.004609060131038191,8.909005265655292e-05,0.0006156678967693009,1.5884262187348718e+83,0.22823120813693873
YGL259W,1.0,2.1728023364089976e-15,0.004546616965136093,6.347715221276124e-05,0.0,3.7018645759399996e+63,0.11464650660463571
YNL024C,5.0,3.432547748500258e-06,0.004627478029861327,8.7561243697938e-05,7.340908026367059e-07,1.435437157833206e+83,0.21039792651318798
YIL001W,1.0,1.3001847778129282e-06,0.004548636802669824,3.486945724612845e-05,0.0,2.060439725026405e+82,0.21776866024932934
YPL095C,3.0,1.2749081062750222e-09,0.00458531088890185,8.712702312402785e-05,0.0,1.9741323678308428e+76,0.17378711078928313
YLR257W,1.0,8.629127968970325e-10,0.004547472743302182,3.8364185440458224e-05,0.0,8.98329164372648e+75,0.1692836113837095
YGR021W,4.0,1.7385355575760835e-05,0.004625500717967785,8.44273231530299e-05,0.0004980117272696316,3.6846355466397773e+84,0.24022978501175038
YKL084W,4.0,5.88144376797348e-07,0.0046134970291760915,5.606950520060554e-05,0.0,4.218919664297291e+81,0.21263482280431434
YGR031C-A,1.0,2.1592380383991194e-08,0.004546479657712709,5.254990193166669e-05,0.0,5.688801676152548e+78,0.17732091230324445
YKR065C,14.0,6.160543395438944e-06,0.004832026938954487,0.00011882955515614136,8.254703205736766e-05,4.625707598089378e+83,0.23553507424475167
YPL098C,14.0,1.0274296461629666e-05,0.004838941473037891,0.00011956145637147044,2.2024843991425916e-05,1.2865044649557082e+84,0.2395313517031894
YGR035C,1.0,1.2724911368239427e-11,0.004546773736514187,5.7474446329201834e-05,0.0,1.9818434284348757e+72,0.14304223892200052
YMR030W,2.0,8.231618011860427e-07,0.0045676042502356805,4.737734323369926e-05,0.0,8.257169400662794e+81,0.20726166785566777
YLL061W,3.0,4.119275884132277e-07,0.004587280446566397,7.099898600919645e-05,4.126854091392715e-05,2.0681351038544943e+81,0.2079879427279578
YIL172C,6.0,8.366492802469504e-05,0.004708289772093679,0.00010755958386240571,0.00029469520067175356,8.53012212280648e+85,0.23816714846615178
YMR134W,2.0,3.683432999710102e-08,0.004567793595701651,5.470980643526436e-05,2.5791952473116167e-05,1.6536670760135008e+79,0.20259111094799429
YGR065C,5.0,1.1292080140261736e-08,0.004625372472216371,8.961970787867905e-05,1.617825788623433e-05,1.5429264972006292e+78,0.20564786528574622
YNR056C,7.0,1.1329723650454152e-08,0.004663479012484626,0.0001262114561630948,7.414679218125778e-05,1.5531609539296443e+78,0.20566318926974664
YGR067C,1.0,1.4670578242364435e-08,0.004546464800353105,5.907152610182113e-05,0.0,2.623104135867656e+78,0.17258629314657328
YGR071C,2.0,1.9796693028931155e-08,0.004566142668113795,5.856493574793393e-05,1.148795312992523e-05,4.718446247318715e+78,0.19706543857770162
YLR219W,6.0,1.3939410391333914e-06,0.0046459716250352575,0.00015802894695369569,0.0008762814355690818,2.368194949245327e+82,0.22190954773869348
YKL142W,2.0,4.2826848811751327e-08,0.004567712148762489,5.81545195487047e-05,0.0,2.232518376571204e+79,0.21113831089351284
YMR031C,6.0,1.4000863511490842e-06,0.004645978069043102,0.00014530093013083748,4.054051130312616e-05,2.3891284580879545e+82,0.2217758135797509
YMR086W,7.0,1.475866851933625e-06,0.00466708694014347,0.00015010332564467546,3.280489573669195e-05,2.6548199409401133e+82,0.22664750564565797
YGR097W,3.0,5.466473045296913e-07,0.004591250763856866,6.594430730253626e-05,0.0,3.6287527399013277e+81,0.23513375362071903
YPR115W,3.0,5.466473045296913e-07,0.004591250763856866,6.594430730253626e-05,0.0,3.6287527399013277e+81,0.23513375362071903
YMR123W,1.0,3.613809269421078e-08,0.0045472814444525835,3.638189531118804e-05,0.0,1.5924584497797555e+79,0.18143570865106495
YGR111W,5.0,2.0899685349071853e-07,0.004623969822436539,0.00015501126988596236,0.0002520684618718202,5.327037745232813e+80,0.20261341946850683
YJR018W,2.0,5.314025621503131e-06,0.004571114135843925,4.7343264202187286e-05,6.340347656934045e-06,3.433167810329618e+83,0.21201413427561838
YMR027W,2.0,9.966233040968376e-07,0.004568681100431327,4.701738934238353e-05,5.176445018746763e-06,1.2107465068500369e+82,0.21500350549193736
YOR273C,1.0,1.3378122381404388e-06,0.004547932153806986,4.576060279216957e-05,0.0,2.1813988054794396e+82,0.203727625023067
YKL105C,3.0,1.3443032355066858e-06,0.004586200621853488,9.703232857117517e-05,0.00015404797045001303,2.202622744391716e+82,0.2039986695738941
YNL194C,4.0,1.0944974718918599e-09,0.004604332643114888,0.00016951174635036515,0.0007421926020437832,1.458858326540222e+76,0.1850548124308559
YPR157W,3.0,7.280845507036741e-11,0.004585030440253121,0.00013201521915860118,7.131020114508103e-05,6.392992342483175e+73,0.16087197272170897
YOR267C,2.0,7.701959516097724e-09,0.004566484127995732,8.30318654302406e-05,0.0,7.198844359220477e+77,0.1885117136807595
YPL058C,5.0,3.2707654863970535e-08,0.004625213971476,0.00015696014280400814,9.311632703172305e-05,1.3029343411387061e+79,0.19830435407386118
YGR224W,3.0,7.413989770147706e-11,0.004585107937450425,0.00013469963889329724,0.00018585585074467663,6.631001001732415e+73,0.1618673391589936
YIL121W,5.0,4.699172742957165e-10,0.00462337582852856,0.00019494137710319997,0.00037355343302381623,2.686323049558504e+75,0.17268347619345556
YJL174W,8.0,7.154546522248995e-07,0.004688547854604338,0.00012447450893916966,0.00024527077278611365,6.2396660939670755e+81,0.23512373812667717
YGR154C,2.0,6.425747604009631e-06,0.004573218297022745,5.176885202574264e-05,1.079962031463126e-05,5.03269053851461e+83,0.22351797862001943
YLL060C,6.0,8.088169258840938e-05,0.004701031167426441,0.00012565073521463734,0.00013424512843685047,7.971200980653384e+85,0.22536131297460602
YNL264C,7.0,5.8805285636428976e-08,0.004669176652718477,0.00012680646513670734,0.00011900840373934645,4.206437467631096e+79,0.22286821705426357
YPL272C,2.0,2.413063365695225e-09,0.004567427226198498,5.260742363394393e-05,0.0,7.02916710704413e+76,0.19838274932614555
YGR177C,2.0,3.260943525664515e-10,0.004565346987906188,0.00015054047484171999,0.0007245063824311798,1.2927958834185354e+75,0.170333569907736
YGR263C,2.0,1.5103812227625917e-12,0.0045652618884976705,0.0001778849063325526,0.00036231884057971015,2.7546695406308622e+70,0.14555426642759203
YGR212W,2.0,7.058815044830194e-08,0.004566943819162895,0.00010153031839261778,0.001086562625554409,6.067229368702144e+79,0.20526550647032574
YKR074W,2.0,5.26050968370395e-06,0.004570528794422138,6.137570355151453e-05,4.037697959998478e-05,3.3642916164245554e+83,0.20534950336669022
YJL123C,5.0,1.190481362788861e-05,0.004633039201338419,0.00014014127229818475,0.0010062666637789075,1.7271858000345402e+84,0.2252050099955122
YGR197C,2.0,3.9191685717602005e-09,0.004566606089105347,6.068297444168891e-05,1.867771381490964e-05,1.858084094138078e+77,0.19400414719010298
YGR198W,5.0,8.541528142856578e-08,0.0046298058547215365,9.277441811300402e-05,3.791187348560887e-05,8.884123551860427e+79,0.21958787493038429
YKL051W,3.0,1.5840273793500415e-08,0.004586634029389876,6.949811662659809e-05,0.0,3.056635445308075e+78,0.19794879150828373
YGR199W,1.0,2.0836886269220536e-07,0.004546976343848759,4.060309481510325e-05,0.0,5.29512380580286e+80,0.20173963891528396
YGR203W,2.0,2.039871367449293e-05,0.004581900975568396,3.8309486704901996e-05,3.171507462982799e-08,5.0735113609889275e+84,0.21390374331550802
YGR210C,2.0,3.244133482697573e-08,0.004566434458961067,0.00010274492294912228,0.0007245063824311798,1.2826055461829985e+79,0.18986035633211804
YPL171C,2.0,6.951592934445392e-07,0.004567160438530474,5.541903478727567e-05,9.317488633832627e-06,5.893117861432036e+81,0.20744081172491544
YOR356W,2.0,7.826610707567453e-07,0.004567907010482259,4.801866234200828e-05,0.0,7.473766566650328e+81,0.21242207342415145
YOR097C,2.0,1.49927576710582e-10,0.004565266406310303,0.0001458228398888742,0.00036231884057971015,2.73295612838088e+74,0.15957908126391257
YHR080C,4.0,3.26656774440724e-08,0.004604792035460469,0.00015906832023680856,0.0007478557873339337,1.3006933472726397e+79,0.19755207214945245
YGR221C,1.0,6.939637111947392e-08,0.004549674207308477,3.4696426440318924e-05,0.0,5.8474035238909614e+79,0.2167936532872516
YNL065W,4.0,8.062964724895166e-09,0.004604510182246456,0.0001441000836024329,0.00029425942978615616,7.891279584402534e+77,0.19095720759677587
YOR137C,1.0,1.3334443325276933e-08,0.004548877004943958,3.830106258383159e-05,0.0,2.148937940759792e+78,0.21080771434027115
YGR237C,1.0,5.4518917815103336e-08,0.0045465806538055285,4.79235644907394e-05,0.0,3.6258930637523574e+79,0.18778065042862974
YGR257C,4.0,1.1814755105561884e-05,0.004614931921392332,9.719405359581192e-05,0.00038230137896773944,1.701742918949393e+84,0.23118482221384595
YGR247W,1.0,1.187533634876327e-08,0.004546886895674628,3.954665275867795e-05,0.0,1.7088684089567411e+78,0.17724689336287447
YNL234W,4.0,3.7994519258050094e-05,0.004636168990305322,9.031555212303364e-05,0.0002039846332515819,1.753333454810447e+85,0.22399870145680315
YHR176W,1.0,7.307114364929478e-08,0.0045473779353030555,3.9061628641841515e-05,0.0,6.509062422365213e+79,0.2013129102844639
YOR071C,1.0,2.4671883653874622e-09,0.004547169429386184,3.821506819398599e-05,0.0,7.256277183214693e+76,0.19118207321719252
YPR084W,1.0,7.091660268009174e-15,0.004546374307188123,0.00010598317020168177,0.0,5.869357266050154e+65,0.1270630481320351
YMR289W,4.0,1.4184236962410828e-06,0.00460833979913407,6.407503273023348e-05,7.53786452778592e-07,2.4526118442947252e+82,0.2166745171926519
YMR113W,8.0,1.6090507038685162e-06,0.004690339082999658,0.00010024253937867273,2.530856799000008e-05,3.154045481713061e+82,0.2271417990288865
YGR269W,1.0,2.113856239050436e-07,0.004548041664166287,3.30894126922785e-05,0.0,5.391616990836044e+80,0.19388830347734456
YGR273C,3.0,1.918328330663674e-05,0.00460456235317028,4.485233929562718e-05,7.019688030995965e-06,4.471938128139053e+84,0.23170885278932124
YLR059C,6.0,0.00017470607187300435,0.004779028844028415,8.246168018768507e-05,8.048109582091444e-05,3.715471192528484e+86,0.23319673862532211
YMR285C,4.0,4.268040048105081e-06,0.004608241183268265,7.028678495884095e-05,3.2196443990842153e-06,2.2169305027976619e+83,0.20312040035325288
YJL158C,3.0,7.476979326815995e-08,0.004585618404263099,0.00010771142554702622,0.00012659883289201478,6.816244394489122e+79,0.19706543857770162
YLR271W,5.0,0.0001080657065746957,0.004722441862987649,4.2110247824619396e-05,1.3989684457409224e-06,1.4200895320508353e+86,0.23218642214183563
YOR049C,2.0,8.388887157849923e-08,0.004568728068493473,5.5562981174282875e-05,0.0,8.5794720642011e+79,0.20494542214301625
YNR070W,1.0,2.4578962857298324e-08,0.004547872221499421,4.2863377234423386e-05,0.0,7.366148833874277e+78,0.1895018709876755
YLR390W-A,3.0,6.15158126091172e-08,0.004585823876870886,7.898121777783653e-05,2.5625614445202888e-05,4.612633474932299e+79,0.20837265486391604
YGR296C-A,2.0,2.5148711726098475e-13,0.004565586533490815,0.00010428463077818005,0.0,7.3785894246895545e+68,0.13450620141816322
YGR296W,5.0,5.334288485544674e-11,0.004624280568559339,0.00019068032164190317,0.0007246212688183901,3.431102272928121e+73,0.15540103037639705
YGR296C-B,2.0,2.5148711726098475e-13,0.004565586533490815,0.00010428463077818005,0.0,7.3785894246895545e+68,0.13450620141816322
YPL283C,6.0,5.733304767158793e-09,0.00464425150081676,0.00018067277093975045,0.0006834475203404113,3.9939004838162963e+77,0.18216018216018215
YPL274W,2.0,2.704985306397207e-08,0.004567828818558932,4.74891084420822e-05,5.991162852355301e-06,8.914639389560256e+78,0.2001305199042854
YIR028W,7.0,4.6182930871317665e-06,0.004670706848644451,9.825071453149273e-05,6.117452882346558e-06,2.6000472683025083e+83,0.2174855206650644
YHL018W,2.0,2.327338952343331e-06,0.0045673828390424024,5.971968728024566e-05,6.299764021402868e-06,6.603406244840622e+82,0.1998262380538662
YHL021C,1.0,4.1781322426716875e-06,0.004549897150926448,3.6107289910824525e-05,0.0,2.1275580702875736e+83,0.2049606416159216
YOL104C,4.0,1.2227337630622761e-06,0.004614239421516526,5.6892017737868706e-05,9.503610572857317e-06,1.817401244788281e+82,0.23364090408871582
YHL036W,2.0,7.75082076194661e-07,0.0045665353388525,5.7305908917183794e-05,3.3387056127186855e-07,7.323337020218126e+81,0.19439357656007888
YHL041W,11.0,1.5687792055950664e-10,0.004745753770302605,0.0002170666258129058,0.0005486060053794008,2.9875004411551933e+74,0.1725053907934623
YKL223W,10.0,1.566945198835344e-10,0.004724697954894514,0.00021310154912623655,0.0008308095858857696,2.9816924412492166e+74,0.17294316686509179
YHL048C-A,11.0,1.5687792055950664e-10,0.004745753770302605,0.0002170666258129058,0.0005486060053794008,2.9875004411551933e+74,0.1725053907934623
YHL046W-A,11.0,1.5687792055950664e-10,0.004745753770302605,0.0002170666258129058,0.0005486060053794008,2.9875004411551933e+74,0.1725053907934623
YKL219W,5.0,3.2061471671866805e-08,0.0046254546299523795,0.00010740295969724736,0.0017551228359923598,1.2528486010452357e+79,0.1953843975647742
YHL042W,1.0,6.201638902539547e-13,0.004546374661281731,8.500656631697489e-05,0.0,4.639024109975372e+69,0.14273155091275794
YHL043W,2.0,1.337468934806348e-10,0.004565347122927332,0.00013098384962546912,0.0003623188405797101,2.1772364199085317e+74,0.1664907253807872
YHL048W,3.0,2.509789799777484e-13,0.004586946570625935,8.2308574974293e-05,0.0,6.305197396131745e+68,0.14211054758901218
YNL339C,12.0,1.2891016828309292e-08,0.0047626541394734465,0.00028698727010195013,0.0006902361658352406,2.018076652767044e+78,0.19646924829157175
YHR002W,1.0,1.0596806775301102e-06,0.004550744623362777,3.3734787933775205e-05,0.0,1.3686866031755383e+82,0.21681919949723083
YKL137W,5.0,6.736499632185511e-07,0.004632328638340227,6.997385713877549e-05,3.355411943924356e-08,5.534623472449356e+81,0.21497001324090662
YPL170W,1.0,8.550403882268933e-08,0.004549777249265136,3.613992438475993e-05,0.0,8.907915945181778e+79,0.21486123545210384
YKR078W,5.0,5.267451827243401e-08,0.004627385650300225,9.68151730461862e-05,0.00021335840002966187,3.379891280606835e+79,0.20916221439126975
YPL070W,10.0,4.37636778853262e-06,0.004730842355355271,0.00015857349607740722,0.0007520743088701619,2.3331577975444297e+83,0.22859982606534973
YHR017W,1.0,4.143209467985077e-07,0.004546666452205868,6.265972063982262e-05,0.0,2.0853804447363136e+81,0.18000978314038807
YIR035C,2.0,8.969127206361562e-05,0.004635584681746565,8.240375159809514e-05,0.00036231884057971015,9.787330576900678e+85,0.21951801479360533
YHR021W-A,1.0,5.427607262580417e-09,0.004546380369669928,6.919349899641431e-05,0.0,3.590882318892263e+77,0.16101744355638528
YML118W,2.0,1.1760345658368446e-06,0.004566721199426487,9.715131827648743e-05,0.00036231884057971015,1.6853113016573664e+82,0.19191322184751242
YHR029C,1.0,3.855924729386165e-09,0.004546461643352893,5.63403880686606e-05,0.0,1.7998733612999916e+77,0.1738418417157434
YHR047C,1.0,1.9126729734678493e-07,0.004551079230794467,3.50170241631667e-05,0.0,4.445877476553913e+80,0.2280332135332755
YJR055W,7.0,3.726393548907611e-06,0.004665233599191998,0.00016990451075236452,0.0021719672692694742,1.6879815546182289e+83,0.20486175542772314
YLR205C,1.0,7.114292629878846e-08,0.004547438112627715,3.953503243869168e-05,0.0,6.167319604549615e+79,0.21025367563038014
YLR118C,1.0,7.114292629878846e-08,0.004547438112627715,3.953503243869168e-05,0.0,6.167319604549615e+79,0.21025367563038014
YHR048W,1.0,2.1762606434030555e-12,0.004546615732805153,6.061957122472098e-05,0.0,5.72373183509642e+70,0.14725890356142457
YHR054C,2.0,1.1449446572395336e-12,0.0045658996146532415,9.924890768823433e-05,0.0,1.5804206639722798e+70,0.1459622402030779
YLR162W-A,3.0,2.457366888617237e-10,0.0045848739821380685,0.00013249684743325813,0.002894874360246947,7.349071959989273e+74,0.17086609298582306
YLR154C-G,8.0,1.1451378574440452e-12,0.004680355378986871,0.0003235117365177639,0.0021722718093752547,1.5808292789753614e+70,0.145985401459854
YPR069C,8.0,3.4089730992993578e-06,0.004689073979325712,0.00011115016729064408,4.566846817384474e-05,1.4151792271115585e+83,0.23461407684461066
YHR069C-A,5.0,1.037023226591105e-15,0.004623605936063575,0.0001917734848556145,0.0,1.1827729364314157e+64,0.11565780375887862
YJL136W-A,7.0,2.1231925447739983e-13,0.004661385013791232,0.00028038211721334783,0.0021722718093752547,5.34801976897287e+68,0.1307685018478158
YIL134C-A,5.0,1.037023226591105e-15,0.004623605936063575,0.0001917734848556145,0.0,1.1827729364314157e+64,0.11565780375887862
YJL197C-A,5.0,1.037023226591105e-15,0.004623605936063575,0.0001917734848556145,0.0,1.1827729364314157e+64,0.11565780375887862
YOR073W-A,5.0,1.037023226591105e-15,0.004623605936063575,0.0001917734848556145,0.0,1.1827729364314157e+64,0.11565780375887862
YJR038C,5.0,1.037023226591105e-15,0.004623605936063575,0.0001917734848556145,0.0,1.1827729364314157e+64,0.11565780375887862
YKL121W,2.0,1.508175994582454e-10,0.004565425759838829,0.00013263346779719958,0.00036231884057971015,2.771497336286277e+74,0.16497803281628262
YHR082C,1.0,1.4814114373067602e-06,0.0045502121150306045,3.473971964671076e-05,0.0,2.6743327333814603e+82,0.21923031097343024
YHR086W-A,3.0,3.579474510213273e-08,0.004584711661558958,0.00011761134190291342,0.0003658408633706487,1.5611642189714466e+79,0.2002394166938731
YPL102C,1.0,1.6533080921838435e-10,0.004546455108342712,6.12169388992758e-05,0.0,3.3263629014912537e+74,0.16683793749622197
YHR115C,4.0,2.906688818861956e-06,0.004617417433973055,5.9518936028956386e-05,4.9296734758820515e-05,1.0294902960089946e+83,0.24310754866555095
YPL165C,4.0,6.184673964428741e-06,0.0046160938680919585,5.8577184510372616e-05,3.393462416834901e-07,4.658258873451983e+83,0.23105902051067392
YHR133C,1.0,7.429588441658556e-08,0.0045476938713275555,3.6597425904412834e-05,0.0,6.730209453311539e+79,0.20396098137747562
YOR380W,3.0,6.641636563143662e-08,0.004587472691674443,6.440988257371019e-05,1.9224814537001336e-05,5.3742790508007407e+79,0.210029678106689
YHR138C,3.0,3.403217256197855e-05,0.004612763152956524,9.727442117093247e-05,0.000409359485206491,1.4122245499439677e+85,0.22559156483714088
YNL015W,1.0,1.570241436331172e-07,0.004546571643873771,5.507006719946085e-05,0.0,3.0090180738142774e+80,0.1840736294517807
YMR174C,4.0,2.572409027130588e-07,0.004606597208064308,9.033052137066497e-05,5.863154365851044e-05,8.07162564016221e+80,0.222329627839536
YHR145C,3.0,5.616741864056807e-13,0.004586274607995122,0.00012326219202717824,0.0003623188405797102,3.529120818059985e+69,0.14407266273424857
YJL007C,1.0,3.1518969354481207e-15,0.004546461601368615,6.220849597403635e-05,0.0,7.519474753723485e+64,0.12593251659708438
YHR149C,1.0,6.939637111947392e-08,0.004549674207308477,3.4696426440318924e-05,0.0,5.8474035238909614e+79,0.2167936532872516
YJR146W,1.0,9.969367616200863e-11,0.0045469412479122884,5.2483358511946386e-05,0.0,1.187213377675132e+74,0.15992119825013762
YPL062W,4.0,1.2530022224347849e-06,0.0046105786077795,7.180240711447192e-05,3.93611278666374e-06,1.9134881290485472e+82,0.22584076589477128
YKL111C,1.0,1.6826708819468282e-09,0.004546780301096,5.292749278132056e-05,0.0,3.448329342460144e+76,0.16908138573222656
YOR020W-A,2.0,1.4933294148098238e-06,0.004568182570418807,5.959648521913103e-05,4.82186950188703e-05,2.718568971485528e+82,0.20196846072225677
YNL249C,5.0,4.730635880607412e-05,0.0046765562382331425,7.041092052652927e-05,0.0018664244351646619,2.722294843758242e+85,0.2506925836777329
YPL054W,2.0,2.529230182354044e-07,0.004570942103872315,4.660660197677986e-05,0.0,7.78837149488957e+80,0.22343655130540377
YHR209W,1.0,5.8435941641381724e-09,0.004547083873324068,3.793858868802738e-05,0.0,4.055508882832432e+77,0.19928517274991878
YHR211W,1.0,2.2315527067926536e-09,0.004547223596381253,4.354385440180929e-05,0.0,5.999914614620466e+76,0.18983423894353119
YHR214C-D,1.0,1.69976491857814e-14,0.004546856845569041,5.645518615708691e-05,0.0,3.256883327113803e+66,0.1262147021836058
YPL277C,2.0,3.3994172857775045e-14,0.004566226929520932,8.42556563378918e-05,0.0,1.3027257008480837e+67,0.12621758814652215
YHR219C-A,4.0,6.7416789091292376e-12,0.004606724733037592,0.00011485905143082328,0.0,5.324519424957561e+71,0.16073144454473984
YHR218W-A,4.0,6.7416789091292376e-12,0.004606724733037592,0.00011485905143082328,0.0,5.324519424957561e+71,0.16073144454473984
YKR019C,1.0,2.7467821961237302e-08,0.004547625051380243,3.938883604162273e-05,0.0,9.197320804998006e+78,0.19510126179620402
YJL083W,1.0,2.7467821961237302e-08,0.004547625051380243,3.938883604162273e-05,0.0,9.197320804998006e+78,0.19510126179620402
YPL052W,2.0,1.3527696001517403e-07,0.0045674300242325395,4.55192893505685e-05,5.066907583015256e-06,2.2195890217655091e+80,0.20788611456332617
YLR454W,1.0,0.00012868521825129284,0.004653832899701063,2.9822920470789328e-05,0.0,2.0178331267440687e+86,0.24046001045478307
YIL025C,1.0,2.2516435752703077e-06,0.0045486159159651,3.5622761921036265e-05,0.0,6.157613884828433e+82,0.19532217543611338
YIL028W,1.0,0.00028813626407143066,0.004762583515036864,2.8761991645860764e-05,0.0,1.011796501283848e+87,0.24053335657327116
YNL091W,5.0,4.397431024626812e-06,0.004630193031596256,0.00012297851903410746,0.0007890507503744813,2.3553854723179448e+83,0.21540622804963708
YKL077W,2.0,1.8895845027383122e-12,0.0045657403197295315,9.848586423801087e-05,0.0,4.2620388063199445e+70,0.14952460925860714
YKR044W,4.0,1.332811943990523e-10,0.00460383573327431,0.000171893716642365,4.1328868266510896e-05,2.1444677755668925e+74,0.15951452102297356
YNL115C,4.0,2.3540445711802606e-08,0.0046038539582590925,0.00016086746872029704,0.00022729603915995017,6.7167321174153766e+78,0.1739514070525951
YPR153W,3.0,8.740679642651644e-06,0.004594064916161721,4.8286939206463475e-05,1.0517678013340483e-05,9.313980866561364e+83,0.22493887530562348
YNL295W,3.0,9.972215023840339e-06,0.004593190925689781,9.267321416249968e-05,0.0003681338775452236,1.2126640001702404e+84,0.2161569487410424
YIL077C,3.0,1.7457401450912733e-08,0.004584663377790651,0.00014495809262956528,0.0004819736105983192,3.715669753255717e+78,0.18414731785428343
YKL133C,1.0,8.058255732714018e-11,0.004546454907755154,6.899088683369954e-05,0.0,7.9169544567186e+73,0.1555148612480631
YIL088C,3.0,5.423360492106589e-10,0.004584797165523309,0.00012790296806515898,8.268635745053909e-05,3.5803831986481696e+75,0.1748938597047082
YPL230W,1.0,4.4619795420071024e-09,0.004546531156387915,5.157306658307204e-05,0.0,2.380820521111274e+77,0.1987828153696568
YIL102C,2.0,7.718474577126376e-09,0.004566788362784576,7.508171883468373e-05,0.0,7.268360582483708e+77,0.18775510204081633
YIL102C-A,3.0,7.718745256043278e-09,0.004585755070001735,0.00012119980618070737,0.0007628934573104204,7.268869038778761e+77,0.18781898604967676
YOL097W-A,3.0,5.876296884890687e-11,0.004584472635496795,0.00017536847550282892,0.0007374126417687566,4.2118675283002354e+73,0.16049777571017357
YIL120W,3.0,5.97072719458579e-08,0.004586688326068078,9.3489363181785e-05,5.0843808421217455e-05,4.345895760764407e+79,0.20455050767064403
YIL130W,2.0,5.040371955085754e-09,0.00456564503115458,0.00010106149305981151,0.0,3.0376965324181553e+77,0.19405188778738663
YML006C,3.0,5.040492851529949e-09,0.00458445444927202,0.0001601806487788109,0.0003623188405797101,3.037825389758736e+77,0.1940587097908244
YPR204W,4.0,4.292153659895199e-10,0.00460351714402411,0.00020059254222733235,0.001086562625554409,2.2034345444493343e+75,0.16424172096759795
YIL152W,2.0,2.2782262325783437e-09,0.004565360878331462,9.209603091796999e-05,6.531019803265815e-06,6.31198116955569e+76,0.18385904140159212
YLR104W,2.0,2.3376329095715162e-07,0.004567568455938128,7.494051259133168e-05,0.00016639965304933018,6.657519363148366e+80,0.2104781514527568
YML050W,2.0,2.594723238089971e-07,0.004567980838341587,7.822105646936936e-05,0.00020232880462993014,8.194378397905794e+80,0.21503700818075575
YIL154C,3.0,3.3942316182069485e-06,0.004594576246667595,0.00012651438301695478,0.0009017847158726641,1.4031059055273417e+83,0.22583152640837867
YIL158W,1.0,1.5675140929337026e-08,0.004546496089260236,6.328264347410678e-05,0.0,2.9895890348103945e+78,0.18423336225886122
YMR035W,3.0,1.6099725399753534e-08,0.004584760972516561,0.00013717361715431182,0.00036535175852991036,3.1532922198523576e+78,0.18813905930470348
YJL127C-B,3.0,4.993107844172829e-06,0.004598152828304949,7.002724835301418e-05,3.8960029915382454e-05,3.028144627058279e+83,0.22441761190389073
YIL163C,1.0,0.00014360954767751993,0.0046513395085662455,2.8887872171162653e-05,0.0,2.51299544551474e+86,0.22224906389660587
YOR376W-A,2.0,5.050400766301087e-10,0.004565667677019358,0.00011857091373067199,0.0010865626255544085,3.106619084588803e+75,0.1686371551645129
YIL166C,2.0,1.1949927245915154e-08,0.004567629949499631,6.832827914943382e-05,0.0,1.738536287797044e+78,0.1906472335428611
YIL169C,2.0,5.1629645341011285e-08,0.004565763309227205,0.00010178056609723676,0.00036231884057971015,3.236303661353965e+79,0.19329761529572434
YOL160W,1.0,2.3919197900082223e-10,0.00454637639026482,7.135677322827003e-05,0.0,6.895572102873283e+74,0.16199084399577415
YLR278C,3.0,4.188434802287434e-07,0.004589352765783077,5.956123178030879e-05,3.850282830953616e-05,2.1348149700806064e+81,0.22492970946579194
YIR007W,1.0,2.4948627350347892e-09,0.004546973191924916,4.2056657726164885e-05,0.0,7.579455755403755e+76,0.18504240555127216
YKR102W,1.0,2.2315527067926536e-09,0.004547223596381253,4.354385440180929e-05,0.0,5.999914614620466e+76,0.18983423894353119
YIR024C,4.0,5.848881981166408e-06,0.004610034753002137,7.093930771071237e-05,1.7809983687575583e-06,4.1714608635965943e+83,0.21033379058070417
YPL099C,3.0,1.1013668816801778e-06,0.004587312235078987,6.105376855351514e-05,0.0,1.4794590693944675e+82,0.20229413273720087
YIR030C,5.0,0.00023497990654470163,0.004800946090829749,6.634958454588675e-05,2.683762918794938e-05,6.728678740450046e+86,0.23628114031332934
YJL022W,6.0,1.754978580089167e-08,0.004642993927069765,0.0001747594182496692,9.053047312183735e-05,3.733800835801756e+78,0.17006593135744655
YJL161W,6.0,1.754978580089167e-08,0.004642993927069765,0.0001747594182496692,9.053047312183735e-05,3.733800835801756e+78,0.17006593135744655
YJR056C,5.0,1.75482820866188e-08,0.0046239441023757126,0.00014741135651444775,0.0,3.73316734008007e+78,0.1700606919498444
YJL027C,6.0,1.754978580089167e-08,0.004642993927069765,0.00017475941824966922,9.053047312183735e-05,3.733800835801756e+78,0.17006593135744655
YJL222W,4.0,3.2501788652409503e-10,0.0046045630915782995,0.00012668666096538633,0.0,1.2728937986233955e+75,0.14536261652709748
YJL028W,6.0,1.754978580089167e-08,0.004642993927069765,0.00017475941824966922,9.053047312183735e-05,3.733800835801756e+78,0.17006593135744655
YPR117W,2.0,3.669525305928698e-09,0.004566310713241951,8.035325882033137e-05,0.0,1.631593394953224e+77,0.17064424384815136
YOR304C-A,2.0,5.544429663414247e-07,0.004568599566315666,6.199616003796986e-05,0.0003064473166834431,3.741276547565666e+81,0.2174769521708297
YOL048C,1.0,3.0194891816345324e-09,0.004546775197469474,6.36394443476611e-05,0.0,1.1040817775945703e+77,0.15903656112247544
YLR054C,3.0,3.1195131317335747e-09,0.004585350805188966,0.00011452864034520329,6.018907569321971e-05,1.1786358654515608e+77,0.17531044558071585
YJL055W,1.0,1.5492823763782004e-06,0.004549739373294577,3.4309548152494545e-05,0.0,2.9251350302227623e+82,0.2163942138068917
YLR023C,2.0,2.0153129162018686e-09,0.004566573286386236,7.789793127680706e-05,0.0,4.927833915720925e+76,0.18636685911070597
YOL101C,2.0,2.0153129162018686e-09,0.004566573286386236,7.789793127680706e-05,0.0,4.927833915720925e+76,0.18636685911070597
YPL192C,2.0,2.4402175019333154e-07,0.004567665597065011,5.374455731942576e-05,0.0,7.255113083328182e+80,0.21001369654542687
YJL082W,1.0,2.5263554038797273e-10,0.004546875592488728,4.531640129379387e-05,0.0,7.746484309075373e+74,0.179869008439506
YPL133C,2.0,2.5769073130336525e-07,0.004567575592235578,4.787546567331645e-05,0.0,8.092931692892155e+80,0.2101336175720431
YJL212C,2.0,1.2500055002634403e-07,0.004569245565525357,5.3269177204487704e-05,4.309361489077848e-05,1.9050975988289636e+80,0.211648326367854
YJL103C,1.0,3.613018297156227e-06,0.004552767438818598,3.260060725898273e-05,0.0,1.5884149188312285e+83,0.226424381639936
YJL107C,3.0,4.078771072386105e-12,0.004584706393270816,0.00017441996897625813,0.0003623188405797102,1.9886458837629629e+71,0.14922145328719724
YKR100C,5.0,4.385022716830701e-10,0.00462289176909019,0.0002376741465531146,0.0007242766096567589,2.3332319655725086e+75,0.17537171178040412
YJL108C,1.0,1.952164744092434e-14,0.004546455086456578,7.674745947902379e-05,0.0,4.237195434192366e+66,0.12984874503069793
YKL033W-A,5.0,4.385022716830701e-10,0.00462289176909019,0.0002376741465531146,0.0007242766096567589,2.3332319655725086e+75,0.17537171178040412
YJL110C,2.0,1.4937450647228452e-06,0.004570056218988621,4.309283336319597e-05,5.107716241599371e-06,2.716283730197008e+82,0.2265172965653084
YKR041W,1.0,3.1192518060951136e-06,0.0045548329177074074,3.217693449263383e-05,0.0,1.1821579415955051e+83,0.22531531899261195
YJL116C,1.0,3.615406805014735e-08,0.00454690104371727,4.268463693809415e-05,0.0,1.5949654211492313e+79,0.18221429986135868
YJL118W,1.0,5.49403842837185e-08,0.004546655877774273,5.2103704161650524e-05,0.0,3.68010405239623e+79,0.1838161838161838
YJR054W,2.0,8.111688936540965e-09,0.0045672341700989895,5.7938669512757124e-05,0.0,8.012086842766903e+77,0.18744269754490814
YNL067W-B,1.0,1.0048563132090323e-15,0.004546773636244503,6.130183404707237e-05,0.0,1.1394992477574878e+64,0.11564811129035638
YPL247C,1.0,1.1586736071792403e-08,0.004547657750727642,3.611136574567124e-05,0.0,1.62427410129596e+78,0.202494497432135
YJL145W,4.0,3.1308970893483774e-09,0.004605414046047062,9.553346909372458e-05,2.0178021014458676e-05,1.1873523233304376e+77,0.2013202523797367
YNL231C,4.0,6.061487021105116e-08,0.004606519187613685,9.686221933235663e-05,0.00015796756827971957,4.47849765972093e+79,0.21267578501252168
YLR380W,4.0,3.793277948049683e-09,0.004605886083266954,9.827320959454e-05,0.00035001654514098257,1.7404220042145088e+77,0.2037501845563266
YJR161C,1.0,4.6440407785771575e-06,0.004550198121028062,4.00005303808166e-05,0.0,2.628731766050854e+83,0.210373870955448
YKL164C,1.0,1.785018008701547e-10,0.004546457683057992,6.105252466301851e-05,0.0,3.882623645082586e+74,0.1651705565529623
YJL160C,2.0,4.078663847663638e-12,0.0045658188299086385,0.00010869941225639696,0.0,1.98856114075787e+71,0.1492133859544791
YMR155W,1.0,6.575465945757676e-17,0.0045464531054029145,0.00010127180830703757,0.0,4.524516204300812e+61,0.11542563201806662
YPR050C,2.0,3.363013366244807e-11,0.004565340452084066,0.000182618766667846,0.00036231884057971015,1.2824474638953084e+73,0.14508752562687274
YKL053W,1.0,3.362918283105167e-11,0.0045464532229513,9.183622550073032e-05,0.0,1.2823928144206131e+73,0.14507989907485283
YJL205C,1.0,1.4033688668494184e-05,0.004562303532769701,3.5039729893643316e-05,0.0,2.4008386739739314e+84,0.23171857946436067
YJL207C,1.0,3.020504339412097e-08,0.004548393733008534,3.62953334123718e-05,0.0,1.1116236638085454e+79,0.20276226858654128
YJL209W,3.0,2.9200259382740953e-07,0.004585935175550151,0.00011991192627372298,0.0007353895863190318,1.0397956893723604e+81,0.19541898254681914
YMR158W-B,2.0,4.104878122425553e-13,0.004565509249603536,0.00012840535811739915,0.0007245063824311798,2.0609940218050126e+69,0.12635626974316716
YJL213W,2.0,3.920061804732006e-07,0.004569481552728885,4.880753781690278e-05,0.0,1.869796918752184e+81,0.22074702071502839
YKR075C,2.0,1.7637314580319747e-07,0.0045656576535641645,7.597946672017997e-05,5.900154741890652e-06,3.7650130138777813e+80,0.19589055679761525
YLR287C,1.0,4.6405678762754583e-07,0.004547033229715173,4.0503771442857465e-05,0.0,2.6155323554396574e+81,0.1812153245133121
YML053C,1.0,3.965896885333391e-06,0.004555478023981988,3.270089742424938e-05,0.0,1.9167011402511582e+83,0.24033437826541273
YNR028W,3.0,2.209601425604428e-05,0.004604293164506093,4.198551672750041e-05,1.6043512209308857e-06,5.935469420388293e+84,0.23171857946436067
YLR132C,3.0,6.337806903552096e-06,0.004603946937716627,3.819334940069587e-05,1.6866303708925131e-07,4.871103169308406e+83,0.22056179326327566
YOR344C,4.0,6.886341050089135e-08,0.004605199998705883,0.00010504152492143981,0.0002355754966791315,5.7569740353009194e+79,0.21527181967085252
YMR008C,9.0,6.003961037036018e-07,0.00471632420997773,0.00011776181641068908,0.00023788129546591685,4.3961240896772904e+81,0.2318840579710145
YJR108W,1.0,2.863204599535611e-10,0.0045463810417927155,6.75985192208834e-05,0.0,9.90808816592066e+74,0.17278617710583152
YOL065C,5.0,3.907986338074276e-06,0.004646083627839244,6.68733493269724e-05,0.00031857880077804893,1.853035322278636e+83,0.24942388504812255
YOR111W,2.0,1.0604898722302197e-07,0.004568222180026911,4.531573888534177e-05,1.1501723763706111e-05,1.3680541456566207e+80,0.21146994598322033
YJR134C,3.0,9.319401771082314e-07,0.00458917245929379,5.864227618237432e-05,2.887801354681961e-06,1.0580855011915002e+82,0.22250886810706225
YJR141W,2.0,7.301908347224874e-07,0.0045700165237235624,3.9982437712043895e-05,0.0,6.465556823894069e+81,0.2074252217044942
YJR154W,4.0,4.0620763610584574e-09,0.004605395894323033,8.591631302685759e-05,0.0,2.0031185917477907e+77,0.19463347554740665
YJR155W,4.0,4.0620763610584574e-09,0.004605395894323033,8.591631302685759e-05,0.0,2.0031185917477907e+77,0.19463347554740665
YJR162C,1.0,1.7677816842194996e-15,0.004546376717242844,7.514973609083176e-05,0.0,2.273626702028118e+64,0.12603315219873054
YNR077C,2.0,3.1097074430930916e-13,0.004565842016560547,0.00011142896447222662,0.00036231884057971015,1.0670828387003871e+69,0.14420439405418115
YLR099W-A,8.0,2.144838158125117e-06,0.004694364467857313,9.211353352518327e-05,5.443641331758353e-05,5.6073237631393515e+82,0.2275069035156411
YOR314W,3.0,2.0965645336605116e-06,0.0045881052579062,7.240262380071248e-05,0.00011763262053498672,5.3580777332070025e+82,0.2182508303020718
YKL198C,2.0,4.078663847663638e-12,0.0045658188299086385,0.00010869941225639696,0.0,1.98856114075787e+71,0.1492133859544791
YOL045W,1.0,2.4602873621431758e-08,0.00454869111284999,3.5960631580477446e-05,0.0,7.375387606562329e+78,0.1978565539983512
YKL046C,1.0,2.4819234455459694e-09,0.004546626596797936,4.990374261114815e-05,0.0,7.517749031427891e+76,0.17354124748490946
YKL047W,2.0,3.270506328689341e-12,0.004565422082514704,0.0001188457328183044,0.0,1.2427756719942714e+71,0.15554991968890017
YPL199C,2.0,3.270506328689341e-12,0.004565422082514704,0.0001188457328183044,0.0,1.2427756719942714e+71,0.15554991968890017
YNL144C,2.0,7.360358789477653e-08,0.004565965822345839,8.634878386986823e-05,5.4120269730017466e-05,6.566141093138826e+79,0.19950845742373863
YOR237W,1.0,4.338113978426305e-06,0.004554853573236987,3.3137353521789226e-05,0.0,2.2937021522720896e+83,0.2248747301095857
YKL064W,3.0,1.683689302949447e-09,0.004584790743875319,0.0001294229729120246,9.833187697485523e-05,3.457776895188578e+76,0.171348750582027
YOL130W,3.0,1.683689302949447e-09,0.004584790743875319,0.0001294229729120246,9.833187697485523e-05,3.457776895188578e+76,0.171348750582027
YMR046W-A,1.0,1.3073320584774706e-11,0.004546455812715503,6.509004055623654e-05,0.0,2.075630134258375e+72,0.15134483042250432
YKL072W,1.0,1.388284526932205e-07,0.004549792629130907,3.4129673089811905e-05,0.0,2.3330309810136757e+80,0.21833715687050076
YKL075C,1.0,2.0300090674326485e-08,0.004546644053827528,4.821934437987627e-05,0.0,5.0186051908653026e+78,0.1772355113180286
YMR210W,2.0,5.560471728070165e-07,0.004568342558490373,5.6852226798001986e-05,5.551658888802753e-05,3.758576633633734e+81,0.21342406433652955
YLR087C,2.0,2.6735025606521733e-08,0.00456592373582515,7.62720939049641e-05,0.0,8.72069657422325e+78,0.16129974869966687
YPR097W,2.0,6.446866295965249e-09,0.004565685071206102,7.131814489075216e-05,5.203745858356471e-06,5.067998185903284e+77,0.18052784772868496
YNL130C-A,1.0,6.977314113284878e-13,0.004546374987966944,8.506218703576018e-05,0.0,5.905212150230081e+69,0.14161834881215044
YOR247W,2.0,9.143253620210229e-07,0.004567790944458364,5.014191254046753e-05,5.53465789631153e-06,1.015978726377008e+82,0.219117180057161
YMR152W,1.0,2.8574189825715046e-09,0.004547168161099765,3.906570842014121e-05,0.0,9.887132749708872e+76,0.18572726355102454
YKL151C,1.0,1.9901998340053767e-07,0.004546890333718488,4.0703671746521004e-05,0.0,4.83113269133271e+80,0.19972501628193068
YNL239W,1.0,4.2188608564863876e-10,0.004546627785891743,4.757681437887323e-05,0.0,2.1110771665828964e+75,0.18179423000922146
YKL171W,1.0,1.6615384948775644e-06,0.004549581961731415,3.551124392442708e-05,0.0,3.362780191365701e+82,0.2171176840780365
YLR146C,7.0,1.0950192154781084e-06,0.0046682475067319875,9.874021271218282e-05,3.105212171308704e-05,1.4567431323591966e+82,0.23224503534163582
YPR037C,2.0,2.4603662334403457e-06,0.004571584930190566,4.270763917279025e-05,2.7424931186247044e-06,7.381132943064553e+82,0.21912587828986543
YPL225W,2.0,6.791816409870537e-08,0.0045669263648339085,6.405754415617456e-05,2.5844094660991436e-05,5.613532052614113e+79,0.2034423027309918
YMR251W,2.0,6.425747604009631e-06,0.004573218297022745,5.176885202574264e-05,1.079962031463126e-05,5.03269053851461e+83,0.22351797862001943
YML108W,2.0,6.847977424631644e-08,0.004566328530275277,6.030600358273321e-05,3.352316676624516e-05,5.719059962588632e+79,0.19584885577434805
YML087C,2.0,2.7557620258994884e-07,0.004568875288377499,5.034631397641383e-05,5.154893804500202e-06,9.24315593242226e+80,0.22198986568004503
YML125C,2.0,2.7557620258994884e-07,0.004568875288377499,5.034631397641383e-05,5.154893804500202e-06,9.24315593242226e+80,0.22198986568004503
YKR004C,1.0,2.9685202358657176e-11,0.0045464548232192125,6.929221826406379e-05,0.0,1.0752468201211472e+73,0.1542761319172722
YML119W,3.0,6.433263586980022e-09,0.004584643028998143,0.00014647017140570915,0.0005321515126777547,5.046463395514932e+77,0.18241300684048775
YKR013W,4.0,3.8644908847734234e-08,0.004604837552793525,0.0001790768883866993,0.0011080258303877142,1.8205354898385058e+79,0.20689655172413793
YPL163C,2.0,1.7845975332073802e-10,0.004565425948936973,0.00014038577657710308,0.00036231884057971015,3.879168961086636e+74,0.17144454452278163
YLR042C,1.0,1.7845585380249798e-10,0.00454653871832865,6.538257450293042e-05,0.0,3.87900365642366e+74,0.171433895462592
YKR070W,1.0,2.1093099219595267e-06,0.004548927474867613,3.4338164173369434e-05,0.0,5.424173541395153e+82,0.19942917012897865
YOL011W,7.0,5.1892823278670286e-08,0.00467380234811442,9.815667713995144e-05,1.8434842716074757e-06,3.264580426120572e+79,0.21937842778793418
YLR020C,5.0,2.2152420178127065e-08,0.0046336465630885055,7.326347986590304e-05,0.0,5.945046582755495e+78,0.2085379675103891
YMR006C,7.0,5.1892823278670286e-08,0.00467380234811442,9.815667713995144e-05,1.8434842716074757e-06,3.264580426120572e+79,0.21937842778793418
YPR194C,1.0,2.624494290097618e-08,0.004546885722101565,4.557118237469465e-05,0.0,8.398817611583601e+78,0.18451047899187753
YKR096W,3.0,3.798833118581675e-05,0.004616200342380891,6.995432724971965e-05,0.00010188432888039408,1.7568499713062066e+85,0.23573624871882473
YLL007C,2.0,1.2102637735119145e-08,0.004566621045938515,5.799790546326505e-05,0.0,1.7812032401600592e+78,0.19550896082737126
YLR422W,3.0,1.9820742052855892e-07,0.004594246132715969,7.034199874068545e-05,5.989209503575879e-05,4.780418718897611e+80,0.22629442872955355
YLR019W,2.0,4.7364926121435875e-08,0.004566092529676256,5.346115222263492e-05,0.0,2.7254907123665967e+79,0.20072727272727273
YLL030C,4.0,3.3479322991592027e-09,0.0046054287044387365,0.00013908794469999968,0.0003032001739325882,1.3666241140478754e+77,0.18347404108223095
YLL032C,3.0,4.837357473784328e-11,0.004584559664292877,0.00013243960293738606,2.8379319282121995e-05,2.849781962562386e+73,0.16234339156520206
YLL037W,2.0,6.932028339649369e-10,0.004566847528131698,7.791824500624066e-05,6.216822771198365e-05,5.8424097072752016e+75,0.17389660712598054
YOR305W,4.0,3.709002330414641e-09,0.00460480773617688,0.00014399067998775806,1.0794819862486276e-05,1.6667404610548913e+77,0.16865776528461
YLL044W,3.0,5.791334351498747e-06,0.004596530397759732,5.904294289693049e-05,5.709307026776869e-05,4.0708503396710394e+83,0.2179062055897679
YLL038C,2.0,9.770047731094436e-08,0.00456747181910977,5.337084570014457e-05,2.8995341880674798e-05,1.1594345467545204e+80,0.2126593982355434
YPL191C,1.0,0.00019223353455373926,0.004698748202189061,3.0405112308719424e-05,0.0,4.5030670146534094e+86,0.250045298061243
YLL054C,1.0,8.164117352801818e-12,0.004546454786164802,7.537532634115706e-05,0.0,8.127556901120382e+71,0.14375374358707257
YLL055W,3.0,1.7687756069752266e-09,0.004584634109567137,0.00017107177923927048,0.0004487434276979824,3.81451194507391e+76,0.1678832116788321
YLL059C,4.0,8.079266916960114e-05,0.004664688274776851,9.07958221575e-05,0.0007303216087798071,7.953655447806203e+85,0.22630370613315842
YLL065W,5.0,1.007657773204226e-09,0.004624497341880231,0.00015071520197707316,2.0162361177923408e-06,1.2291140240193234e+76,0.1864360983517968
YLL067W-A,4.0,5.252846745457128e-10,0.004605097314858616,0.00012561654970511617,1.588232974007383e-06,3.3383847228510476e+75,0.18599636094076422
YML107C,3.0,5.7464973470226875e-06,0.004596877671046557,4.6429539756073264e-05,1.6491635677942134e-05,4.015024651361735e+83,0.22914072229140722
YLR050C,1.0,1.4235190606004304e-09,0.0045463769766275535,7.973770802040606e-05,0.0,2.4460604647517145e+76,0.16185784658691063
YMR253C,2.0,3.0762468169401765e-07,0.0045659044538268025,0.0001227540408557308,0.0003623188405797101,1.1480112628833138e+81,0.19310827357005422
YOR355W,1.0,1.4862997717640496e-05,0.004558488535585365,3.217527959083864e-05,0.0,2.691746344942795e+84,0.21432731508444963
YNL092W,5.0,1.265073197805768e-06,0.0046251652656304765,0.00014546836035321523,0.0016569092942815902,1.9439060732731102e+82,0.20949561653193668
YOL053W,1.0,3.254521949076728e-09,0.004546493278986626,5.255491000751903e-05,0.0,1.2869619840264438e+77,0.1877742626798653
YLR094C,1.0,2.3894836556074326e-11,0.004546454039793131,7.355553109382972e-05,0.0,6.472675678842681e+72,0.16252502649864561
YLR124W,5.0,0.00015894832959058294,0.004753989825288761,7.935854191684935e-05,0.00143918138703251,3.07360710233727e+86,0.2460550949451725
YLR283W,4.0,3.5968161263076554e-05,0.00463225600047701,0.00010657771527517465,0.0008203514241607596,1.5767867605648834e+85,0.22494804189249765
YOL060C,2.0,1.5791159448615232e-05,0.004583673406979366,4.364853164354245e-05,0.0,3.0334276123771876e+84,0.23259733692904097
YOL158C,4.0,1.212082508848494e-06,0.004609865637209995,7.56094520983733e-05,0.0,1.7880830986380626e+82,0.21700672249085978
YLR154W-E,5.0,5.574079456865927e-15,0.004623686077329833,0.0001928617513190649,0.0,3.496176493509536e+65,0.12740323585754842
YLR154W-A,5.0,5.574079456865927e-15,0.004623686077329833,0.0001928617513190649,0.0,3.4961764935095345e+65,0.12740323585754842
YLR154W-C,1.0,5.440007581402493e-15,0.004546852445771447,6.159986635648066e-05,0.0,3.368263134333186e+65,0.12739147492557293
YLR154W-B,5.0,5.574079456865927e-15,0.004623686077329833,0.0001928617513190649,0.0,3.4961764935095345e+65,0.12740323585754842
YLR154C-H,5.0,5.574079456865927e-15,0.004623686077329833,0.0001928617513190649,0.0,3.4961764935095345e+65,0.12740323585754842
YLR154W-F,5.0,5.574079456865927e-15,0.004623686077329833,0.0001928617513190649,0.0,3.496176493509534e+65,0.12740323585754842
YLR158C,3.0,5.3691233019585796e-08,0.0045858512513033195,8.986842115536273e-05,0.0,3.512781452888939e+79,0.2026208567338399
YLR160C,3.0,5.3691233019585796e-08,0.0045858512513033195,8.986842115536273e-05,0.0,3.512781452888939e+79,0.2026208567338399
YLR157C,3.0,5.3691233019585796e-08,0.0045858512513033195,8.986842115536273e-05,0.0,3.512781452888939e+79,0.2026208567338399
YMR196W,6.0,3.765822313811049e-05,0.004687762892889081,7.169163970520839e-05,5.884966282632966e-07,1.729188324753055e+85,0.24004174639067663
YLR187W,1.0,2.9493625889907977e-08,0.004546402423438489,6.521710019475005e-05,0.0,1.0583729224110165e+79,0.1780587722976678
YLR194C,1.0,2.387963986983603e-14,0.004546374980038331,8.692328319168447e-05,0.0,6.623288917546168e+66,0.13507891838982014
YLR414C,2.0,5.0696632942923515e-12,0.004565423851329691,0.00013553644864909047,0.0003623188405797101,3.108512835944e+71,0.15617042946868104
YPL158C,5.0,4.1833372831100587e-07,0.0046395904824137425,7.741939197783909e-05,4.255981069729658e-05,2.129248143004755e+81,0.23319673862532211
YNR029C,2.0,0.0001790648012090545,0.004701475769449334,3.276410763364894e-05,2.4643986698892196e-08,3.9080209358389396e+86,0.23365079365079366
YLR246W,2.0,5.645862580850948e-08,0.0045670917389773625,5.240774272602585e-05,2.3525246562420714e-06,3.879842734046156e+79,0.21487796333060843
YLR280C,1.0,2.084295625793374e-09,0.004547338508752865,3.710746163597593e-05,0.0,5.227575461087235e+76,0.18754459280399552
YLR256W,1.0,6.441338156267118e-06,0.004559387810276375,3.2973527394567374e-05,0.0,5.055853331157464e+83,0.24678111587982832
YLR262C-A,1.0,3.19610217636175e-07,0.004548916407626443,3.177257340303695e-05,0.0,1.2281226902148183e+81,0.19022675580674064
YPL033C,1.0,5.9430677223572895e-08,0.004546671292985632,5.821941888908043e-05,0.0,4.297966726361946e+79,0.1839877341510566
YNL133C,1.0,1.6599133632459398e-07,0.004546652623965373,4.998876744662708e-05,0.0,3.359649753489831e+80,0.18364495309069134
YLR301W,1.0,2.055933653198106e-06,0.004549015842742861,3.479083294300626e-05,0.0,5.1535439259618466e+82,0.21150235641212306
YOR318C,1.0,4.965172768643099e-05,0.004586115284298999,2.9250712801229794e-05,0.0,3.0061105674692235e+85,0.20928909952606636
YLR326W,3.0,4.292571577287144e-08,0.004585044845156964,8.235258433422471e-05,4.904972751291274e-05,2.237860551198874e+79,0.1990911058212508
YLR343W,1.0,1.754252505386707e-07,0.00454682593808449,5.9235946754222035e-05,0.0,3.7434269144420526e+80,0.19311502938706968
YOR386W,6.0,3.798886472617251e-05,0.004673974717082687,0.00021631804648508047,0.0012499736024522107,1.756905163016794e+85,0.2393236505527856
YLR363W-A,1.0,3.850753486841258e-08,0.004546741050004334,4.3133654585760604e-05,0.0,1.803083166744886e+79,0.18299353555445053
YLR373C,1.0,1.323175067072155e-08,0.004546977395408583,4.378709609519463e-05,0.0,2.1122860269330384e+78,0.19312178567680088
YOR324C,1.0,7.471831150158378e-07,0.004548562299846369,3.6191323660023587e-05,0.0,6.8038270038790285e+81,0.21257750221434898
YLR444C,1.0,1.639717830119714e-08,0.004546732025325227,4.490269256716557e-05,0.0,3.2769492324150352e+78,0.19208017259377827
YPL067C,1.0,5.296993518241992e-10,0.004546816506189488,4.810941758471601e-05,0.0,3.397641988599709e+75,0.18538420204191294
YLR467C-A,2.0,5.644338145782612e-10,0.004566769078683545,6.720147327497639e-05,0.0,3.85555531320378e+75,0.1866378144441439
YML002W,2.0,2.0295766689525708e-08,0.004566031075155002,7.097345679649188e-05,0.0,5.017458529603898e+78,0.18607786954323277
YML003W,2.0,2.0295766689525708e-08,0.004566031075155002,7.097345679649188e-05,0.0,5.017458529603898e+78,0.18607786954323277
YML076C,2.0,7.816328492905572e-09,0.00456625293145171,7.914335991159884e-05,0.0,7.414778518303161e+77,0.18922254216371864
YML079W,2.0,2.2352003600791385e-14,0.004565419784950605,0.0001653148124802469,0.0007245063824311798,5.7312974423023265e+66,0.12786953600963655
YML086C,1.0,4.607995414506294e-07,0.004547684911775102,3.7709494628289385e-05,0.0,2.590421222075488e+81,0.20699741253234336
YML089C,1.0,6.096284510225623e-14,0.004546374645681919,8.935487434994879e-05,0.0,4.4227206875754475e+67,0.13146613318090883
YML090W,1.0,7.800708012108349e-07,0.004548363360234269,3.56153284176257e-05,0.0,7.3954519471012185e+81,0.195675292449486
YML131W,1.0,8.082355002965258e-05,0.004606245930744779,2.9949468621524375e-05,0.0,7.959738166662359e+85,0.22690837341225797
YML133W-A,2.0,2.6416191484917308e-11,0.004565831828592078,9.401923459953195e-05,0.0,8.419498540934286e+72,0.15387617428149306
YML133W-B,2.0,2.6416191484917308e-11,0.004565831828592078,9.401923459953195e-05,0.0,8.419498540934286e+72,0.15387617428149306
YMR266W,1.0,8.900405992787238e-12,0.004546949740309021,4.900280494905503e-05,0.0,9.674576009315139e+71,0.1422717080337122
YMR013C-A,1.0,3.0675163489953097e-08,0.004548332718802722,3.6034274848522245e-05,0.0,1.1466381615123456e+79,0.20302328147412557
YMR166C,1.0,7.447865586321971e-11,0.00454645531319776,6.655735294198536e-05,0.0,6.718700138086715e+73,0.15835221893915488
YMR064W,2.0,5.404318367960181e-08,0.0045659009595909504,6.940207747425928e-05,8.785748892635149e-07,3.5624519816661464e+79,0.19001067088912602
YOL128C,1.0,2.7167215485587796e-07,0.004551757110409833,3.490800682510516e-05,0.0,9.0019853305173e+80,0.2130122713591109
YMR107W,2.0,2.4346063580443563e-08,0.0045666886431876995,5.360659964863742e-05,0.0,7.225846910491594e+78,0.19132785692003743
YMR194C-A,2.0,9.733661001334951e-11,0.004566070560380741,8.206961218152413e-05,0.0,1.1448527722763165e+74,0.155830957287638
YNL024C-A,1.0,2.3370253822651647e-06,0.004549345820431925,3.652605012621685e-05,0.0,6.652205219081069e+82,0.21486123545210384
YMR215W,1.0,1.754252505386707e-07,0.00454682593808449,5.9235946754222035e-05,0.0,3.7434269144420526e+80,0.19311502938706968
YMR221C,1.0,9.425869824491471e-07,0.004549041596769368,3.392285292838215e-05,0.0,1.0830419849320405e+82,0.2058779650902581
YPL134C,2.0,9.344371279989592e-15,0.0045652618637563565,0.00018426144549328982,0.00036231884057971015,1.0100415462707756e+66,0.12708937698577152
YPR198W,1.0,1.0755805037346993e-13,0.004546533241091075,7.291833586327943e-05,0.0,1.4088672377804533e+68,0.13376953834969102
YMR316W,1.0,4.8811381842959015e-08,0.004547098707168251,4.031290913601104e-05,0.0,2.904517294442623e+79,0.1977077363896848
YMR320W,2.0,5.264616911618868e-11,0.004565421264803215,0.00012393465254502406,0.0,3.323234470285841e+73,0.15423733549414625
YOR385W,3.0,1.1295172845973034e-08,0.004584663751505775,0.0001524708694174504,0.0007245063824311798,1.5453302447724778e+78,0.18235274685342406
YOR381W-A,2.0,5.264616911618868e-11,0.004565421264803215,0.00012393465254502406,0.0,3.323234470285841e+73,0.15423733549414625
YNL018C,2.0,1.4912437327674423e-13,0.0045658246528737885,0.00010071695099054585,1.0706944354101467e-06,2.5850994922255593e+68,0.13557323902151489
YNL034W,2.0,1.4912437327674423e-13,0.0045658246528737885,0.00010071695099054585,1.0706944354101467e-06,2.5850994922255593e+68,0.13557323902151489
YNL095C,4.0,5.971238364741019e-09,0.00460400459787759,0.00016609124414448468,0.0013757276404097434,4.3155451622350704e+77,0.17638036809815952
YNL089C,3.0,2.6177764412336395e-08,0.004584985250921525,0.0001088422622354453,0.0001835900182507078,8.33378867375868e+78,0.18397546993734168
YNL108C,2.0,5.08740336140299e-06,0.004570145515478177,6.749662776528112e-05,0.0005099952193650886,3.1456878860988303e+83,0.2036750055346469
YPR169W,2.0,0.0003343751054518948,0.00482911804628724,3.0449142048562955e-05,0.0,1.3607543924297386e+87,0.23264635225692248
YNL146W,2.0,2.719635015698782e-13,0.004565341344493255,0.00015679434443578282,0.00036231884057971015,8.974582438447603e+68,0.138311200200451
YOR022C,1.0,1.28458466757174e-15,0.004546374637276097,9.570711605272494e-05,0.0,1.9122086832611218e+64,0.12150828765766361
YNL170W,1.0,9.729777059240296e-11,0.0045468597520634995,5.365454936174198e-05,0.0,1.131010160447027e+74,0.15624557728778057
YNL171C,1.0,1.6711795274369584e-13,0.004546374633568717,0.00010319743939501928,0.0,2.732502843076945e+68,0.1267072190978997
YNL199C,3.0,3.8218711920894856e-07,0.004587661887622138,7.443500440701916e-05,1.6639675997616683e-05,1.7700132170345697e+81,0.22112726835716862
YNL204C,1.0,7.768043638273955e-08,0.00454713575044128,3.737265834820498e-05,0.0,7.36430975216281e+79,0.19005646605150806
YOL038C-A,1.0,5.09792220424128e-11,0.00454637502164476,8.312055792491557e-05,0.0,3.1755686231702326e+73,0.14609745123468226
YOR032C,2.0,5.0092602203548475e-09,0.004566017048593571,7.0226478316852e-05,7.289309308870597e-05,2.989856648985713e+77,0.20002898970865343
YPR151C,1.0,4.601114047867313e-08,0.0045464903341202465,5.382422377800843e-05,0.0,2.583815650357266e+79,0.1777434312210201
YNL300W,1.0,8.266904593795797e-13,0.004546374988752523,8.784704031943825e-05,0.0,8.265321204609059e+69,0.14635698377346484
YNL339W-A,4.0,4.750086633825012e-10,0.004604907513836659,0.0001227985324052291,0.0,2.7190822640119986e+75,0.17377616873917834
YNL338W,4.0,4.750086633825012e-10,0.004604907513836659,0.0001227985324052291,0.0,2.719082264012001e+75,0.17377616873917834
YNL339W-B,4.0,4.750086633825012e-10,0.004604907513836659,0.0001227985324052291,0.0,2.719082264012001e+75,0.17377616873917834
YOR220W,2.0,1.3032504706644059e-07,0.004570597763793688,4.837006884055351e-05,1.1299865915362743e-06,2.0685138354613054e+80,0.21392861295198232
YPR099C,2.0,0.00011277643278452997,0.004653592034951354,6.273541848083401e-05,0.0002178737958545987,1.550360258351909e+86,0.2285808936187834
YOR378W,3.0,5.0115961707418905e-09,0.004584874008677581,0.00015535060031138985,0.0003395417330273113,3.0621385749242747e+77,0.1742534250899678
YOL109W,1.0,4.3225221215971447e-07,0.004547334377090695,3.953079734435107e-05,0.0,2.2656142379258003e+81,0.19650421843295005
YOL119C,1.0,8.078742350842101e-12,0.004546456622027334,6.271836590030173e-05,0.0,7.860332413570869e+71,0.1544574402596676
YOL132W,1.0,1.754252505386707e-07,0.00454682593808449,5.9235946754222035e-05,0.0,3.7434269144420526e+80,0.19311502938706968
YOL164W,1.0,5.440756570111724e-13,0.004546533902422009,7.378393334114456e-05,0.0,3.5867431587611694e+69,0.14044014756392317
YOR013W,1.0,1.1888994631093529e-11,0.0045466140801486135,6.248167759930723e-05,0.0,1.7198357039877044e+72,0.15045791539467945
YOR015W,1.0,1.1468318299062248e-08,0.004546721978669193,4.4634261573870325e-05,0.0,1.6046979661985512e+78,0.1795998047828209
YPR096C,3.0,0.0002613958855753386,0.004781816132256041,7.073281517987384e-05,0.00036232134360141325,8.319774982821198e+86,0.23199125830041187
YOR192C,1.0,6.978314334434545e-13,0.0045463743259566945,9.27828434973863e-05,0.0,5.823092644949068e+69,0.137621540762902
YOR222W,1.0,4.6952549381137696e-17,0.004546374307085339,0.00010914387399769241,0.0,2.1520890147240515e+61,0.11276121994566217
YOR242C,2.0,3.121281235933956e-08,0.00456606929056999,6.896469671744357e-05,0.00012297936440697774,1.1822102404120537e+79,0.20305315431304027
YOR302W,1.0,7.70054418110296e-08,0.004547907682864529,3.5952589521427237e-05,0.0,7.225542261243966e+79,0.20411181777843515
YOR365C,4.0,5.057611484112487e-09,0.004603844050841183,0.00019420651974868123,6.801139723633628e-07,3.1186032623527814e+77,0.17379805421743647
YOR390W,3.0,5.034574496292183e-09,0.0045848756830780685,0.0001484958527265069,0.0,3.09027022421189e+77,0.17367775225749615
YOR389W,3.0,5.034574496292183e-09,0.0045848756830780685,0.0001484958527265069,0.0,3.09027022421189e+77,0.17367775225749615
YOR392W,6.0,1.0807318054176215e-06,0.004644268907804386,0.000264962033489688,0.0024951521618536854,1.4236425173580038e+82,0.21015761821366025
YOR394W,2.0,4.9880739198506135e-09,0.004565589763388553,0.00013825497029392234,0.00036231884057971015,3.033475532794037e+77,0.17367775225749615
YPL282C,1.0,2.3034692082088804e-11,0.004546375669294982,8.67256489587215e-05,0.0,6.4634074696257815e+72,0.1479813414830304
YPL221W,1.0,7.46013855284583e-09,0.004547294507931687,4.463083555042823e-05,0.0,6.78406799784918e+77,0.19071969042600975
YPL074W,1.0,1.2069343050558748e-06,0.00454727394791001,4.727616624050995e-05,0.0,1.772689286160556e+82,0.1883123528809743
YPL107W,3.0,5.5102484327889415e-09,0.004584641726742932,0.0001404588039672296,0.0,3.703018691721175e+77,0.17693441887300468
YPL108W,3.0,5.5102484327889415e-09,0.004584641726742932,0.0001404588039672296,0.0,3.703018691721175e+77,0.17693441887300468
YPL136W,3.0,5.5102484327889415e-09,0.004584641726742932,0.0001404588039672296,0.0,3.703018691721175e+77,0.17693441887300468
YPL283W-B,2.0,5.5701824741740945e-11,0.004565913900006506,7.81221365070092e-05,0.0,3.738702165403953e+73,0.16382252559726962
YPR002W,1.0,2.3409558686437183e-07,0.004551872623632558,3.3110972673655364e-05,0.0,6.673662611603226e+80,0.20934466019417475
YPR123C,1.0,7.14423570329127e-07,0.004547262163758101,4.2030151120317814e-05,0.0,6.2185278974295225e+81,0.2037877948831543
YPR192W,1.0,4.0168104253943787e-14,0.0045464558535438515,8.180234062491475e-05,0.0,1.9686407890334595e+67,0.12354244533470603
YPR195C,3.0,8.698936012030044e-12,0.004584891040055168,0.00018176388216122093,0.0007245720317953,9.239435539783469e+71,0.14095296460854911
YPR196W,1.0,4.0168104253943787e-14,0.0045464558535438515,8.180234062491475e-05,0.0,1.9686407890334595e+67,0.12354244533470603
YPR202W,3.0,2.0400654896210955e-12,0.004584625506140669,0.0001626125743500239,0.0,4.782744184160359e+70,0.14108265603435055
YPR203W,3.0,2.0400654896210955e-12,0.004584625506140669,0.0001626125743500239,0.0,4.782744184160359e+70,0.14108265603435055
YPR204C-A,3.0,2.0400654896210955e-12,0.004584625506140669,0.0001626125743500239,0.0,4.782744184160365e+70,0.14108265603435055
